"Domain","SettingName","Class","Key","ValueName","ValueType","ChildKey","ChildValue","Category","SupportedOn","AdmxFile"
"Local","LiveCaptionEnabled","Both","Software\Policies\Google\Chrome","LiveCaptionEnabled","Enabled/DisabledValue","","Enabled: 1; Disabled: 0","Accessibility","SUPPORTED_WIN7","chrome.admx"
"Local","LiveTranslateEnabled","Both","Software\Policies\Google\Chrome","LiveTranslateEnabled","Enabled/DisabledValue","","Enabled: 1; Disabled: 0","Accessibility","SUPPORTED_WIN7","chrome.admx"
"Local","UiAutomationProviderEnabled","Both","Software\Policies\Google\Chrome","UiAutomationProviderEnabled","Enabled/DisabledValue","","Enabled: 1; Disabled: 0","Accessibility","SUPPORTED_WIN7","chrome.admx"
"Local","LiveCaptionEnabled_recommended","Both","Software\Policies\Google\Chrome\Recommended","LiveCaptionEnabled","Enabled/DisabledValue","","Enabled: 1; Disabled: 0","Accessibility_recommended","SUPPORTED_WIN7","chrome.admx"
"Local","LiveTranslateEnabled_recommended","Both","Software\Policies\Google\Chrome\Recommended","LiveTranslateEnabled","Enabled/DisabledValue","","Enabled: 1; Disabled: 0","Accessibility_recommended","SUPPORTED_WIN7","chrome.admx"
"Local","SameOriginTabCaptureAllowedByOrigins","Both","Software\Policies\Google\Chrome","SameOriginTabCaptureAllowedByOrigins","List","Software\Policies\Google\Chrome\SameOriginTabCaptureAllowedByOrigins","SameOriginTabCaptureAllowedByOriginsDesc","ScreenCapture","SUPPORTED_WIN7","chrome.admx"
"Local","ScreenCaptureAllowed","Both","Software\Policies\Google\Chrome","ScreenCaptureAllowed","Enabled/DisabledValue","","Enabled: 1; Disabled: 0","ScreenCapture","SUPPORTED_WIN7","chrome.admx"
"Local","ScreenCaptureAllowedByOrigins","Both","Software\Policies\Google\Chrome","ScreenCaptureAllowedByOrigins","List","Software\Policies\Google\Chrome\ScreenCaptureAllowedByOrigins","ScreenCaptureAllowedByOriginsDesc","ScreenCapture","SUPPORTED_WIN7","chrome.admx"
"Local","TabCaptureAllowedByOrigins","Both","Software\Policies\Google\Chrome","TabCaptureAllowedByOrigins","List","Software\Policies\Google\Chrome\TabCaptureAllowedByOrigins","TabCaptureAllowedByOriginsDesc","ScreenCapture","SUPPORTED_WIN7","chrome.admx"
"Local","WindowCaptureAllowedByOrigins","Both","Software\Policies\Google\Chrome","WindowCaptureAllowedByOrigins","List","Software\Policies\Google\Chrome\WindowCaptureAllowedByOrigins","WindowCaptureAllowedByOriginsDesc","ScreenCapture","SUPPORTED_WIN7","chrome.admx"
"Local","CACertificateManagementAllowed","Both","Software\Policies\Google\Chrome","CACertificateManagementAllowed","Dropdown","CACertificateManagementAllowed","CACertificateManagementAllowed","CertificateManagement","SUPPORTED_WIN7","chrome.admx"
"Local","CACertificates","Both","Software\Policies\Google\Chrome","CACertificates","List","Software\Policies\Google\Chrome\CACertificates","CACertificatesDesc","CertificateManagement","SUPPORTED_WIN7","chrome.admx"
"Local","CACertificatesWithConstraints","Both","Software\Policies\Google\Chrome","CACertificatesWithConstraints","TextBox","CACertificatesWithConstraints","CACertificatesWithConstraints","CertificateManagement","SUPPORTED_WIN7","chrome.admx"
"Local","CADistrustedCertificates","Both","Software\Policies\Google\Chrome","CADistrustedCertificates","List","Software\Policies\Google\Chrome\CADistrustedCertificates","CADistrustedCertificatesDesc","CertificateManagement","SUPPORTED_WIN7","chrome.admx"
"Local","CAHintCertificates","Both","Software\Policies\Google\Chrome","CAHintCertificates","List","Software\Policies\Google\Chrome\CAHintCertificates","CAHintCertificatesDesc","CertificateManagement","SUPPORTED_WIN7","chrome.admx"
"Local","CAPlatformIntegrationEnabled","Both","Software\Policies\Google\Chrome","CAPlatformIntegrationEnabled","Enabled/DisabledValue","","Enabled: 1; Disabled: 0","CertificateManagement","SUPPORTED_WIN7","chrome.admx"
"Local","AutoSelectCertificateForUrls","Both","Software\Policies\Google\Chrome","AutoSelectCertificateForUrls","List","Software\Policies\Google\Chrome\AutoSelectCertificateForUrls","AutoSelectCertificateForUrlsDesc","ContentSettings","SUPPORTED_WIN7","chrome.admx"
"Local","AutomaticFullscreenAllowedForUrls","Both","Software\Policies\Google\Chrome","AutomaticFullscreenAllowedForUrls","List","Software\Policies\Google\Chrome\AutomaticFullscreenAllowedForUrls","AutomaticFullscreenAllowedForUrlsDesc","ContentSettings","SUPPORTED_WIN7","chrome.admx"
"Local","AutomaticFullscreenBlockedForUrls","Both","Software\Policies\Google\Chrome","AutomaticFullscreenBlockedForUrls","List","Software\Policies\Google\Chrome\AutomaticFullscreenBlockedForUrls","AutomaticFullscreenBlockedForUrlsDesc","ContentSettings","SUPPORTED_WIN7","chrome.admx"
"Local","ClipboardAllowedForUrls","Both","Software\Policies\Google\Chrome","ClipboardAllowedForUrls","List","Software\Policies\Google\Chrome\ClipboardAllowedForUrls","ClipboardAllowedForUrlsDesc","ContentSettings","SUPPORTED_WIN7","chrome.admx"
"Local","ClipboardBlockedForUrls","Both","Software\Policies\Google\Chrome","ClipboardBlockedForUrls","List","Software\Policies\Google\Chrome\ClipboardBlockedForUrls","ClipboardBlockedForUrlsDesc","ContentSettings","SUPPORTED_WIN7","chrome.admx"
"Local","CookiesAllowedForUrls","Both","Software\Policies\Google\Chrome","CookiesAllowedForUrls","List","Software\Policies\Google\Chrome\CookiesAllowedForUrls","CookiesAllowedForUrlsDesc","ContentSettings","SUPPORTED_WIN7","chrome.admx"
"Local","CookiesBlockedForUrls","Both","Software\Policies\Google\Chrome","CookiesBlockedForUrls","List","Software\Policies\Google\Chrome\CookiesBlockedForUrls","CookiesBlockedForUrlsDesc","ContentSettings","SUPPORTED_WIN7","chrome.admx"
"Local","CookiesSessionOnlyForUrls","Both","Software\Policies\Google\Chrome","CookiesSessionOnlyForUrls","List","Software\Policies\Google\Chrome\CookiesSessionOnlyForUrls","CookiesSessionOnlyForUrlsDesc","ContentSettings","SUPPORTED_WIN7","chrome.admx"
"Local","DataUrlInSvgUseEnabled","Both","Software\Policies\Google\Chrome","DataUrlInSvgUseEnabled","Enabled/DisabledValue","","Enabled: 1; Disabled: 0","ContentSettings","SUPPORTED_WIN7","chrome.admx"
"Local","DefaultClipboardSetting","Both","Software\Policies\Google\Chrome","DefaultClipboardSetting","Dropdown","DefaultClipboardSetting","DefaultClipboardSetting","ContentSettings","SUPPORTED_WIN7","chrome.admx"
"Local","DefaultCookiesSetting","Both","Software\Policies\Google\Chrome","DefaultCookiesSetting","Dropdown","DefaultCookiesSetting","DefaultCookiesSetting","ContentSettings","SUPPORTED_WIN7","chrome.admx"
"Local","DefaultFileSystemReadGuardSetting","Both","Software\Policies\Google\Chrome","DefaultFileSystemReadGuardSetting","Dropdown","DefaultFileSystemReadGuardSetting","DefaultFileSystemReadGuardSetting","ContentSettings","SUPPORTED_WIN7","chrome.admx"
"Local","DefaultFileSystemWriteGuardSetting","Both","Software\Policies\Google\Chrome","DefaultFileSystemWriteGuardSetting","Dropdown","DefaultFileSystemWriteGuardSetting","DefaultFileSystemWriteGuardSetting","ContentSettings","SUPPORTED_WIN7","chrome.admx"
"Local","DefaultGeolocationSetting","Both","Software\Policies\Google\Chrome","DefaultGeolocationSetting","Dropdown","DefaultGeolocationSetting","DefaultGeolocationSetting","ContentSettings","SUPPORTED_WIN7","chrome.admx"
"Local","DefaultImagesSetting","Both","Software\Policies\Google\Chrome","DefaultImagesSetting","Dropdown","DefaultImagesSetting","DefaultImagesSetting","ContentSettings","SUPPORTED_WIN7","chrome.admx"
"Local","DefaultInsecureContentSetting","Both","Software\Policies\Google\Chrome","DefaultInsecureContentSetting","Dropdown","DefaultInsecureContentSetting","DefaultInsecureContentSetting","ContentSettings","SUPPORTED_WIN7","chrome.admx"
"Local","DefaultJavaScriptJitSetting","Both","Software\Policies\Google\Chrome","DefaultJavaScriptJitSetting","Dropdown","DefaultJavaScriptJitSetting","DefaultJavaScriptJitSetting","ContentSettings","SUPPORTED_WIN7","chrome.admx"
"Local","DefaultJavaScriptOptimizerSetting","Both","Software\Policies\Google\Chrome","DefaultJavaScriptOptimizerSetting","Dropdown","DefaultJavaScriptOptimizerSetting","DefaultJavaScriptOptimizerSetting","ContentSettings","SUPPORTED_WIN7","chrome.admx"
"Local","DefaultJavaScriptSetting","Both","Software\Policies\Google\Chrome","DefaultJavaScriptSetting","Dropdown","DefaultJavaScriptSetting","DefaultJavaScriptSetting","ContentSettings","SUPPORTED_WIN7","chrome.admx"
"Local","DefaultLocalFontsSetting","Both","Software\Policies\Google\Chrome","DefaultLocalFontsSetting","Dropdown","DefaultLocalFontsSetting","DefaultLocalFontsSetting","ContentSettings","SUPPORTED_WIN7","chrome.admx"
"Local","DefaultNotificationsSetting","Both","Software\Policies\Google\Chrome","DefaultNotificationsSetting","Dropdown","DefaultNotificationsSetting","DefaultNotificationsSetting","ContentSettings","SUPPORTED_WIN7","chrome.admx"
"Local","DefaultPopupsSetting","Both","Software\Policies\Google\Chrome","DefaultPopupsSetting","Dropdown","DefaultPopupsSetting","DefaultPopupsSetting","ContentSettings","SUPPORTED_WIN7","chrome.admx"
"Local","DefaultSensorsSetting","Both","Software\Policies\Google\Chrome","DefaultSensorsSetting","Dropdown","DefaultSensorsSetting","DefaultSensorsSetting","ContentSettings","SUPPORTED_WIN7","chrome.admx"
"Local","DefaultSerialGuardSetting","Both","Software\Policies\Google\Chrome","DefaultSerialGuardSetting","Dropdown","DefaultSerialGuardSetting","DefaultSerialGuardSetting","ContentSettings","SUPPORTED_WIN7","chrome.admx"
"Local","DefaultWebBluetoothGuardSetting","Both","Software\Policies\Google\Chrome","DefaultWebBluetoothGuardSetting","Dropdown","DefaultWebBluetoothGuardSetting","DefaultWebBluetoothGuardSetting","ContentSettings","SUPPORTED_WIN7","chrome.admx"
"Local","DefaultWebHidGuardSetting","Both","Software\Policies\Google\Chrome","DefaultWebHidGuardSetting","Dropdown","DefaultWebHidGuardSetting","DefaultWebHidGuardSetting","ContentSettings","SUPPORTED_WIN7","chrome.admx"
"Local","DefaultWebUsbGuardSetting","Both","Software\Policies\Google\Chrome","DefaultWebUsbGuardSetting","Dropdown","DefaultWebUsbGuardSetting","DefaultWebUsbGuardSetting","ContentSettings","SUPPORTED_WIN7","chrome.admx"
"Local","DefaultWindowManagementSetting","Both","Software\Policies\Google\Chrome","DefaultWindowManagementSetting","Dropdown","DefaultWindowManagementSetting","DefaultWindowManagementSetting","ContentSettings","SUPPORTED_WIN7","chrome.admx"
"Local","FileSystemReadAskForUrls","Both","Software\Policies\Google\Chrome","FileSystemReadAskForUrls","List","Software\Policies\Google\Chrome\FileSystemReadAskForUrls","FileSystemReadAskForUrlsDesc","ContentSettings","SUPPORTED_WIN7","chrome.admx"
"Local","FileSystemReadBlockedForUrls","Both","Software\Policies\Google\Chrome","FileSystemReadBlockedForUrls","List","Software\Policies\Google\Chrome\FileSystemReadBlockedForUrls","FileSystemReadBlockedForUrlsDesc","ContentSettings","SUPPORTED_WIN7","chrome.admx"
"Local","FileSystemWriteAskForUrls","Both","Software\Policies\Google\Chrome","FileSystemWriteAskForUrls","List","Software\Policies\Google\Chrome\FileSystemWriteAskForUrls","FileSystemWriteAskForUrlsDesc","ContentSettings","SUPPORTED_WIN7","chrome.admx"
"Local","FileSystemWriteBlockedForUrls","Both","Software\Policies\Google\Chrome","FileSystemWriteBlockedForUrls","List","Software\Policies\Google\Chrome\FileSystemWriteBlockedForUrls","FileSystemWriteBlockedForUrlsDesc","ContentSettings","SUPPORTED_WIN7","chrome.admx"
"Local","ImagesAllowedForUrls","Both","Software\Policies\Google\Chrome","ImagesAllowedForUrls","List","Software\Policies\Google\Chrome\ImagesAllowedForUrls","ImagesAllowedForUrlsDesc","ContentSettings","SUPPORTED_WIN7","chrome.admx"
"Local","ImagesBlockedForUrls","Both","Software\Policies\Google\Chrome","ImagesBlockedForUrls","List","Software\Policies\Google\Chrome\ImagesBlockedForUrls","ImagesBlockedForUrlsDesc","ContentSettings","SUPPORTED_WIN7","chrome.admx"
"Local","InsecureContentAllowedForUrls","Both","Software\Policies\Google\Chrome","InsecureContentAllowedForUrls","List","Software\Policies\Google\Chrome\InsecureContentAllowedForUrls","InsecureContentAllowedForUrlsDesc","ContentSettings","SUPPORTED_WIN7","chrome.admx"
"Local","InsecureContentBlockedForUrls","Both","Software\Policies\Google\Chrome","InsecureContentBlockedForUrls","List","Software\Policies\Google\Chrome\InsecureContentBlockedForUrls","InsecureContentBlockedForUrlsDesc","ContentSettings","SUPPORTED_WIN7","chrome.admx"
"Local","JavaScriptAllowedForUrls","Both","Software\Policies\Google\Chrome","JavaScriptAllowedForUrls","List","Software\Policies\Google\Chrome\JavaScriptAllowedForUrls","JavaScriptAllowedForUrlsDesc","ContentSettings","SUPPORTED_WIN7","chrome.admx"
"Local","JavaScriptBlockedForUrls","Both","Software\Policies\Google\Chrome","JavaScriptBlockedForUrls","List","Software\Policies\Google\Chrome\JavaScriptBlockedForUrls","JavaScriptBlockedForUrlsDesc","ContentSettings","SUPPORTED_WIN7","chrome.admx"
"Local","JavaScriptJitAllowedForSites","Both","Software\Policies\Google\Chrome","JavaScriptJitAllowedForSites","List","Software\Policies\Google\Chrome\JavaScriptJitAllowedForSites","JavaScriptJitAllowedForSitesDesc","ContentSettings","SUPPORTED_WIN7","chrome.admx"
"Local","JavaScriptJitBlockedForSites","Both","Software\Policies\Google\Chrome","JavaScriptJitBlockedForSites","List","Software\Policies\Google\Chrome\JavaScriptJitBlockedForSites","JavaScriptJitBlockedForSitesDesc","ContentSettings","SUPPORTED_WIN7","chrome.admx"
"Local","JavaScriptOptimizerAllowedForSites","Both","Software\Policies\Google\Chrome","JavaScriptOptimizerAllowedForSites","List","Software\Policies\Google\Chrome\JavaScriptOptimizerAllowedForSites","JavaScriptOptimizerAllowedForSitesDesc","ContentSettings","SUPPORTED_WIN7","chrome.admx"
"Local","JavaScriptOptimizerBlockedForSites","Both","Software\Policies\Google\Chrome","JavaScriptOptimizerBlockedForSites","List","Software\Policies\Google\Chrome\JavaScriptOptimizerBlockedForSites","JavaScriptOptimizerBlockedForSitesDesc","ContentSettings","SUPPORTED_WIN7","chrome.admx"
"Local","LocalFontsAllowedForUrls","Both","Software\Policies\Google\Chrome","LocalFontsAllowedForUrls","List","Software\Policies\Google\Chrome\LocalFontsAllowedForUrls","LocalFontsAllowedForUrlsDesc","ContentSettings","SUPPORTED_WIN7","chrome.admx"
"Local","LocalFontsBlockedForUrls","Both","Software\Policies\Google\Chrome","LocalFontsBlockedForUrls","List","Software\Policies\Google\Chrome\LocalFontsBlockedForUrls","LocalFontsBlockedForUrlsDesc","ContentSettings","SUPPORTED_WIN7","chrome.admx"
"Local","NotificationsAllowedForUrls","Both","Software\Policies\Google\Chrome","NotificationsAllowedForUrls","List","Software\Policies\Google\Chrome\NotificationsAllowedForUrls","NotificationsAllowedForUrlsDesc","ContentSettings","SUPPORTED_WIN7","chrome.admx"
"Local","NotificationsBlockedForUrls","Both","Software\Policies\Google\Chrome","NotificationsBlockedForUrls","List","Software\Policies\Google\Chrome\NotificationsBlockedForUrls","NotificationsBlockedForUrlsDesc","ContentSettings","SUPPORTED_WIN7","chrome.admx"
"Local","PartitionedBlobUrlUsage","Both","Software\Policies\Google\Chrome","PartitionedBlobUrlUsage","Enabled/DisabledValue","","Enabled: 1; Disabled: 0","ContentSettings","SUPPORTED_WIN7","chrome.admx"
"Local","PdfLocalFileAccessAllowedForDomains","Both","Software\Policies\Google\Chrome","PdfLocalFileAccessAllowedForDomains","List","Software\Policies\Google\Chrome\PdfLocalFileAccessAllowedForDomains","PdfLocalFileAccessAllowedForDomainsDesc","ContentSettings","SUPPORTED_WIN7","chrome.admx"
"Local","PopupsAllowedForUrls","Both","Software\Policies\Google\Chrome","PopupsAllowedForUrls","List","Software\Policies\Google\Chrome\PopupsAllowedForUrls","PopupsAllowedForUrlsDesc","ContentSettings","SUPPORTED_WIN7","chrome.admx"
"Local","PopupsBlockedForUrls","Both","Software\Policies\Google\Chrome","PopupsBlockedForUrls","List","Software\Policies\Google\Chrome\PopupsBlockedForUrls","PopupsBlockedForUrlsDesc","ContentSettings","SUPPORTED_WIN7","chrome.admx"
"Local","SensorsAllowedForUrls","Both","Software\Policies\Google\Chrome","SensorsAllowedForUrls","List","Software\Policies\Google\Chrome\SensorsAllowedForUrls","SensorsAllowedForUrlsDesc","ContentSettings","SUPPORTED_WIN7","chrome.admx"
"Local","SensorsBlockedForUrls","Both","Software\Policies\Google\Chrome","SensorsBlockedForUrls","List","Software\Policies\Google\Chrome\SensorsBlockedForUrls","SensorsBlockedForUrlsDesc","ContentSettings","SUPPORTED_WIN7","chrome.admx"
"Local","SerialAllowAllPortsForUrls","Both","Software\Policies\Google\Chrome","SerialAllowAllPortsForUrls","List","Software\Policies\Google\Chrome\SerialAllowAllPortsForUrls","SerialAllowAllPortsForUrlsDesc","ContentSettings","SUPPORTED_WIN7","chrome.admx"
"Local","SerialAllowUsbDevicesForUrls","Both","Software\Policies\Google\Chrome","SerialAllowUsbDevicesForUrls","TextBox","SerialAllowUsbDevicesForUrls","SerialAllowUsbDevicesForUrls","ContentSettings","SUPPORTED_WIN7","chrome.admx"
"Local","SerialAskForUrls","Both","Software\Policies\Google\Chrome","SerialAskForUrls","List","Software\Policies\Google\Chrome\SerialAskForUrls","SerialAskForUrlsDesc","ContentSettings","SUPPORTED_WIN7","chrome.admx"
"Local","SerialBlockedForUrls","Both","Software\Policies\Google\Chrome","SerialBlockedForUrls","List","Software\Policies\Google\Chrome\SerialBlockedForUrls","SerialBlockedForUrlsDesc","ContentSettings","SUPPORTED_WIN7","chrome.admx"
"Local","WebHidAllowAllDevicesForUrls","Both","Software\Policies\Google\Chrome","WebHidAllowAllDevicesForUrls","List","Software\Policies\Google\Chrome\WebHidAllowAllDevicesForUrls","WebHidAllowAllDevicesForUrlsDesc","ContentSettings","SUPPORTED_WIN7","chrome.admx"
"Local","WebHidAllowDevicesForUrls","Both","Software\Policies\Google\Chrome","WebHidAllowDevicesForUrls","TextBox","WebHidAllowDevicesForUrls","WebHidAllowDevicesForUrls","ContentSettings","SUPPORTED_WIN7","chrome.admx"
"Local","WebHidAllowDevicesWithHidUsagesForUrls","Both","Software\Policies\Google\Chrome","WebHidAllowDevicesWithHidUsagesForUrls","TextBox","WebHidAllowDevicesWithHidUsagesForUrls","WebHidAllowDevicesWithHidUsagesForUrls","ContentSettings","SUPPORTED_WIN7","chrome.admx"
"Local","WebHidAskForUrls","Both","Software\Policies\Google\Chrome","WebHidAskForUrls","List","Software\Policies\Google\Chrome\WebHidAskForUrls","WebHidAskForUrlsDesc","ContentSettings","SUPPORTED_WIN7","chrome.admx"
"Local","WebHidBlockedForUrls","Both","Software\Policies\Google\Chrome","WebHidBlockedForUrls","List","Software\Policies\Google\Chrome\WebHidBlockedForUrls","WebHidBlockedForUrlsDesc","ContentSettings","SUPPORTED_WIN7","chrome.admx"
"Local","WebUsbAllowDevicesForUrls","Both","Software\Policies\Google\Chrome","WebUsbAllowDevicesForUrls","TextBox","WebUsbAllowDevicesForUrls","WebUsbAllowDevicesForUrls","ContentSettings","SUPPORTED_WIN7","chrome.admx"
"Local","WebUsbAskForUrls","Both","Software\Policies\Google\Chrome","WebUsbAskForUrls","List","Software\Policies\Google\Chrome\WebUsbAskForUrls","WebUsbAskForUrlsDesc","ContentSettings","SUPPORTED_WIN7","chrome.admx"
"Local","WebUsbBlockedForUrls","Both","Software\Policies\Google\Chrome","WebUsbBlockedForUrls","List","Software\Policies\Google\Chrome\WebUsbBlockedForUrls","WebUsbBlockedForUrlsDesc","ContentSettings","SUPPORTED_WIN7","chrome.admx"
"Local","WindowManagementAllowedForUrls","Both","Software\Policies\Google\Chrome","WindowManagementAllowedForUrls","List","Software\Policies\Google\Chrome\WindowManagementAllowedForUrls","WindowManagementAllowedForUrlsDesc","ContentSettings","SUPPORTED_WIN7","chrome.admx"
"Local","WindowManagementBlockedForUrls","Both","Software\Policies\Google\Chrome","WindowManagementBlockedForUrls","List","Software\Policies\Google\Chrome\WindowManagementBlockedForUrls","WindowManagementBlockedForUrlsDesc","ContentSettings","SUPPORTED_WIN7","chrome.admx"
"Local","RegisteredProtocolHandlers_recommended","Both","Software\Policies\Google\Chrome\Recommended","RegisteredProtocolHandlers_recommended","TextBox","RegisteredProtocolHandlers","RegisteredProtocolHandlers","ContentSettings_recommended","SUPPORTED_WIN7","chrome.admx"
"Local","DefaultSearchProviderAlternateURLs","Both","Software\Policies\Google\Chrome","DefaultSearchProviderAlternateURLs","List","Software\Policies\Google\Chrome\DefaultSearchProviderAlternateURLs","DefaultSearchProviderAlternateURLsDesc","DefaultSearchProvider","SUPPORTED_WIN7","chrome.admx"
"Local","DefaultSearchProviderEnabled","Both","Software\Policies\Google\Chrome","DefaultSearchProviderEnabled","Enabled/DisabledValue","","Enabled: 1; Disabled: 0","DefaultSearchProvider","SUPPORTED_WIN7","chrome.admx"
"Local","DefaultSearchProviderEncodings","Both","Software\Policies\Google\Chrome","DefaultSearchProviderEncodings","List","Software\Policies\Google\Chrome\DefaultSearchProviderEncodings","DefaultSearchProviderEncodingsDesc","DefaultSearchProvider","SUPPORTED_WIN7","chrome.admx"
"Local","DefaultSearchProviderImageURL","Both","Software\Policies\Google\Chrome","DefaultSearchProviderImageURL","TextBox","DefaultSearchProviderImageURL","DefaultSearchProviderImageURL","DefaultSearchProvider","SUPPORTED_WIN7","chrome.admx"
"Local","DefaultSearchProviderImageURLPostParams","Both","Software\Policies\Google\Chrome","DefaultSearchProviderImageURLPostParams","TextBox","DefaultSearchProviderImageURLPostParams","DefaultSearchProviderImageURLPostParams","DefaultSearchProvider","SUPPORTED_WIN7","chrome.admx"
"Local","DefaultSearchProviderKeyword","Both","Software\Policies\Google\Chrome","DefaultSearchProviderKeyword","TextBox","DefaultSearchProviderKeyword","DefaultSearchProviderKeyword","DefaultSearchProvider","SUPPORTED_WIN7","chrome.admx"
"Local","DefaultSearchProviderName","Both","Software\Policies\Google\Chrome","DefaultSearchProviderName","TextBox","DefaultSearchProviderName","DefaultSearchProviderName","DefaultSearchProvider","SUPPORTED_WIN7","chrome.admx"
"Local","DefaultSearchProviderNewTabURL","Both","Software\Policies\Google\Chrome","DefaultSearchProviderNewTabURL","TextBox","DefaultSearchProviderNewTabURL","DefaultSearchProviderNewTabURL","DefaultSearchProvider","SUPPORTED_WIN7","chrome.admx"
"Local","DefaultSearchProviderSearchURL","Both","Software\Policies\Google\Chrome","DefaultSearchProviderSearchURL","TextBox","DefaultSearchProviderSearchURL","DefaultSearchProviderSearchURL","DefaultSearchProvider","SUPPORTED_WIN7","chrome.admx"
"Local","DefaultSearchProviderSearchURLPostParams","Both","Software\Policies\Google\Chrome","DefaultSearchProviderSearchURLPostParams","TextBox","DefaultSearchProviderSearchURLPostParams","DefaultSearchProviderSearchURLPostParams","DefaultSearchProvider","SUPPORTED_WIN7","chrome.admx"
"Local","DefaultSearchProviderSuggestURL","Both","Software\Policies\Google\Chrome","DefaultSearchProviderSuggestURL","TextBox","DefaultSearchProviderSuggestURL","DefaultSearchProviderSuggestURL","DefaultSearchProvider","SUPPORTED_WIN7","chrome.admx"
"Local","DefaultSearchProviderSuggestURLPostParams","Both","Software\Policies\Google\Chrome","DefaultSearchProviderSuggestURLPostParams","TextBox","DefaultSearchProviderSuggestURLPostParams","DefaultSearchProviderSuggestURLPostParams","DefaultSearchProvider","SUPPORTED_WIN7","chrome.admx"
"Local","DefaultSearchProviderAlternateURLs_recommended","Both","Software\Policies\Google\Chrome\Recommended","DefaultSearchProviderAlternateURLs_recommended","List","Software\Policies\Google\Chrome\Recommended\DefaultSearchProviderAlternateURLs","DefaultSearchProviderAlternateURLsDesc","DefaultSearchProvider_recommended","SUPPORTED_WIN7","chrome.admx"
"Local","DefaultSearchProviderEnabled_recommended","Both","Software\Policies\Google\Chrome\Recommended","DefaultSearchProviderEnabled","Enabled/DisabledValue","","Enabled: 1; Disabled: 0","DefaultSearchProvider_recommended","SUPPORTED_WIN7","chrome.admx"
"Local","DefaultSearchProviderEncodings_recommended","Both","Software\Policies\Google\Chrome\Recommended","DefaultSearchProviderEncodings_recommended","List","Software\Policies\Google\Chrome\Recommended\DefaultSearchProviderEncodings","DefaultSearchProviderEncodingsDesc","DefaultSearchProvider_recommended","SUPPORTED_WIN7","chrome.admx"
"Local","DefaultSearchProviderImageURL_recommended","Both","Software\Policies\Google\Chrome\Recommended","DefaultSearchProviderImageURL_recommended","TextBox","DefaultSearchProviderImageURL","DefaultSearchProviderImageURL","DefaultSearchProvider_recommended","SUPPORTED_WIN7","chrome.admx"
"Local","DefaultSearchProviderImageURLPostParams_recommended","Both","Software\Policies\Google\Chrome\Recommended","DefaultSearchProviderImageURLPostParams_recommended","TextBox","DefaultSearchProviderImageURLPostParams","DefaultSearchProviderImageURLPostParams","DefaultSearchProvider_recommended","SUPPORTED_WIN7","chrome.admx"
"Local","DefaultSearchProviderKeyword_recommended","Both","Software\Policies\Google\Chrome\Recommended","DefaultSearchProviderKeyword_recommended","TextBox","DefaultSearchProviderKeyword","DefaultSearchProviderKeyword","DefaultSearchProvider_recommended","SUPPORTED_WIN7","chrome.admx"
"Local","DefaultSearchProviderName_recommended","Both","Software\Policies\Google\Chrome\Recommended","DefaultSearchProviderName_recommended","TextBox","DefaultSearchProviderName","DefaultSearchProviderName","DefaultSearchProvider_recommended","SUPPORTED_WIN7","chrome.admx"
"Local","DefaultSearchProviderNewTabURL_recommended","Both","Software\Policies\Google\Chrome\Recommended","DefaultSearchProviderNewTabURL_recommended","TextBox","DefaultSearchProviderNewTabURL","DefaultSearchProviderNewTabURL","DefaultSearchProvider_recommended","SUPPORTED_WIN7","chrome.admx"
"Local","DefaultSearchProviderSearchURL_recommended","Both","Software\Policies\Google\Chrome\Recommended","DefaultSearchProviderSearchURL_recommended","TextBox","DefaultSearchProviderSearchURL","DefaultSearchProviderSearchURL","DefaultSearchProvider_recommended","SUPPORTED_WIN7","chrome.admx"
"Local","DefaultSearchProviderSearchURLPostParams_recommended","Both","Software\Policies\Google\Chrome\Recommended","DefaultSearchProviderSearchURLPostParams_recommended","TextBox","DefaultSearchProviderSearchURLPostParams","DefaultSearchProviderSearchURLPostParams","DefaultSearchProvider_recommended","SUPPORTED_WIN7","chrome.admx"
"Local","DefaultSearchProviderSuggestURL_recommended","Both","Software\Policies\Google\Chrome\Recommended","DefaultSearchProviderSuggestURL_recommended","TextBox","DefaultSearchProviderSuggestURL","DefaultSearchProviderSuggestURL","DefaultSearchProvider_recommended","SUPPORTED_WIN7","chrome.admx"
"Local","DefaultSearchProviderSuggestURLPostParams_recommended","Both","Software\Policies\Google\Chrome\Recommended","DefaultSearchProviderSuggestURLPostParams_recommended","TextBox","DefaultSearchProviderSuggestURLPostParams","DefaultSearchProviderSuggestURLPostParams","DefaultSearchProvider_recommended","SUPPORTED_WIN7","chrome.admx"
"Local","DefaultMediaStreamSetting","Both","Software\Policies\Google\Chrome","DefaultMediaStreamSetting","Dropdown","DefaultMediaStreamSetting","DefaultMediaStreamSetting","DeprecatedPolicies","SUPPORTED_WIN7","chrome.admx"
"Local","DefaultThirdPartyStoragePartitioningSetting","Both","Software\Policies\Google\Chrome","DefaultThirdPartyStoragePartitioningSetting","Dropdown","DefaultThirdPartyStoragePartitioningSetting","DefaultThirdPartyStoragePartitioningSetting","DeprecatedPolicies","SUPPORTED_WIN7","chrome.admx"
"Local","DefaultWindowPlacementSetting","Both","Software\Policies\Google\Chrome","DefaultWindowPlacementSetting","Dropdown","DefaultWindowPlacementSetting","DefaultWindowPlacementSetting","DeprecatedPolicies","SUPPORTED_WIN7","chrome.admx"
"Local","ThirdPartyStoragePartitioningBlockedForOrigins","Both","Software\Policies\Google\Chrome","ThirdPartyStoragePartitioningBlockedForOrigins","List","Software\Policies\Google\Chrome\ThirdPartyStoragePartitioningBlockedForOrigins","ThirdPartyStoragePartitioningBlockedForOriginsDesc","DeprecatedPolicies","SUPPORTED_WIN7","chrome.admx"
"Local","WindowPlacementAllowedForUrls","Both","Software\Policies\Google\Chrome","WindowPlacementAllowedForUrls","List","Software\Policies\Google\Chrome\WindowPlacementAllowedForUrls","WindowPlacementAllowedForUrlsDesc","DeprecatedPolicies","SUPPORTED_WIN7","chrome.admx"
"Local","WindowPlacementBlockedForUrls","Both","Software\Policies\Google\Chrome","WindowPlacementBlockedForUrls","List","Software\Policies\Google\Chrome\WindowPlacementBlockedForUrls","WindowPlacementBlockedForUrlsDesc","DeprecatedPolicies","SUPPORTED_WIN7","chrome.admx"
"Local","AutoFillEnabled","Both","Software\Policies\Google\Chrome","AutoFillEnabled","Enabled/DisabledValue","","Enabled: 1; Disabled: 0","DeprecatedPolicies","SUPPORTED_WIN7","chrome.admx"
"Local","DeveloperToolsDisabled","Both","Software\Policies\Google\Chrome","DeveloperToolsDisabled","Enabled/DisabledValue","","Enabled: 1; Disabled: 0","DeprecatedPolicies","SUPPORTED_WIN7","chrome.admx"
"Local","DisabledSchemes","Both","Software\Policies\Google\Chrome","DisabledSchemes","List","Software\Policies\Google\Chrome\DisabledSchemes","DisabledSchemesDesc","DeprecatedPolicies","SUPPORTED_WIN7","chrome.admx"
"Local","ForceBrowserSignin","Both","Software\Policies\Google\Chrome","ForceBrowserSignin","Enabled/DisabledValue","","Enabled: 1; Disabled: 0","DeprecatedPolicies","SUPPORTED_WIN7","chrome.admx"
"Local","ForceSafeSearch","Both","Software\Policies\Google\Chrome","ForceSafeSearch","Enabled/DisabledValue","","Enabled: 1; Disabled: 0","DeprecatedPolicies","SUPPORTED_WIN7","chrome.admx"
"Local","ForceYouTubeSafetyMode","Both","Software\Policies\Google\Chrome","ForceYouTubeSafetyMode","Enabled/DisabledValue","","Enabled: 1; Disabled: 0","DeprecatedPolicies","SUPPORTED_WIN7","chrome.admx"
"Local","IncognitoEnabled","Both","Software\Policies\Google\Chrome","IncognitoEnabled","Enabled/DisabledValue","","Enabled: 1; Disabled: 0","DeprecatedPolicies","SUPPORTED_WIN7","chrome.admx"
"Local","InsecureFormsWarningsEnabled","Both","Software\Policies\Google\Chrome","InsecureFormsWarningsEnabled","Enabled/DisabledValue","","Enabled: 1; Disabled: 0","DeprecatedPolicies","SUPPORTED_WIN7","chrome.admx"
"Local","JavascriptEnabled","Both","Software\Policies\Google\Chrome","JavascriptEnabled","Enabled/DisabledValue","","Enabled: 1; Disabled: 0","DeprecatedPolicies","SUPPORTED_WIN7","chrome.admx"
"Local","PromotionalTabsEnabled","Both","Software\Policies\Google\Chrome","PromotionalTabsEnabled","Enabled/DisabledValue","","Enabled: 1; Disabled: 0","DeprecatedPolicies","SUPPORTED_WIN7","chrome.admx"
"Local","RendererCodeIntegrityEnabled","Both","Software\Policies\Google\Chrome","RendererCodeIntegrityEnabled","Enabled/DisabledValue","","Enabled: 1; Disabled: 0","DeprecatedPolicies","SUPPORTED_WIN7","chrome.admx"
"Local","SigninAllowed","Both","Software\Policies\Google\Chrome","SigninAllowed","Enabled/DisabledValue","","Enabled: 1; Disabled: 0","DeprecatedPolicies","SUPPORTED_WIN7","chrome.admx"
"Local","UnsafelyTreatInsecureOriginAsSecure","Both","Software\Policies\Google\Chrome","UnsafelyTreatInsecureOriginAsSecure","List","Software\Policies\Google\Chrome\UnsafelyTreatInsecureOriginAsSecure","UnsafelyTreatInsecureOriginAsSecureDesc","DeprecatedPolicies","SUPPORTED_WIN7","chrome.admx"
"Local","UserAgentReduction","Both","Software\Policies\Google\Chrome","UserAgentReduction","Dropdown","UserAgentReduction","UserAgentReduction","DeprecatedPolicies","SUPPORTED_WIN7","chrome.admx"
"Local","ProxyBypassList","Both","Software\Policies\Google\Chrome","ProxyBypassList","TextBox","ProxyBypassList","ProxyBypassList","DeprecatedPolicies","SUPPORTED_WIN7","chrome.admx"
"Local","ProxyMode","Both","Software\Policies\Google\Chrome","ProxyMode","Dropdown","ProxyMode","ProxyMode","DeprecatedPolicies","SUPPORTED_WIN7","chrome.admx"
"Local","ProxyPacUrl","Both","Software\Policies\Google\Chrome","ProxyPacUrl","TextBox","ProxyPacUrl","ProxyPacUrl","DeprecatedPolicies","SUPPORTED_WIN7","chrome.admx"
"Local","ProxyServer","Both","Software\Policies\Google\Chrome","ProxyServer","TextBox","ProxyServer","ProxyServer","DeprecatedPolicies","SUPPORTED_WIN7","chrome.admx"
"Local","ProxyServerMode","Both","Software\Policies\Google\Chrome","ProxyServerMode","Dropdown","ProxyServerMode","ProxyServerMode","DeprecatedPolicies","SUPPORTED_WIN7","chrome.admx"
"Local","RemoteAccessHostClientDomain","Both","Software\Policies\Google\Chrome","RemoteAccessHostClientDomain","TextBox","RemoteAccessHostClientDomain","RemoteAccessHostClientDomain","DeprecatedPolicies","SUPPORTED_WIN7","chrome.admx"
"Local","RemoteAccessHostDomain","Both","Software\Policies\Google\Chrome","RemoteAccessHostDomain","TextBox","RemoteAccessHostDomain","RemoteAccessHostDomain","DeprecatedPolicies","SUPPORTED_WIN7","chrome.admx"
"Local","SafeBrowsingEnabled","Both","Software\Policies\Google\Chrome","SafeBrowsingEnabled","Enabled/DisabledValue","","Enabled: 1; Disabled: 0","DeprecatedPolicies","SUPPORTED_WIN7","chrome.admx"
"Local","AutoFillEnabled_recommended","Both","Software\Policies\Google\Chrome\Recommended","AutoFillEnabled","Enabled/DisabledValue","","Enabled: 1; Disabled: 0","DeprecatedPolicies_recommended","SUPPORTED_WIN7","chrome.admx"
"Local","SafeBrowsingEnabled_recommended","Both","Software\Policies\Google\Chrome\Recommended","SafeBrowsingEnabled","Enabled/DisabledValue","","Enabled: 1; Disabled: 0","DeprecatedPolicies_recommended","SUPPORTED_WIN7","chrome.admx"
"Local","BlockExternalExtensions","Both","Software\Policies\Google\Chrome","BlockExternalExtensions","Enabled/DisabledValue","","Enabled: 1; Disabled: 0","Extensions","SUPPORTED_WIN7","chrome.admx"
"Local","ExtensionAllowedTypes","Both","Software\Policies\Google\Chrome","ExtensionAllowedTypes","List","Software\Policies\Google\Chrome\ExtensionAllowedTypes","ExtensionAllowedTypesDesc","Extensions","SUPPORTED_WIN7","chrome.admx"
"Local","ExtensionDeveloperModeSettings","Both","Software\Policies\Google\Chrome","ExtensionDeveloperModeSettings","Dropdown","ExtensionDeveloperModeSettings","ExtensionDeveloperModeSettings","Extensions","SUPPORTED_WIN7","chrome.admx"
"Local","ExtensionExtendedBackgroundLifetimeForPortConnectionsToUrls","Both","Software\Policies\Google\Chrome","ExtensionExtendedBackgroundLifetimeForPortConnectionsToUrls","List","Software\Policies\Google\Chrome\ExtensionExtendedBackgroundLifetimeForPortConnectionsToUrls","ExtensionExtendedBackgroundLifetimeForPortConnectionsToUrlsDesc","Extensions","SUPPORTED_WIN7","chrome.admx"
"Local","ExtensionInstallAllowlist","Both","Software\Policies\Google\Chrome","ExtensionInstallAllowlist","List","Software\Policies\Google\Chrome\ExtensionInstallAllowlist","ExtensionInstallAllowlistDesc","Extensions","SUPPORTED_WIN7","chrome.admx"
"Local","ExtensionInstallBlocklist","Both","Software\Policies\Google\Chrome","ExtensionInstallBlocklist","List","Software\Policies\Google\Chrome\ExtensionInstallBlocklist","ExtensionInstallBlocklistDesc","Extensions","SUPPORTED_WIN7","chrome.admx"
"Local","ExtensionInstallForcelist","Both","Software\Policies\Google\Chrome","ExtensionInstallForcelist","List","Software\Policies\Google\Chrome\ExtensionInstallForcelist","ExtensionInstallForcelistDesc","Extensions","SUPPORTED_WIN7","chrome.admx"
"Local","ExtensionInstallSources","Both","Software\Policies\Google\Chrome","ExtensionInstallSources","List","Software\Policies\Google\Chrome\ExtensionInstallSources","ExtensionInstallSourcesDesc","Extensions","SUPPORTED_WIN7","chrome.admx"
"Local","ExtensionInstallTypeBlocklist","Both","Software\Policies\Google\Chrome","ExtensionInstallTypeBlocklist","List","Software\Policies\Google\Chrome\ExtensionInstallTypeBlocklist","ExtensionInstallTypeBlocklistDesc","Extensions","SUPPORTED_WIN7","chrome.admx"
"Local","ExtensionSettings","Both","Software\Policies\Google\Chrome","ExtensionSettings","TextBox","ExtensionSettings","ExtensionSettings","Extensions","SUPPORTED_WIN7","chrome.admx"
"Local","ExtensionUnpublishedAvailability","Both","Software\Policies\Google\Chrome","ExtensionUnpublishedAvailability","Dropdown","ExtensionUnpublishedAvailability","ExtensionUnpublishedAvailability","Extensions","SUPPORTED_WIN7","chrome.admx"
"Local","FirstPartySetsEnabled","Both","Software\Policies\Google\Chrome","FirstPartySetsEnabled","Enabled/DisabledValue","","Enabled: 1; Disabled: 0","FirstPartySets","SUPPORTED_WIN7","chrome.admx"
"Local","FirstPartySetsOverrides","Both","Software\Policies\Google\Chrome","FirstPartySetsOverrides","TextBox","FirstPartySetsOverrides","FirstPartySetsOverrides","FirstPartySets","SUPPORTED_WIN7","chrome.admx"
"Local","AIModeSettings","Both","Software\Policies\Google\Chrome","AIModeSettings","Dropdown","AIModeSettings","AIModeSettings","GenerativeAI","SUPPORTED_WIN7","chrome.admx"
"Local","AutofillPredictionSettings","Both","Software\Policies\Google\Chrome","AutofillPredictionSettings","Dropdown","AutofillPredictionSettings","AutofillPredictionSettings","GenerativeAI","SUPPORTED_WIN7","chrome.admx"
"Local","CreateThemesSettings","Both","Software\Policies\Google\Chrome","CreateThemesSettings","Dropdown","CreateThemesSettings","CreateThemesSettings","GenerativeAI","SUPPORTED_WIN7","chrome.admx"
"Local","DevToolsGenAiSettings","Both","Software\Policies\Google\Chrome","DevToolsGenAiSettings","Dropdown","DevToolsGenAiSettings","DevToolsGenAiSettings","GenerativeAI","SUPPORTED_WIN7","chrome.admx"
"Local","GeminiSettings","Both","Software\Policies\Google\Chrome","GeminiSettings","Dropdown","GeminiSettings","GeminiSettings","GenerativeAI","SUPPORTED_WIN7","chrome.admx"
"Local","GenAILocalFoundationalModelSettings","Both","Software\Policies\Google\Chrome","GenAILocalFoundationalModelSettings","Dropdown","GenAILocalFoundationalModelSettings","GenAILocalFoundationalModelSettings","GenerativeAI","SUPPORTED_WIN7","chrome.admx"
"Local","HelpMeWriteSettings","Both","Software\Policies\Google\Chrome","HelpMeWriteSettings","Dropdown","HelpMeWriteSettings","HelpMeWriteSettings","GenerativeAI","SUPPORTED_WIN7","chrome.admx"
"Local","HistorySearchSettings","Both","Software\Policies\Google\Chrome","HistorySearchSettings","Dropdown","HistorySearchSettings","HistorySearchSettings","GenerativeAI","SUPPORTED_WIN7","chrome.admx"
"Local","TabCompareSettings","Both","Software\Policies\Google\Chrome","TabCompareSettings","Dropdown","TabCompareSettings","TabCompareSettings","GenerativeAI","SUPPORTED_WIN7","chrome.admx"
"Local","AccessCodeCastDeviceDuration","Both","Software\Policies\Google\Chrome","AccessCodeCastDeviceDuration","Number","","AccessCodeCastDeviceDuration","GoogleCast","SUPPORTED_WIN7","chrome.admx"
"Local","AccessCodeCastEnabled","Both","Software\Policies\Google\Chrome","AccessCodeCastEnabled","Enabled/DisabledValue","","Enabled: 1; Disabled: 0","GoogleCast","SUPPORTED_WIN7","chrome.admx"
"Local","EnableMediaRouter","Both","Software\Policies\Google\Chrome","EnableMediaRouter","Enabled/DisabledValue","","Enabled: 1; Disabled: 0","GoogleCast","SUPPORTED_WIN7","chrome.admx"
"Local","MediaRouterCastAllowAllIPs","Both","Software\Policies\Google\Chrome","MediaRouterCastAllowAllIPs","Enabled/DisabledValue","","Enabled: 1; Disabled: 0","GoogleCast","SUPPORTED_WIN7","chrome.admx"
"Local","ShowCastIconInToolbar","Both","Software\Policies\Google\Chrome","ShowCastIconInToolbar","Enabled/DisabledValue","","Enabled: 1; Disabled: 0","GoogleCast","SUPPORTED_WIN7","chrome.admx"
"Local","ShowCastSessionsStartedByOtherDevices","Both","Software\Policies\Google\Chrome","ShowCastSessionsStartedByOtherDevices","Enabled/DisabledValue","","Enabled: 1; Disabled: 0","GoogleCast","SUPPORTED_WIN7","chrome.admx"
"Local","AllHttpAuthSchemesAllowedForOrigins","Both","Software\Policies\Google\Chrome","AllHttpAuthSchemesAllowedForOrigins","List","Software\Policies\Google\Chrome\AllHttpAuthSchemesAllowedForOrigins","AllHttpAuthSchemesAllowedForOriginsDesc","HTTPAuthentication","SUPPORTED_WIN7","chrome.admx"
"Local","AllowCrossOriginAuthPrompt","Both","Software\Policies\Google\Chrome","AllowCrossOriginAuthPrompt","Enabled/DisabledValue","","Enabled: 1; Disabled: 0","HTTPAuthentication","SUPPORTED_WIN7","chrome.admx"
"Local","AuthNegotiateDelegateAllowlist","Both","Software\Policies\Google\Chrome","AuthNegotiateDelegateAllowlist","TextBox","AuthNegotiateDelegateAllowlist","AuthNegotiateDelegateAllowlist","HTTPAuthentication","SUPPORTED_WIN7","chrome.admx"
"Local","AuthSchemes","Both","Software\Policies\Google\Chrome","AuthSchemes","TextBox","AuthSchemes","AuthSchemes","HTTPAuthentication","SUPPORTED_WIN7","chrome.admx"
"Local","AuthServerAllowlist","Both","Software\Policies\Google\Chrome","AuthServerAllowlist","TextBox","AuthServerAllowlist","AuthServerAllowlist","HTTPAuthentication","SUPPORTED_WIN7","chrome.admx"
"Local","BasicAuthOverHttpEnabled","Both","Software\Policies\Google\Chrome","BasicAuthOverHttpEnabled","Enabled/DisabledValue","","Enabled: 1; Disabled: 0","HTTPAuthentication","SUPPORTED_WIN7","chrome.admx"
"Local","DisableAuthNegotiateCnameLookup","Both","Software\Policies\Google\Chrome","DisableAuthNegotiateCnameLookup","Enabled/DisabledValue","","Enabled: 1; Disabled: 0","HTTPAuthentication","SUPPORTED_WIN7","chrome.admx"
"Local","EnableAuthNegotiatePort","Both","Software\Policies\Google\Chrome","EnableAuthNegotiatePort","Enabled/DisabledValue","","Enabled: 1; Disabled: 0","HTTPAuthentication","SUPPORTED_WIN7","chrome.admx"
"Local","IdleTimeout","Both","Software\Policies\Google\Chrome","IdleTimeout","Number","","IdleTimeout","BrowserIdle","SUPPORTED_WIN7","chrome.admx"
"Local","IdleTimeoutActions","Both","Software\Policies\Google\Chrome","IdleTimeoutActions","List","Software\Policies\Google\Chrome\IdleTimeoutActions","IdleTimeoutActionsDesc","BrowserIdle","SUPPORTED_WIN7","chrome.admx"
"Local","AlternativeBrowserParameters","Both","Software\Policies\Google\Chrome","AlternativeBrowserParameters","List","Software\Policies\Google\Chrome\AlternativeBrowserParameters","AlternativeBrowserParametersDesc","BrowserSwitcher","SUPPORTED_WIN7","chrome.admx"
"Local","AlternativeBrowserPath","Both","Software\Policies\Google\Chrome","AlternativeBrowserPath","TextBox","AlternativeBrowserPath","AlternativeBrowserPath","BrowserSwitcher","SUPPORTED_WIN7","chrome.admx"
"Local","BrowserSwitcherChromeParameters","Both","Software\Policies\Google\Chrome","BrowserSwitcherChromeParameters","List","Software\Policies\Google\Chrome\BrowserSwitcherChromeParameters","BrowserSwitcherChromeParametersDesc","BrowserSwitcher","SUPPORTED_WIN7","chrome.admx"
"Local","BrowserSwitcherChromePath","Both","Software\Policies\Google\Chrome","BrowserSwitcherChromePath","TextBox","BrowserSwitcherChromePath","BrowserSwitcherChromePath","BrowserSwitcher","SUPPORTED_WIN7","chrome.admx"
"Local","BrowserSwitcherDelay","Both","Software\Policies\Google\Chrome","BrowserSwitcherDelay","Number","","BrowserSwitcherDelay","BrowserSwitcher","SUPPORTED_WIN7","chrome.admx"
"Local","BrowserSwitcherEnabled","Both","Software\Policies\Google\Chrome","BrowserSwitcherEnabled","Enabled/DisabledValue","","Enabled: 1; Disabled: 0","BrowserSwitcher","SUPPORTED_WIN7","chrome.admx"
"Local","BrowserSwitcherExternalGreylistUrl","Both","Software\Policies\Google\Chrome","BrowserSwitcherExternalGreylistUrl","TextBox","BrowserSwitcherExternalGreylistUrl","BrowserSwitcherExternalGreylistUrl","BrowserSwitcher","SUPPORTED_WIN7","chrome.admx"
"Local","BrowserSwitcherExternalSitelistUrl","Both","Software\Policies\Google\Chrome","BrowserSwitcherExternalSitelistUrl","TextBox","BrowserSwitcherExternalSitelistUrl","BrowserSwitcherExternalSitelistUrl","BrowserSwitcher","SUPPORTED_WIN7","chrome.admx"
"Local","BrowserSwitcherKeepLastChromeTab","Both","Software\Policies\Google\Chrome","BrowserSwitcherKeepLastChromeTab","Enabled/DisabledValue","","Enabled: 1; Disabled: 0","BrowserSwitcher","SUPPORTED_WIN7","chrome.admx"
"Local","BrowserSwitcherParsingMode","Both","Software\Policies\Google\Chrome","BrowserSwitcherParsingMode","Dropdown","BrowserSwitcherParsingMode","BrowserSwitcherParsingMode","BrowserSwitcher","SUPPORTED_WIN7","chrome.admx"
"Local","BrowserSwitcherUrlGreylist","Both","Software\Policies\Google\Chrome","BrowserSwitcherUrlGreylist","List","Software\Policies\Google\Chrome\BrowserSwitcherUrlGreylist","BrowserSwitcherUrlGreylistDesc","BrowserSwitcher","SUPPORTED_WIN7","chrome.admx"
"Local","BrowserSwitcherUrlList","Both","Software\Policies\Google\Chrome","BrowserSwitcherUrlList","List","Software\Policies\Google\Chrome\BrowserSwitcherUrlList","BrowserSwitcherUrlListDesc","BrowserSwitcher","SUPPORTED_WIN7","chrome.admx"
"Local","BrowserSwitcherUseIeSitelist","Both","Software\Policies\Google\Chrome","BrowserSwitcherUseIeSitelist","Enabled/DisabledValue","","Enabled: 1; Disabled: 0","BrowserSwitcher","SUPPORTED_WIN7","chrome.admx"
"Local","LocalNetworkAccessAllowedForUrls","Both","Software\Policies\Google\Chrome","LocalNetworkAccessAllowedForUrls","List","Software\Policies\Google\Chrome\LocalNetworkAccessAllowedForUrls","LocalNetworkAccessAllowedForUrlsDesc","LocalNetworkAccessSettings","SUPPORTED_WIN7","chrome.admx"
"Local","LocalNetworkAccessBlockedForUrls","Both","Software\Policies\Google\Chrome","LocalNetworkAccessBlockedForUrls","List","Software\Policies\Google\Chrome\LocalNetworkAccessBlockedForUrls","LocalNetworkAccessBlockedForUrlsDesc","LocalNetworkAccessSettings","SUPPORTED_WIN7","chrome.admx"
"Local","LocalNetworkAccessRestrictionsEnabled","Both","Software\Policies\Google\Chrome","LocalNetworkAccessRestrictionsEnabled","Enabled/DisabledValue","","Enabled: 1; Disabled: 0","LocalNetworkAccessSettings","SUPPORTED_WIN7","chrome.admx"
"Local","CloudAPAuthEnabled","Both","Software\Policies\Google\Chrome","CloudAPAuthEnabled","Dropdown","CloudAPAuthEnabled","CloudAPAuthEnabled","ActiveDirectoryManagement","SUPPORTED_WIN7","chrome.admx"
"Local","AbusiveExperienceInterventionEnforce","Both","Software\Policies\Google\Chrome","AbusiveExperienceInterventionEnforce","Enabled/DisabledValue","","Enabled: 1; Disabled: 0","googlechrome","SUPPORTED_WIN7","chrome.admx"
"Local","AccessibilityImageLabelsEnabled","Both","Software\Policies\Google\Chrome","AccessibilityImageLabelsEnabled","Enabled/DisabledValue","","Enabled: 1; Disabled: 0","googlechrome","SUPPORTED_WIN7","chrome.admx"
"Local","AdditionalDnsQueryTypesEnabled","Both","Software\Policies\Google\Chrome","AdditionalDnsQueryTypesEnabled","Enabled/DisabledValue","","Enabled: 1; Disabled: 0","googlechrome","SUPPORTED_WIN7","chrome.admx"
"Local","AdsSettingForIntrusiveAdsSites","Both","Software\Policies\Google\Chrome","AdsSettingForIntrusiveAdsSites","Dropdown","AdsSettingForIntrusiveAdsSites","AdsSettingForIntrusiveAdsSites","googlechrome","SUPPORTED_WIN7","chrome.admx"
"Local","AdvancedProtectionAllowed","Both","Software\Policies\Google\Chrome","AdvancedProtectionAllowed","Enabled/DisabledValue","","Enabled: 1; Disabled: 0","googlechrome","SUPPORTED_WIN7","chrome.admx"
"Local","AllowBackForwardCacheForCacheControlNoStorePageEnabled","Both","Software\Policies\Google\Chrome","AllowBackForwardCacheForCacheControlNoStorePageEnabled","Enabled/DisabledValue","","Enabled: 1; Disabled: 0","googlechrome","SUPPORTED_WIN7","chrome.admx"
"Local","AllowDeletingBrowserHistory","Both","Software\Policies\Google\Chrome","AllowDeletingBrowserHistory","Enabled/DisabledValue","","Enabled: 1; Disabled: 0","googlechrome","SUPPORTED_WIN7","chrome.admx"
"Local","AllowDinosaurEasterEgg","Both","Software\Policies\Google\Chrome","AllowDinosaurEasterEgg","Enabled/DisabledValue","","Enabled: 1; Disabled: 0","googlechrome","SUPPORTED_WIN7","chrome.admx"
"Local","AllowFileSelectionDialogs","Both","Software\Policies\Google\Chrome","AllowFileSelectionDialogs","Enabled/DisabledValue","","Enabled: 1; Disabled: 0","googlechrome","SUPPORTED_WIN7","chrome.admx"
"Local","AllowWebAuthnWithBrokenTlsCerts","Both","Software\Policies\Google\Chrome","AllowWebAuthnWithBrokenTlsCerts","Enabled/DisabledValue","","Enabled: 1; Disabled: 0","googlechrome","SUPPORTED_WIN7","chrome.admx"
"Local","AllowedDomainsForApps","Both","Software\Policies\Google\Chrome","AllowedDomainsForApps","TextBox","AllowedDomainsForApps","AllowedDomainsForApps","googlechrome","SUPPORTED_WIN7","chrome.admx"
"Local","AlternateErrorPagesEnabled","Both","Software\Policies\Google\Chrome","AlternateErrorPagesEnabled","Enabled/DisabledValue","","Enabled: 1; Disabled: 0","googlechrome","SUPPORTED_WIN7","chrome.admx"
"Local","AlwaysOpenPdfExternally","Both","Software\Policies\Google\Chrome","AlwaysOpenPdfExternally","Enabled/DisabledValue","","Enabled: 1; Disabled: 0","googlechrome","SUPPORTED_WIN7","chrome.admx"
"Local","AmbientAuthenticationInPrivateModesEnabled","Both","Software\Policies\Google\Chrome","AmbientAuthenticationInPrivateModesEnabled","Dropdown","AmbientAuthenticationInPrivateModesEnabled","AmbientAuthenticationInPrivateModesEnabled","googlechrome","SUPPORTED_WIN7","chrome.admx"
"Local","ApplicationBoundEncryptionEnabled","Both","Software\Policies\Google\Chrome","ApplicationBoundEncryptionEnabled","Enabled/DisabledValue","","Enabled: 1; Disabled: 0","googlechrome","SUPPORTED_WIN7","chrome.admx"
"Local","ApplicationLocaleValue","Both","Software\Policies\Google\Chrome","ApplicationLocaleValue","TextBox","ApplicationLocaleValue","ApplicationLocaleValue","googlechrome","SUPPORTED_WIN7","chrome.admx"
"Local","AudioCaptureAllowed","Both","Software\Policies\Google\Chrome","AudioCaptureAllowed","Enabled/DisabledValue","","Enabled: 1; Disabled: 0","googlechrome","SUPPORTED_WIN7","chrome.admx"
"Local","AudioCaptureAllowedUrls","Both","Software\Policies\Google\Chrome","AudioCaptureAllowedUrls","List","Software\Policies\Google\Chrome\AudioCaptureAllowedUrls","AudioCaptureAllowedUrlsDesc","googlechrome","SUPPORTED_WIN7","chrome.admx"
"Local","AudioProcessHighPriorityEnabled","Both","Software\Policies\Google\Chrome","AudioProcessHighPriorityEnabled","Enabled/DisabledValue","","Enabled: 1; Disabled: 0","googlechrome","SUPPORTED_WIN7","chrome.admx"
"Local","AudioSandboxEnabled","Both","Software\Policies\Google\Chrome","AudioSandboxEnabled","Enabled/DisabledValue","","Enabled: 1; Disabled: 0","googlechrome","SUPPORTED_WIN7","chrome.admx"
"Local","AutoLaunchProtocolsFromOrigins","Both","Software\Policies\Google\Chrome","AutoLaunchProtocolsFromOrigins","TextBox","AutoLaunchProtocolsFromOrigins","AutoLaunchProtocolsFromOrigins","googlechrome","SUPPORTED_WIN7","chrome.admx"
"Local","AutoOpenAllowedForURLs","Both","Software\Policies\Google\Chrome","AutoOpenAllowedForURLs","List","Software\Policies\Google\Chrome\AutoOpenAllowedForURLs","AutoOpenAllowedForURLsDesc","googlechrome","SUPPORTED_WIN7","chrome.admx"
"Local","AutoOpenFileTypes","Both","Software\Policies\Google\Chrome","AutoOpenFileTypes","List","Software\Policies\Google\Chrome\AutoOpenFileTypes","AutoOpenFileTypesDesc","googlechrome","SUPPORTED_WIN7","chrome.admx"
"Local","AutofillAddressEnabled","Both","Software\Policies\Google\Chrome","AutofillAddressEnabled","Enabled/DisabledValue","","Enabled: 1; Disabled: 0","googlechrome","SUPPORTED_WIN7","chrome.admx"
"Local","AutofillCreditCardEnabled","Both","Software\Policies\Google\Chrome","AutofillCreditCardEnabled","Enabled/DisabledValue","","Enabled: 1; Disabled: 0","googlechrome","SUPPORTED_WIN7","chrome.admx"
"Local","AutoplayAllowed","Both","Software\Policies\Google\Chrome","AutoplayAllowed","Enabled/DisabledValue","","Enabled: 1; Disabled: 0","googlechrome","SUPPORTED_WIN7","chrome.admx"
"Local","AutoplayAllowlist","Both","Software\Policies\Google\Chrome","AutoplayAllowlist","List","Software\Policies\Google\Chrome\AutoplayAllowlist","AutoplayAllowlistDesc","googlechrome","SUPPORTED_WIN7","chrome.admx"
"Local","BackgroundModeEnabled","Both","Software\Policies\Google\Chrome","BackgroundModeEnabled","Enabled/DisabledValue","","Enabled: 1; Disabled: 0","googlechrome","SUPPORTED_WIN7","chrome.admx"
"Local","BatterySaverModeAvailability","Both","Software\Policies\Google\Chrome","BatterySaverModeAvailability","Dropdown","BatterySaverModeAvailability","BatterySaverModeAvailability","googlechrome","SUPPORTED_WIN7","chrome.admx"
"Local","BlockThirdPartyCookies","Both","Software\Policies\Google\Chrome","BlockThirdPartyCookies","Enabled/DisabledValue","","Enabled: 1; Disabled: 0","googlechrome","SUPPORTED_WIN7","chrome.admx"
"Local","BookmarkBarEnabled","Both","Software\Policies\Google\Chrome","BookmarkBarEnabled","Enabled/DisabledValue","","Enabled: 1; Disabled: 0","googlechrome","SUPPORTED_WIN7","chrome.admx"
"Local","BrowserAddPersonEnabled","Both","Software\Policies\Google\Chrome","BrowserAddPersonEnabled","Enabled/DisabledValue","","Enabled: 1; Disabled: 0","googlechrome","SUPPORTED_WIN7","chrome.admx"
"Local","BrowserGuestModeEnabled","Both","Software\Policies\Google\Chrome","BrowserGuestModeEnabled","Enabled/DisabledValue","","Enabled: 1; Disabled: 0","googlechrome","SUPPORTED_WIN7","chrome.admx"
"Local","BrowserGuestModeEnforced","Both","Software\Policies\Google\Chrome","BrowserGuestModeEnforced","Enabled/DisabledValue","","Enabled: 1; Disabled: 0","googlechrome","SUPPORTED_WIN7","chrome.admx"
"Local","BrowserLabsEnabled","Both","Software\Policies\Google\Chrome","BrowserLabsEnabled","Enabled/DisabledValue","","Enabled: 1; Disabled: 0","googlechrome","SUPPORTED_WIN7","chrome.admx"
"Local","BrowserLegacyExtensionPointsBlocked","Both","Software\Policies\Google\Chrome","BrowserLegacyExtensionPointsBlocked","Enabled/DisabledValue","","Enabled: 1; Disabled: 0","googlechrome","SUPPORTED_WIN7","chrome.admx"
"Local","BrowserNetworkTimeQueriesEnabled","Both","Software\Policies\Google\Chrome","BrowserNetworkTimeQueriesEnabled","Enabled/DisabledValue","","Enabled: 1; Disabled: 0","googlechrome","SUPPORTED_WIN7","chrome.admx"
"Local","BrowserSignin","Both","Software\Policies\Google\Chrome","BrowserSignin","Dropdown","BrowserSignin","BrowserSignin","googlechrome","SUPPORTED_WIN7","chrome.admx"
"Local","BrowserThemeColor","Both","Software\Policies\Google\Chrome","BrowserThemeColor","TextBox","BrowserThemeColor","BrowserThemeColor","googlechrome","SUPPORTED_WIN7","chrome.admx"
"Local","BrowsingDataLifetime","Both","Software\Policies\Google\Chrome","BrowsingDataLifetime","TextBox","BrowsingDataLifetime","BrowsingDataLifetime","googlechrome","SUPPORTED_WIN7","chrome.admx"
"Local","BuiltInAIAPIsEnabled","Both","Software\Policies\Google\Chrome","BuiltInAIAPIsEnabled","Enabled/DisabledValue","","Enabled: 1; Disabled: 0","googlechrome","SUPPORTED_WIN7","chrome.admx"
"Local","BuiltInDnsClientEnabled","Both","Software\Policies\Google\Chrome","BuiltInDnsClientEnabled","Enabled/DisabledValue","","Enabled: 1; Disabled: 0","googlechrome","SUPPORTED_WIN7","chrome.admx"
"Local","CORSNonWildcardRequestHeadersSupport","Both","Software\Policies\Google\Chrome","CORSNonWildcardRequestHeadersSupport","Enabled/DisabledValue","","Enabled: 1; Disabled: 0","googlechrome","SUPPORTED_WIN7","chrome.admx"
"Local","CertificateTransparencyEnforcementDisabledForCas","Both","Software\Policies\Google\Chrome","CertificateTransparencyEnforcementDisabledForCas","List","Software\Policies\Google\Chrome\CertificateTransparencyEnforcementDisabledForCas","CertificateTransparencyEnforcementDisabledForCasDesc","googlechrome","SUPPORTED_WIN7","chrome.admx"
"Local","CertificateTransparencyEnforcementDisabledForUrls","Both","Software\Policies\Google\Chrome","CertificateTransparencyEnforcementDisabledForUrls","List","Software\Policies\Google\Chrome\CertificateTransparencyEnforcementDisabledForUrls","CertificateTransparencyEnforcementDisabledForUrlsDesc","googlechrome","SUPPORTED_WIN7","chrome.admx"
"Local","ChromeForTestingAllowed","Both","Software\Policies\Google\Chrome","ChromeForTestingAllowed","Enabled/DisabledValue","","Enabled: 1; Disabled: 0","googlechrome","SUPPORTED_WIN7","chrome.admx"
"Local","ChromeVariations","Both","Software\Policies\Google\Chrome","ChromeVariations","Dropdown","ChromeVariations","ChromeVariations","googlechrome","SUPPORTED_WIN7","chrome.admx"
"Local","ClearBrowsingDataOnExitList","Both","Software\Policies\Google\Chrome","ClearBrowsingDataOnExitList","List","Software\Policies\Google\Chrome\ClearBrowsingDataOnExitList","ClearBrowsingDataOnExitListDesc","googlechrome","SUPPORTED_WIN7","chrome.admx"
"Local","ClickToCallEnabled","Both","Software\Policies\Google\Chrome","ClickToCallEnabled","Enabled/DisabledValue","","Enabled: 1; Disabled: 0","googlechrome","SUPPORTED_WIN7","chrome.admx"
"Local","CloudManagementEnrollmentMandatory","Both","Software\Policies\Google\Chrome","CloudManagementEnrollmentMandatory","Enabled/DisabledValue","","Enabled: 1; Disabled: 0","googlechrome","SUPPORTED_WIN7","chrome.admx"
"Local","CloudManagementEnrollmentToken","Both","Software\Policies\Google\Chrome","CloudManagementEnrollmentToken","TextBox","CloudManagementEnrollmentToken","CloudManagementEnrollmentToken","googlechrome","SUPPORTED_WIN7","chrome.admx"
"Local","CloudPolicyOverridesPlatformPolicy","Both","Software\Policies\Google\Chrome","CloudPolicyOverridesPlatformPolicy","Enabled/DisabledValue","","Enabled: 1; Disabled: 0","googlechrome","SUPPORTED_WIN7","chrome.admx"
"Local","CloudUserPolicyMerge","Both","Software\Policies\Google\Chrome","CloudUserPolicyMerge","Enabled/DisabledValue","","Enabled: 1; Disabled: 0","googlechrome","SUPPORTED_WIN7","chrome.admx"
"Local","CloudUserPolicyOverridesCloudMachinePolicy","Both","Software\Policies\Google\Chrome","CloudUserPolicyOverridesCloudMachinePolicy","Enabled/DisabledValue","","Enabled: 1; Disabled: 0","googlechrome","SUPPORTED_WIN7","chrome.admx"
"Local","CommandLineFlagSecurityWarningsEnabled","Both","Software\Policies\Google\Chrome","CommandLineFlagSecurityWarningsEnabled","Enabled/DisabledValue","","Enabled: 1; Disabled: 0","googlechrome","SUPPORTED_WIN7","chrome.admx"
"Local","ComponentUpdatesEnabled","Both","Software\Policies\Google\Chrome","ComponentUpdatesEnabled","Enabled/DisabledValue","","Enabled: 1; Disabled: 0","googlechrome","SUPPORTED_WIN7","chrome.admx"
"Local","DNSInterceptionChecksEnabled","Both","Software\Policies\Google\Chrome","DNSInterceptionChecksEnabled","Enabled/DisabledValue","","Enabled: 1; Disabled: 0","googlechrome","SUPPORTED_WIN7","chrome.admx"
"Local","DefaultBrowserSettingEnabled","Both","Software\Policies\Google\Chrome","DefaultBrowserSettingEnabled","Enabled/DisabledValue","","Enabled: 1; Disabled: 0","googlechrome","SUPPORTED_WIN7_ONLY","chrome.admx"
"Local","DefaultSearchProviderContextMenuAccessAllowed","Both","Software\Policies\Google\Chrome","DefaultSearchProviderContextMenuAccessAllowed","Enabled/DisabledValue","","Enabled: 1; Disabled: 0","googlechrome","SUPPORTED_WIN7","chrome.admx"
"Local","DesktopSharingHubEnabled","Both","Software\Policies\Google\Chrome","DesktopSharingHubEnabled","Enabled/DisabledValue","","Enabled: 1; Disabled: 0","googlechrome","SUPPORTED_WIN7","chrome.admx"
"Local","DeveloperToolsAvailability","Both","Software\Policies\Google\Chrome","DeveloperToolsAvailability","Dropdown","DeveloperToolsAvailability","DeveloperToolsAvailability","googlechrome","SUPPORTED_WIN7","chrome.admx"
"Local","Disable3DAPIs","Both","Software\Policies\Google\Chrome","Disable3DAPIs","Enabled/DisabledValue","","Enabled: 1; Disabled: 0","googlechrome","SUPPORTED_WIN7","chrome.admx"
"Local","DisableScreenshots","Both","Software\Policies\Google\Chrome","DisableScreenshots","Enabled/DisabledValue","","Enabled: 1; Disabled: 0","googlechrome","SUPPORTED_WIN7","chrome.admx"
"Local","DiskCacheDir","Both","Software\Policies\Google\Chrome","DiskCacheDir","TextBox","DiskCacheDir","DiskCacheDir","googlechrome","SUPPORTED_WIN7","chrome.admx"
"Local","DiskCacheSize","Both","Software\Policies\Google\Chrome","DiskCacheSize","Number","","DiskCacheSize","googlechrome","SUPPORTED_WIN7","chrome.admx"
"Local","DnsOverHttpsMode","Both","Software\Policies\Google\Chrome","DnsOverHttpsMode","Dropdown","DnsOverHttpsMode","DnsOverHttpsMode","googlechrome","SUPPORTED_WIN7","chrome.admx"
"Local","DnsOverHttpsTemplates","Both","Software\Policies\Google\Chrome","DnsOverHttpsTemplates","TextBox","DnsOverHttpsTemplates","DnsOverHttpsTemplates","googlechrome","SUPPORTED_WIN7","chrome.admx"
"Local","DomainReliabilityAllowed","Both","Software\Policies\Google\Chrome","DomainReliabilityAllowed","Enabled/DisabledValue","","Enabled: 1; Disabled: 0","googlechrome","SUPPORTED_WIN7","chrome.admx"
"Local","DownloadDirectory","Both","Software\Policies\Google\Chrome","DownloadDirectory","TextBox","DownloadDirectory","DownloadDirectory","googlechrome","SUPPORTED_WIN7","chrome.admx"
"Local","DownloadRestrictions","Both","Software\Policies\Google\Chrome","DownloadRestrictions","Dropdown","DownloadRestrictions","DownloadRestrictions","googlechrome","SUPPORTED_WIN7","chrome.admx"
"Local","DynamicCodeSettings","Both","Software\Policies\Google\Chrome","DynamicCodeSettings","Dropdown","DynamicCodeSettings","DynamicCodeSettings","googlechrome","SUPPORTED_WIN7","chrome.admx"
"Local","EditBookmarksEnabled","Both","Software\Policies\Google\Chrome","EditBookmarksEnabled","Enabled/DisabledValue","","Enabled: 1; Disabled: 0","googlechrome","SUPPORTED_WIN7","chrome.admx"
"Local","EnableExperimentalPolicies","Both","Software\Policies\Google\Chrome","EnableExperimentalPolicies","List","Software\Policies\Google\Chrome\EnableExperimentalPolicies","EnableExperimentalPoliciesDesc","googlechrome","SUPPORTED_WIN7","chrome.admx"
"Local","EnableOnlineRevocationChecks","Both","Software\Policies\Google\Chrome","EnableOnlineRevocationChecks","Enabled/DisabledValue","","Enabled: 1; Disabled: 0","googlechrome","SUPPORTED_WIN7","chrome.admx"
"Local","EnableUnsafeSwiftShader","Both","Software\Policies\Google\Chrome","EnableUnsafeSwiftShader","Enabled/DisabledValue","","Enabled: 1; Disabled: 0","googlechrome","SUPPORTED_WIN7","chrome.admx"
"Local","EncryptedClientHelloEnabled","Both","Software\Policies\Google\Chrome","EncryptedClientHelloEnabled","Enabled/DisabledValue","","Enabled: 1; Disabled: 0","googlechrome","SUPPORTED_WIN7","chrome.admx"
"Local","EnterpriseCustomLabel","Both","Software\Policies\Google\Chrome","EnterpriseCustomLabel","TextBox","EnterpriseCustomLabel","EnterpriseCustomLabel","googlechrome","SUPPORTED_WIN7","chrome.admx"
"Local","EnterpriseCustomLabelForBrowser","Both","Software\Policies\Google\Chrome","EnterpriseCustomLabelForBrowser","TextBox","EnterpriseCustomLabelForBrowser","EnterpriseCustomLabelForBrowser","googlechrome","SUPPORTED_WIN7","chrome.admx"
"Local","EnterpriseHardwarePlatformAPIEnabled","Both","Software\Policies\Google\Chrome","EnterpriseHardwarePlatformAPIEnabled","Enabled/DisabledValue","","Enabled: 1; Disabled: 0","googlechrome","SUPPORTED_WIN7","chrome.admx"
"Local","EnterpriseLogoUrl","Both","Software\Policies\Google\Chrome","EnterpriseLogoUrl","TextBox","EnterpriseLogoUrl","EnterpriseLogoUrl","googlechrome","SUPPORTED_WIN7","chrome.admx"
"Local","EnterpriseLogoUrlForBrowser","Both","Software\Policies\Google\Chrome","EnterpriseLogoUrlForBrowser","TextBox","EnterpriseLogoUrlForBrowser","EnterpriseLogoUrlForBrowser","googlechrome","SUPPORTED_WIN7","chrome.admx"
"Local","EnterpriseProfileBadgeToolbarSettings","Both","Software\Policies\Google\Chrome","EnterpriseProfileBadgeToolbarSettings","Dropdown","EnterpriseProfileBadgeToolbarSettings","EnterpriseProfileBadgeToolbarSettings","googlechrome","SUPPORTED_WIN7","chrome.admx"
"Local","EnterpriseProfileCreationKeepBrowsingData","Both","Software\Policies\Google\Chrome","EnterpriseProfileCreationKeepBrowsingData","Enabled/DisabledValue","","Enabled: 1; Disabled: 0","googlechrome","SUPPORTED_WIN7","chrome.admx"
"Local","EnterpriseSearchAggregatorSettings","Both","Software\Policies\Google\Chrome","EnterpriseSearchAggregatorSettings","TextBox","EnterpriseSearchAggregatorSettings","EnterpriseSearchAggregatorSettings","googlechrome","SUPPORTED_WIN7","chrome.admx"
"Local","ExemptDomainFileTypePairsFromFileTypeDownloadWarnings","Both","Software\Policies\Google\Chrome","ExemptDomainFileTypePairsFromFileTypeDownloadWarnings","TextBox","ExemptDomainFileTypePairsFromFileTypeDownloadWarnings","ExemptDomainFileTypePairsFromFileTypeDownloadWarnings","googlechrome","SUPPORTED_WIN7","chrome.admx"
"Local","ExplicitlyAllowedNetworkPorts","Both","Software\Policies\Google\Chrome","ExplicitlyAllowedNetworkPorts","List","Software\Policies\Google\Chrome\ExplicitlyAllowedNetworkPorts","ExplicitlyAllowedNetworkPortsDesc","googlechrome","SUPPORTED_WIN7","chrome.admx"
"Local","ExternalProtocolDialogShowAlwaysOpenCheckbox","Both","Software\Policies\Google\Chrome","ExternalProtocolDialogShowAlwaysOpenCheckbox","Enabled/DisabledValue","","Enabled: 1; Disabled: 0","googlechrome","SUPPORTED_WIN7","chrome.admx"
"Local","FeedbackSurveysEnabled","Both","Software\Policies\Google\Chrome","FeedbackSurveysEnabled","Enabled/DisabledValue","","Enabled: 1; Disabled: 0","googlechrome","SUPPORTED_WIN7","chrome.admx"
"Local","FetchKeepaliveDurationSecondsOnShutdown","Both","Software\Policies\Google\Chrome","FetchKeepaliveDurationSecondsOnShutdown","Number","","FetchKeepaliveDurationSecondsOnShutdown","googlechrome","SUPPORTED_WIN7","chrome.admx"
"Local","FileOrDirectoryPickerWithoutGestureAllowedForOrigins","Both","Software\Policies\Google\Chrome","FileOrDirectoryPickerWithoutGestureAllowedForOrigins","List","Software\Policies\Google\Chrome\FileOrDirectoryPickerWithoutGestureAllowedForOrigins","FileOrDirectoryPickerWithoutGestureAllowedForOriginsDesc","googlechrome","SUPPORTED_WIN7","chrome.admx"
"Local","ForceEphemeralProfiles","Both","Software\Policies\Google\Chrome","ForceEphemeralProfiles","Enabled/DisabledValue","","Enabled: 1; Disabled: 0","googlechrome","SUPPORTED_WIN7","chrome.admx"
"Local","ForceGoogleSafeSearch","Both","Software\Policies\Google\Chrome","ForceGoogleSafeSearch","Enabled/DisabledValue","","Enabled: 1; Disabled: 0","googlechrome","SUPPORTED_WIN7","chrome.admx"
"Local","ForcePermissionPolicyUnloadDefaultEnabled","Both","Software\Policies\Google\Chrome","ForcePermissionPolicyUnloadDefaultEnabled","Enabled/DisabledValue","","Enabled: 1; Disabled: 0","googlechrome","SUPPORTED_WIN7","chrome.admx"
"Local","ForceYouTubeRestrict","Both","Software\Policies\Google\Chrome","ForceYouTubeRestrict","Dropdown","ForceYouTubeRestrict","ForceYouTubeRestrict","googlechrome","SUPPORTED_WIN7","chrome.admx"
"Local","ForcedLanguages","Both","Software\Policies\Google\Chrome","ForcedLanguages","List","Software\Policies\Google\Chrome\ForcedLanguages","ForcedLanguagesDesc","googlechrome","SUPPORTED_WIN7","chrome.admx"
"Local","FullscreenAllowed","Both","Software\Policies\Google\Chrome","FullscreenAllowed","Enabled/DisabledValue","","Enabled: 1; Disabled: 0","googlechrome","SUPPORTED_WIN7","chrome.admx"
"Local","GloballyScopeHTTPAuthCacheEnabled","Both","Software\Policies\Google\Chrome","GloballyScopeHTTPAuthCacheEnabled","Enabled/DisabledValue","","Enabled: 1; Disabled: 0","googlechrome","SUPPORTED_WIN7","chrome.admx"
"Local","GoogleSearchSidePanelEnabled","Both","Software\Policies\Google\Chrome","GoogleSearchSidePanelEnabled","Enabled/DisabledValue","","Enabled: 1; Disabled: 0","googlechrome","SUPPORTED_WIN7","chrome.admx"
"Local","HSTSPolicyBypassList","Both","Software\Policies\Google\Chrome","HSTSPolicyBypassList","List","Software\Policies\Google\Chrome\HSTSPolicyBypassList","HSTSPolicyBypassListDesc","googlechrome","SUPPORTED_WIN7","chrome.admx"
"Local","HardwareAccelerationModeEnabled","Both","Software\Policies\Google\Chrome","HardwareAccelerationModeEnabled","Enabled/DisabledValue","","Enabled: 1; Disabled: 0","googlechrome","SUPPORTED_WIN7","chrome.admx"
"Local","HeadlessMode","Both","Software\Policies\Google\Chrome","HeadlessMode","Dropdown","HeadlessMode","HeadlessMode","googlechrome","SUPPORTED_WIN7","chrome.admx"
"Local","HideWebStoreIcon","Both","Software\Policies\Google\Chrome","HideWebStoreIcon","Enabled/DisabledValue","","Enabled: 1; Disabled: 0","googlechrome","SUPPORTED_WIN7","chrome.admx"
"Local","HighEfficiencyModeEnabled","Both","Software\Policies\Google\Chrome","HighEfficiencyModeEnabled","Enabled/DisabledValue","","Enabled: 1; Disabled: 0","googlechrome","SUPPORTED_WIN7","chrome.admx"
"Local","HistoryClustersVisible","Both","Software\Policies\Google\Chrome","HistoryClustersVisible","Enabled/DisabledValue","","Enabled: 1; Disabled: 0","googlechrome","SUPPORTED_WIN7","chrome.admx"
"Local","HttpAllowlist","Both","Software\Policies\Google\Chrome","HttpAllowlist","List","Software\Policies\Google\Chrome\HttpAllowlist","HttpAllowlistDesc","googlechrome","SUPPORTED_WIN7","chrome.admx"
"Local","HttpsOnlyMode","Both","Software\Policies\Google\Chrome","HttpsOnlyMode","Dropdown","HttpsOnlyMode","HttpsOnlyMode","googlechrome","SUPPORTED_WIN7","chrome.admx"
"Local","HttpsUpgradesEnabled","Both","Software\Policies\Google\Chrome","HttpsUpgradesEnabled","Enabled/DisabledValue","","Enabled: 1; Disabled: 0","googlechrome","SUPPORTED_WIN7","chrome.admx"
"Local","ImportAutofillFormData","Both","Software\Policies\Google\Chrome","ImportAutofillFormData","Enabled/DisabledValue","","Enabled: 1; Disabled: 0","googlechrome","SUPPORTED_WIN7","chrome.admx"
"Local","ImportBookmarks","Both","Software\Policies\Google\Chrome","ImportBookmarks","Enabled/DisabledValue","","Enabled: 1; Disabled: 0","googlechrome","SUPPORTED_WIN7","chrome.admx"
"Local","ImportHistory","Both","Software\Policies\Google\Chrome","ImportHistory","Enabled/DisabledValue","","Enabled: 1; Disabled: 0","googlechrome","SUPPORTED_WIN7","chrome.admx"
"Local","ImportHomepage","Both","Software\Policies\Google\Chrome","ImportHomepage","Enabled/DisabledValue","","Enabled: 1; Disabled: 0","googlechrome","SUPPORTED_WIN7","chrome.admx"
"Local","ImportSavedPasswords","Both","Software\Policies\Google\Chrome","ImportSavedPasswords","Enabled/DisabledValue","","Enabled: 1; Disabled: 0","googlechrome","SUPPORTED_WIN7","chrome.admx"
"Local","ImportSearchEngine","Both","Software\Policies\Google\Chrome","ImportSearchEngine","Enabled/DisabledValue","","Enabled: 1; Disabled: 0","googlechrome","SUPPORTED_WIN7","chrome.admx"
"Local","IncognitoModeAvailability","Both","Software\Policies\Google\Chrome","IncognitoModeAvailability","Dropdown","IncognitoModeAvailability","IncognitoModeAvailability","googlechrome","SUPPORTED_WIN7","chrome.admx"
"Local","IntensiveWakeUpThrottlingEnabled","Both","Software\Policies\Google\Chrome","IntensiveWakeUpThrottlingEnabled","Enabled/DisabledValue","","Enabled: 1; Disabled: 0","googlechrome","SUPPORTED_WIN7","chrome.admx"
"Local","IntranetRedirectBehavior","Both","Software\Policies\Google\Chrome","IntranetRedirectBehavior","Dropdown","IntranetRedirectBehavior","IntranetRedirectBehavior","googlechrome","SUPPORTED_WIN7","chrome.admx"
"Local","IsolateOrigins","Both","Software\Policies\Google\Chrome","IsolateOrigins","TextBox","IsolateOrigins","IsolateOrigins","googlechrome","SUPPORTED_WIN7","chrome.admx"
"Local","LensDesktopNTPSearchEnabled","Both","Software\Policies\Google\Chrome","LensDesktopNTPSearchEnabled","Enabled/DisabledValue","","Enabled: 1; Disabled: 0","googlechrome","SUPPORTED_WIN7","chrome.admx"
"Local","LensOverlaySettings","Both","Software\Policies\Google\Chrome","LensOverlaySettings","Dropdown","LensOverlaySettings","LensOverlaySettings","googlechrome","SUPPORTED_WIN7","chrome.admx"
"Local","LensRegionSearchEnabled","Both","Software\Policies\Google\Chrome","LensRegionSearchEnabled","Enabled/DisabledValue","","Enabled: 1; Disabled: 0","googlechrome","SUPPORTED_WIN7","chrome.admx"
"Local","LookalikeWarningAllowlistDomains","Both","Software\Policies\Google\Chrome","LookalikeWarningAllowlistDomains","List","Software\Policies\Google\Chrome\LookalikeWarningAllowlistDomains","LookalikeWarningAllowlistDomainsDesc","googlechrome","SUPPORTED_WIN7","chrome.admx"
"Local","ManagedAccountsSigninRestriction","Both","Software\Policies\Google\Chrome","ManagedAccountsSigninRestriction","Dropdown","ManagedAccountsSigninRestriction","ManagedAccountsSigninRestriction","googlechrome","SUPPORTED_WIN7","chrome.admx"
"Local","ManagedBookmarks","Both","Software\Policies\Google\Chrome","ManagedBookmarks","TextBox","ManagedBookmarks","ManagedBookmarks","googlechrome","SUPPORTED_WIN7","chrome.admx"
"Local","ManagedConfigurationPerOrigin","Both","Software\Policies\Google\Chrome","ManagedConfigurationPerOrigin","TextBox","ManagedConfigurationPerOrigin","ManagedConfigurationPerOrigin","googlechrome","SUPPORTED_WIN7","chrome.admx"
"Local","MaxConnectionsPerProxy","Both","Software\Policies\Google\Chrome","MaxConnectionsPerProxy","Number","","MaxConnectionsPerProxy","googlechrome","SUPPORTED_WIN7","chrome.admx"
"Local","MaxInvalidationFetchDelay","Both","Software\Policies\Google\Chrome","MaxInvalidationFetchDelay","Number","","MaxInvalidationFetchDelay","googlechrome","SUPPORTED_WIN7","chrome.admx"
"Local","MediaRecommendationsEnabled","Both","Software\Policies\Google\Chrome","MediaRecommendationsEnabled","Enabled/DisabledValue","","Enabled: 1; Disabled: 0","googlechrome","SUPPORTED_WIN7","chrome.admx"
"Local","MemorySaverModeSavings","Both","Software\Policies\Google\Chrome","MemorySaverModeSavings","Dropdown","MemorySaverModeSavings","MemorySaverModeSavings","googlechrome","SUPPORTED_WIN7","chrome.admx"
"Local","MetricsReportingEnabled","Both","Software\Policies\Google\Chrome","MetricsReportingEnabled","Enabled/DisabledValue","","Enabled: 1; Disabled: 0","googlechrome","SUPPORTED_WIN7","chrome.admx"
"Local","NTPCardsVisible","Both","Software\Policies\Google\Chrome","NTPCardsVisible","Enabled/DisabledValue","","Enabled: 1; Disabled: 0","googlechrome","SUPPORTED_WIN7","chrome.admx"
"Local","NTPCustomBackgroundEnabled","Both","Software\Policies\Google\Chrome","NTPCustomBackgroundEnabled","Enabled/DisabledValue","","Enabled: 1; Disabled: 0","googlechrome","SUPPORTED_WIN7","chrome.admx"
"Local","NTPFooterExtensionAttributionEnabled","Both","Software\Policies\Google\Chrome","NTPFooterExtensionAttributionEnabled","Enabled/DisabledValue","","Enabled: 1; Disabled: 0","googlechrome","SUPPORTED_WIN7","chrome.admx"
"Local","NTPFooterManagementNoticeEnabled","Both","Software\Policies\Google\Chrome","NTPFooterManagementNoticeEnabled","Enabled/DisabledValue","","Enabled: 1; Disabled: 0","googlechrome","SUPPORTED_WIN7","chrome.admx"
"Local","NTPMiddleSlotAnnouncementVisible","Both","Software\Policies\Google\Chrome","NTPMiddleSlotAnnouncementVisible","Enabled/DisabledValue","","Enabled: 1; Disabled: 0","googlechrome","SUPPORTED_WIN7","chrome.admx"
"Local","NTPOutlookCardVisible","Both","Software\Policies\Google\Chrome","NTPOutlookCardVisible","Enabled/DisabledValue","","Enabled: 1; Disabled: 0","googlechrome","SUPPORTED_WIN7","chrome.admx"
"Local","NTPSharepointCardVisible","Both","Software\Policies\Google\Chrome","NTPSharepointCardVisible","Enabled/DisabledValue","","Enabled: 1; Disabled: 0","googlechrome","SUPPORTED_WIN7","chrome.admx"
"Local","NTPShortcuts","Both","Software\Policies\Google\Chrome","NTPShortcuts","TextBox","NTPShortcuts","NTPShortcuts","googlechrome","SUPPORTED_WIN7","chrome.admx"
"Local","NativeHostsExecutablesLaunchDirectly","Both","Software\Policies\Google\Chrome","NativeHostsExecutablesLaunchDirectly","Enabled/DisabledValue","","Enabled: 1; Disabled: 0","googlechrome","SUPPORTED_WIN7","chrome.admx"
"Local","NetworkPredictionOptions","Both","Software\Policies\Google\Chrome","NetworkPredictionOptions","Dropdown","NetworkPredictionOptions","NetworkPredictionOptions","googlechrome","SUPPORTED_WIN7","chrome.admx"
"Local","NetworkServiceSandboxEnabled","Both","Software\Policies\Google\Chrome","NetworkServiceSandboxEnabled","Enabled/DisabledValue","","Enabled: 1; Disabled: 0","googlechrome","SUPPORTED_WIN7","chrome.admx"
"Local","OriginAgentClusterDefaultEnabled","Both","Software\Policies\Google\Chrome","OriginAgentClusterDefaultEnabled","Enabled/DisabledValue","","Enabled: 1; Disabled: 0","googlechrome","SUPPORTED_WIN7","chrome.admx"
"Local","OverrideSecurityRestrictionsOnInsecureOrigin","Both","Software\Policies\Google\Chrome","OverrideSecurityRestrictionsOnInsecureOrigin","List","Software\Policies\Google\Chrome\OverrideSecurityRestrictionsOnInsecureOrigin","OverrideSecurityRestrictionsOnInsecureOriginDesc","googlechrome","SUPPORTED_WIN7","chrome.admx"
"Local","PaymentMethodQueryEnabled","Both","Software\Policies\Google\Chrome","PaymentMethodQueryEnabled","Enabled/DisabledValue","","Enabled: 1; Disabled: 0","googlechrome","SUPPORTED_WIN7","chrome.admx"
"Local","PdfAnnotationsEnabled","Both","Software\Policies\Google\Chrome","PdfAnnotationsEnabled","Enabled/DisabledValue","","Enabled: 1; Disabled: 0","googlechrome","SUPPORTED_WIN7","chrome.admx"
"Local","PdfUseSkiaRendererEnabled","Both","Software\Policies\Google\Chrome","PdfUseSkiaRendererEnabled","Enabled/DisabledValue","","Enabled: 1; Disabled: 0","googlechrome","SUPPORTED_WIN7","chrome.admx"
"Local","PdfViewerOutOfProcessIframeEnabled","Both","Software\Policies\Google\Chrome","PdfViewerOutOfProcessIframeEnabled","Enabled/DisabledValue","","Enabled: 1; Disabled: 0","googlechrome","SUPPORTED_WIN7","chrome.admx"
"Local","PolicyAtomicGroupsEnabled","Both","Software\Policies\Google\Chrome","PolicyAtomicGroupsEnabled","Enabled/DisabledValue","","Enabled: 1; Disabled: 0","googlechrome","SUPPORTED_WIN7","chrome.admx"
"Local","PolicyDictionaryMultipleSourceMergeList","Both","Software\Policies\Google\Chrome","PolicyDictionaryMultipleSourceMergeList","List","Software\Policies\Google\Chrome\PolicyDictionaryMultipleSourceMergeList","PolicyDictionaryMultipleSourceMergeListDesc","googlechrome","SUPPORTED_WIN7","chrome.admx"
"Local","PolicyListMultipleSourceMergeList","Both","Software\Policies\Google\Chrome","PolicyListMultipleSourceMergeList","List","Software\Policies\Google\Chrome\PolicyListMultipleSourceMergeList","PolicyListMultipleSourceMergeListDesc","googlechrome","SUPPORTED_WIN7","chrome.admx"
"Local","PolicyRefreshRate","Both","Software\Policies\Google\Chrome","PolicyRefreshRate","Number","","PolicyRefreshRate","googlechrome","SUPPORTED_WIN7","chrome.admx"
"Local","PostQuantumKeyAgreementEnabled","Both","Software\Policies\Google\Chrome","PostQuantumKeyAgreementEnabled","Enabled/DisabledValue","","Enabled: 1; Disabled: 0","googlechrome","SUPPORTED_WIN7","chrome.admx"
"Local","PrefetchWithServiceWorkerEnabled","Both","Software\Policies\Google\Chrome","PrefetchWithServiceWorkerEnabled","Enabled/DisabledValue","","Enabled: 1; Disabled: 0","googlechrome","SUPPORTED_WIN7","chrome.admx"
"Local","ProfilePickerOnStartupAvailability","Both","Software\Policies\Google\Chrome","ProfilePickerOnStartupAvailability","Dropdown","ProfilePickerOnStartupAvailability","ProfilePickerOnStartupAvailability","googlechrome","SUPPORTED_WIN7","chrome.admx"
"Local","ProfileReauthPrompt","Both","Software\Policies\Google\Chrome","ProfileReauthPrompt","Dropdown","ProfileReauthPrompt","ProfileReauthPrompt","googlechrome","SUPPORTED_WIN7","chrome.admx"
"Local","PromotionsEnabled","Both","Software\Policies\Google\Chrome","PromotionsEnabled","Enabled/DisabledValue","","Enabled: 1; Disabled: 0","googlechrome","SUPPORTED_WIN7","chrome.admx"
"Local","PromptForDownloadLocation","Both","Software\Policies\Google\Chrome","PromptForDownloadLocation","Enabled/DisabledValue","","Enabled: 1; Disabled: 0","googlechrome","SUPPORTED_WIN7","chrome.admx"
"Local","PromptOnMultipleMatchingCertificates","Both","Software\Policies\Google\Chrome","PromptOnMultipleMatchingCertificates","Enabled/DisabledValue","","Enabled: 1; Disabled: 0","googlechrome","SUPPORTED_WIN7","chrome.admx"
"Local","ProxySettings","Both","Software\Policies\Google\Chrome","ProxySettings","TextBox","ProxySettings","ProxySettings","googlechrome","SUPPORTED_WIN7","chrome.admx"
"Local","QRCodeGeneratorEnabled","Both","Software\Policies\Google\Chrome","QRCodeGeneratorEnabled","Enabled/DisabledValue","","Enabled: 1; Disabled: 0","googlechrome","SUPPORTED_WIN7","chrome.admx"
"Local","QuicAllowed","Both","Software\Policies\Google\Chrome","QuicAllowed","Enabled/DisabledValue","","Enabled: 1; Disabled: 0","googlechrome","SUPPORTED_WIN7","chrome.admx"
"Local","ReduceAcceptLanguageEnabled","Both","Software\Policies\Google\Chrome","ReduceAcceptLanguageEnabled","Enabled/DisabledValue","","Enabled: 1; Disabled: 0","googlechrome","SUPPORTED_WIN7","chrome.admx"
"Local","RelaunchFastIfOutdated","Both","Software\Policies\Google\Chrome","RelaunchFastIfOutdated","Number","","RelaunchFastIfOutdated","googlechrome","SUPPORTED_WIN7","chrome.admx"
"Local","RelaunchNotification","Both","Software\Policies\Google\Chrome","RelaunchNotification","Dropdown","RelaunchNotification","RelaunchNotification","googlechrome","SUPPORTED_WIN7","chrome.admx"
"Local","RelaunchNotificationPeriod","Both","Software\Policies\Google\Chrome","RelaunchNotificationPeriod","Number","","RelaunchNotificationPeriod","googlechrome","SUPPORTED_WIN7","chrome.admx"
"Local","RelaunchWindow","Both","Software\Policies\Google\Chrome","RelaunchWindow","TextBox","RelaunchWindow","RelaunchWindow","googlechrome","SUPPORTED_WIN7","chrome.admx"
"Local","RemoteDebuggingAllowed","Both","Software\Policies\Google\Chrome","RemoteDebuggingAllowed","Enabled/DisabledValue","","Enabled: 1; Disabled: 0","googlechrome","SUPPORTED_WIN7","chrome.admx"
"Local","RendererAppContainerEnabled","Both","Software\Policies\Google\Chrome","RendererAppContainerEnabled","Enabled/DisabledValue","","Enabled: 1; Disabled: 0","googlechrome","SUPPORTED_WIN7","chrome.admx"
"Local","RequireOnlineRevocationChecksForLocalAnchors","Both","Software\Policies\Google\Chrome","RequireOnlineRevocationChecksForLocalAnchors","Enabled/DisabledValue","","Enabled: 1; Disabled: 0","googlechrome","SUPPORTED_WIN7","chrome.admx"
"Local","RestrictCoreSharingOnRenderer","Both","Software\Policies\Google\Chrome","RestrictCoreSharingOnRenderer","Enabled/DisabledValue","","Enabled: 1; Disabled: 0","googlechrome","SUPPORTED_WIN7","chrome.admx"
"Local","RestrictSigninToPattern","Both","Software\Policies\Google\Chrome","RestrictSigninToPattern","TextBox","RestrictSigninToPattern","RestrictSigninToPattern","googlechrome","SUPPORTED_WIN7","chrome.admx"
"Local","RoamingProfileLocation","Both","Software\Policies\Google\Chrome","RoamingProfileLocation","TextBox","RoamingProfileLocation","RoamingProfileLocation","googlechrome","SUPPORTED_WIN7","chrome.admx"
"Local","RoamingProfileSupportEnabled","Both","Software\Policies\Google\Chrome","RoamingProfileSupportEnabled","Enabled/DisabledValue","","Enabled: 1; Disabled: 0","googlechrome","SUPPORTED_WIN7","chrome.admx"
"Local","SSLErrorOverrideAllowed","Both","Software\Policies\Google\Chrome","SSLErrorOverrideAllowed","Enabled/DisabledValue","","Enabled: 1; Disabled: 0","googlechrome","SUPPORTED_WIN7","chrome.admx"
"Local","SSLErrorOverrideAllowedForOrigins","Both","Software\Policies\Google\Chrome","SSLErrorOverrideAllowedForOrigins","List","Software\Policies\Google\Chrome\SSLErrorOverrideAllowedForOrigins","SSLErrorOverrideAllowedForOriginsDesc","googlechrome","SUPPORTED_WIN7","chrome.admx"
"Local","SafeBrowsingForTrustedSourcesEnabled","Both","Software\Policies\Google\Chrome","SafeBrowsingForTrustedSourcesEnabled","Enabled/DisabledValue","","Enabled: 1; Disabled: 0","googlechrome","SUPPORTED_WIN7","chrome.admx"
"Local","SafeSitesFilterBehavior","Both","Software\Policies\Google\Chrome","SafeSitesFilterBehavior","Dropdown","SafeSitesFilterBehavior","SafeSitesFilterBehavior","googlechrome","SUPPORTED_WIN7","chrome.admx"
"Local","SandboxExternalProtocolBlocked","Both","Software\Policies\Google\Chrome","SandboxExternalProtocolBlocked","Enabled/DisabledValue","","Enabled: 1; Disabled: 0","googlechrome","SUPPORTED_WIN7","chrome.admx"
"Local","SavingBrowserHistoryDisabled","Both","Software\Policies\Google\Chrome","SavingBrowserHistoryDisabled","Enabled/DisabledValue","","Enabled: 1; Disabled: 0","googlechrome","SUPPORTED_WIN7","chrome.admx"
"Local","ScreenCaptureWithoutGestureAllowedForOrigins","Both","Software\Policies\Google\Chrome","ScreenCaptureWithoutGestureAllowedForOrigins","List","Software\Policies\Google\Chrome\ScreenCaptureWithoutGestureAllowedForOrigins","ScreenCaptureWithoutGestureAllowedForOriginsDesc","googlechrome","SUPPORTED_WIN7","chrome.admx"
"Local","ScrollToTextFragmentEnabled","Both","Software\Policies\Google\Chrome","ScrollToTextFragmentEnabled","Enabled/DisabledValue","","Enabled: 1; Disabled: 0","googlechrome","SUPPORTED_WIN7","chrome.admx"
"Local","SearchSuggestEnabled","Both","Software\Policies\Google\Chrome","SearchSuggestEnabled","Enabled/DisabledValue","","Enabled: 1; Disabled: 0","googlechrome","SUPPORTED_WIN7","chrome.admx"
"Local","SecurityKeyPermitAttestation","Both","Software\Policies\Google\Chrome","SecurityKeyPermitAttestation","List","Software\Policies\Google\Chrome\SecurityKeyPermitAttestation","SecurityKeyPermitAttestationDesc","googlechrome","SUPPORTED_WIN7","chrome.admx"
"Local","ServiceWorkerAutoPreloadEnabled","Both","Software\Policies\Google\Chrome","ServiceWorkerAutoPreloadEnabled","Enabled/DisabledValue","","Enabled: 1; Disabled: 0","googlechrome","SUPPORTED_WIN7","chrome.admx"
"Local","ServiceWorkerToControlSrcdocIframeEnabled","Both","Software\Policies\Google\Chrome","ServiceWorkerToControlSrcdocIframeEnabled","Enabled/DisabledValue","","Enabled: 1; Disabled: 0","googlechrome","SUPPORTED_WIN7","chrome.admx"
"Local","SharedArrayBufferUnrestrictedAccessAllowed","Both","Software\Policies\Google\Chrome","SharedArrayBufferUnrestrictedAccessAllowed","Enabled/DisabledValue","","Enabled: 1; Disabled: 0","googlechrome","SUPPORTED_WIN7","chrome.admx"
"Local","SharedClipboardEnabled","Both","Software\Policies\Google\Chrome","SharedClipboardEnabled","Enabled/DisabledValue","","Enabled: 1; Disabled: 0","googlechrome","SUPPORTED_WIN7","chrome.admx"
"Local","SharedWorkerBlobURLFixEnabled","Both","Software\Policies\Google\Chrome","SharedWorkerBlobURLFixEnabled","Enabled/DisabledValue","","Enabled: 1; Disabled: 0","googlechrome","SUPPORTED_WIN7","chrome.admx"
"Local","ShoppingListEnabled","Both","Software\Policies\Google\Chrome","ShoppingListEnabled","Enabled/DisabledValue","","Enabled: 1; Disabled: 0","googlechrome","SUPPORTED_WIN7","chrome.admx"
"Local","ShowAppsShortcutInBookmarkBar","Both","Software\Policies\Google\Chrome","ShowAppsShortcutInBookmarkBar","Enabled/DisabledValue","","Enabled: 1; Disabled: 0","googlechrome","SUPPORTED_WIN7","chrome.admx"
"Local","ShowFullUrlsInAddressBar","Both","Software\Policies\Google\Chrome","ShowFullUrlsInAddressBar","Enabled/DisabledValue","","Enabled: 1; Disabled: 0","googlechrome","SUPPORTED_WIN7","chrome.admx"
"Local","SideSearchEnabled","Both","Software\Policies\Google\Chrome","SideSearchEnabled","Enabled/DisabledValue","","Enabled: 1; Disabled: 0","googlechrome","SUPPORTED_WIN7","chrome.admx"
"Local","SignedHTTPExchangeEnabled","Both","Software\Policies\Google\Chrome","SignedHTTPExchangeEnabled","Enabled/DisabledValue","","Enabled: 1; Disabled: 0","googlechrome","SUPPORTED_WIN7","chrome.admx"
"Local","SigninInterceptionEnabled","Both","Software\Policies\Google\Chrome","SigninInterceptionEnabled","Enabled/DisabledValue","","Enabled: 1; Disabled: 0","googlechrome","SUPPORTED_WIN7","chrome.admx"
"Local","SitePerProcess","Both","Software\Policies\Google\Chrome","SitePerProcess","Enabled/DisabledValue","","Enabled: 1; Disabled: 0","googlechrome","SUPPORTED_WIN7","chrome.admx"
"Local","SiteSearchSettings","Both","Software\Policies\Google\Chrome","SiteSearchSettings","TextBox","SiteSearchSettings","SiteSearchSettings","googlechrome","SUPPORTED_WIN7","chrome.admx"
"Local","SpellCheckServiceEnabled","Both","Software\Policies\Google\Chrome","SpellCheckServiceEnabled","Enabled/DisabledValue","","Enabled: 1; Disabled: 0","googlechrome","SUPPORTED_WIN7","chrome.admx"
"Local","SpellcheckEnabled","Both","Software\Policies\Google\Chrome","SpellcheckEnabled","Enabled/DisabledValue","","Enabled: 1; Disabled: 0","googlechrome","SUPPORTED_WIN7","chrome.admx"
"Local","SpellcheckLanguage","Both","Software\Policies\Google\Chrome","SpellcheckLanguage","List","Software\Policies\Google\Chrome\SpellcheckLanguage","SpellcheckLanguageDesc","googlechrome","SUPPORTED_WIN7","chrome.admx"
"Local","SpellcheckLanguageBlocklist","Both","Software\Policies\Google\Chrome","SpellcheckLanguageBlocklist","List","Software\Policies\Google\Chrome\SpellcheckLanguageBlocklist","SpellcheckLanguageBlocklistDesc","googlechrome","SUPPORTED_WIN7","chrome.admx"
"Local","StandardizedBrowserZoomEnabled","Both","Software\Policies\Google\Chrome","StandardizedBrowserZoomEnabled","Enabled/DisabledValue","","Enabled: 1; Disabled: 0","googlechrome","SUPPORTED_WIN7","chrome.admx"
"Local","StrictMimetypeCheckForWorkerScriptsEnabled","Both","Software\Policies\Google\Chrome","StrictMimetypeCheckForWorkerScriptsEnabled","Enabled/DisabledValue","","Enabled: 1; Disabled: 0","googlechrome","SUPPORTED_WIN7","chrome.admx"
"Local","SuppressDifferentOriginSubframeDialogs","Both","Software\Policies\Google\Chrome","SuppressDifferentOriginSubframeDialogs","Enabled/DisabledValue","","Enabled: 1; Disabled: 0","googlechrome","SUPPORTED_WIN7","chrome.admx"
"Local","SuppressUnsupportedOSWarning","Both","Software\Policies\Google\Chrome","SuppressUnsupportedOSWarning","Enabled/DisabledValue","","Enabled: 1; Disabled: 0","googlechrome","SUPPORTED_WIN7","chrome.admx"
"Local","SyncDisabled","Both","Software\Policies\Google\Chrome","SyncDisabled","Enabled/DisabledValue","","Enabled: 1; Disabled: 0","googlechrome","SUPPORTED_WIN7","chrome.admx"
"Local","SyncTypesListDisabled","Both","Software\Policies\Google\Chrome","SyncTypesListDisabled","List","Software\Policies\Google\Chrome\SyncTypesListDisabled","SyncTypesListDisabledDesc","googlechrome","SUPPORTED_WIN7","chrome.admx"
"Local","TLS13EarlyDataEnabled","Both","Software\Policies\Google\Chrome","TLS13EarlyDataEnabled","Enabled/DisabledValue","","Enabled: 1; Disabled: 0","googlechrome","SUPPORTED_WIN7","chrome.admx"
"Local","TabDiscardingExceptions","Both","Software\Policies\Google\Chrome","TabDiscardingExceptions","List","Software\Policies\Google\Chrome\TabDiscardingExceptions","TabDiscardingExceptionsDesc","googlechrome","SUPPORTED_WIN7","chrome.admx"
"Local","TaskManagerEndProcessEnabled","Both","Software\Policies\Google\Chrome","TaskManagerEndProcessEnabled","Enabled/DisabledValue","","Enabled: 1; Disabled: 0","googlechrome","SUPPORTED_WIN7","chrome.admx"
"Local","TotalMemoryLimitMb","Both","Software\Policies\Google\Chrome","TotalMemoryLimitMb","Number","","TotalMemoryLimitMb","googlechrome","SUPPORTED_WIN7","chrome.admx"
"Local","TranslateEnabled","Both","Software\Policies\Google\Chrome","TranslateEnabled","Enabled/DisabledValue","","Enabled: 1; Disabled: 0","googlechrome","SUPPORTED_WIN7","chrome.admx"
"Local","TranslatorAPIAllowed","Both","Software\Policies\Google\Chrome","TranslatorAPIAllowed","Enabled/DisabledValue","","Enabled: 1; Disabled: 0","googlechrome","SUPPORTED_WIN7","chrome.admx"
"Local","URLAllowlist","Both","Software\Policies\Google\Chrome","URLAllowlist","List","Software\Policies\Google\Chrome\URLAllowlist","URLAllowlistDesc","googlechrome","SUPPORTED_WIN7","chrome.admx"
"Local","URLBlocklist","Both","Software\Policies\Google\Chrome","URLBlocklist","List","Software\Policies\Google\Chrome\URLBlocklist","URLBlocklistDesc","googlechrome","SUPPORTED_WIN7","chrome.admx"
"Local","UrlKeyedAnonymizedDataCollectionEnabled","Both","Software\Policies\Google\Chrome","UrlKeyedAnonymizedDataCollectionEnabled","Enabled/DisabledValue","","Enabled: 1; Disabled: 0","googlechrome","SUPPORTED_WIN7","chrome.admx"
"Local","UserDataDir","Both","Software\Policies\Google\Chrome","UserDataDir","TextBox","UserDataDir","UserDataDir","googlechrome","SUPPORTED_WIN7","chrome.admx"
"Local","UserDataSnapshotRetentionLimit","Both","Software\Policies\Google\Chrome","UserDataSnapshotRetentionLimit","Number","","UserDataSnapshotRetentionLimit","googlechrome","SUPPORTED_WIN7","chrome.admx"
"Local","UserFeedbackAllowed","Both","Software\Policies\Google\Chrome","UserFeedbackAllowed","Enabled/DisabledValue","","Enabled: 1; Disabled: 0","googlechrome","SUPPORTED_WIN7","chrome.admx"
"Local","VideoCaptureAllowed","Both","Software\Policies\Google\Chrome","VideoCaptureAllowed","Enabled/DisabledValue","","Enabled: 1; Disabled: 0","googlechrome","SUPPORTED_WIN7","chrome.admx"
"Local","VideoCaptureAllowedUrls","Both","Software\Policies\Google\Chrome","VideoCaptureAllowedUrls","List","Software\Policies\Google\Chrome\VideoCaptureAllowedUrls","VideoCaptureAllowedUrlsDesc","googlechrome","SUPPORTED_WIN7","chrome.admx"
"Local","WPADQuickCheckEnabled","Both","Software\Policies\Google\Chrome","WPADQuickCheckEnabled","Enabled/DisabledValue","","Enabled: 1; Disabled: 0","googlechrome","SUPPORTED_WIN7","chrome.admx"
"Local","WebAppInstallForceList","Both","Software\Policies\Google\Chrome","WebAppInstallForceList","TextBox","WebAppInstallForceList","WebAppInstallForceList","googlechrome","SUPPORTED_WIN7","chrome.admx"
"Local","WebAppSettings","Both","Software\Policies\Google\Chrome","WebAppSettings","TextBox","WebAppSettings","WebAppSettings","googlechrome","SUPPORTED_WIN7","chrome.admx"
"Local","WebAudioOutputBufferingEnabled","Both","Software\Policies\Google\Chrome","WebAudioOutputBufferingEnabled","Enabled/DisabledValue","","Enabled: 1; Disabled: 0","googlechrome","SUPPORTED_WIN7","chrome.admx"
"Local","WebAuthenticationRemoteDesktopAllowedOrigins","Both","Software\Policies\Google\Chrome","WebAuthenticationRemoteDesktopAllowedOrigins","List","Software\Policies\Google\Chrome\WebAuthenticationRemoteDesktopAllowedOrigins","WebAuthenticationRemoteDesktopAllowedOriginsDesc","googlechrome","SUPPORTED_WIN7","chrome.admx"
"Local","WebRtcEventLogCollectionAllowed","Both","Software\Policies\Google\Chrome","WebRtcEventLogCollectionAllowed","Enabled/DisabledValue","","Enabled: 1; Disabled: 0","googlechrome","SUPPORTED_WIN7","chrome.admx"
"Local","WebRtcLocalIpsAllowedUrls","Both","Software\Policies\Google\Chrome","WebRtcLocalIpsAllowedUrls","List","Software\Policies\Google\Chrome\WebRtcLocalIpsAllowedUrls","WebRtcLocalIpsAllowedUrlsDesc","googlechrome","SUPPORTED_WIN7","chrome.admx"
"Local","WebRtcTextLogCollectionAllowed","Both","Software\Policies\Google\Chrome","WebRtcTextLogCollectionAllowed","Enabled/DisabledValue","","Enabled: 1; Disabled: 0","googlechrome","SUPPORTED_WIN7","chrome.admx"
"Local","WebRtcUdpPortRange","Both","Software\Policies\Google\Chrome","WebRtcUdpPortRange","TextBox","WebRtcUdpPortRange","WebRtcUdpPortRange","googlechrome","SUPPORTED_WIN7","chrome.admx"
"Local","WindowOcclusionEnabled","Both","Software\Policies\Google\Chrome","WindowOcclusionEnabled","Enabled/DisabledValue","","Enabled: 1; Disabled: 0","googlechrome","SUPPORTED_WIN7","chrome.admx"
"Local","AlwaysOpenPdfExternally_recommended","Both","Software\Policies\Google\Chrome\Recommended","AlwaysOpenPdfExternally","Enabled/DisabledValue","","Enabled: 1; Disabled: 0","googlechrome_recommended","SUPPORTED_WIN7","chrome.admx"
"Local","ApplicationLocaleValue_recommended","Both","Software\Policies\Google\Chrome\Recommended","ApplicationLocaleValue_recommended","TextBox","ApplicationLocaleValue","ApplicationLocaleValue","googlechrome_recommended","SUPPORTED_WIN7","chrome.admx"
"Local","AutofillAddressEnabled_recommended","Both","Software\Policies\Google\Chrome\Recommended","AutofillAddressEnabled","Enabled/DisabledValue","","Enabled: 1; Disabled: 0","googlechrome_recommended","SUPPORTED_WIN7","chrome.admx"
"Local","AutofillCreditCardEnabled_recommended","Both","Software\Policies\Google\Chrome\Recommended","AutofillCreditCardEnabled","Enabled/DisabledValue","","Enabled: 1; Disabled: 0","googlechrome_recommended","SUPPORTED_WIN7","chrome.admx"
"Local","BackgroundModeEnabled_recommended","Both","Software\Policies\Google\Chrome\Recommended","BackgroundModeEnabled","Enabled/DisabledValue","","Enabled: 1; Disabled: 0","googlechrome_recommended","SUPPORTED_WIN7","chrome.admx"
"Local","BatterySaverModeAvailability_recommended","Both","Software\Policies\Google\Chrome\Recommended","BatterySaverModeAvailability_recommended","Dropdown","BatterySaverModeAvailability","BatterySaverModeAvailability","googlechrome_recommended","SUPPORTED_WIN7","chrome.admx"
"Local","BlockThirdPartyCookies_recommended","Both","Software\Policies\Google\Chrome\Recommended","BlockThirdPartyCookies","Enabled/DisabledValue","","Enabled: 1; Disabled: 0","googlechrome_recommended","SUPPORTED_WIN7","chrome.admx"
"Local","BookmarkBarEnabled_recommended","Both","Software\Policies\Google\Chrome\Recommended","BookmarkBarEnabled","Enabled/DisabledValue","","Enabled: 1; Disabled: 0","googlechrome_recommended","SUPPORTED_WIN7","chrome.admx"
"Local","DefaultDownloadDirectory_recommended","Both","Software\Policies\Google\Chrome\Recommended","DefaultDownloadDirectory_recommended","TextBox","DefaultDownloadDirectory","DefaultDownloadDirectory","googlechrome_recommended","SUPPORTED_WIN7","chrome.admx"
"Local","DefaultSearchProviderContextMenuAccessAllowed_recommended","Both","Software\Policies\Google\Chrome\Recommended","DefaultSearchProviderContextMenuAccessAllowed","Enabled/DisabledValue","","Enabled: 1; Disabled: 0","googlechrome_recommended","SUPPORTED_WIN7","chrome.admx"
"Local","DomainReliabilityAllowed_recommended","Both","Software\Policies\Google\Chrome\Recommended","DomainReliabilityAllowed","Enabled/DisabledValue","","Enabled: 1; Disabled: 0","googlechrome_recommended","SUPPORTED_WIN7","chrome.admx"
"Local","DownloadDirectory_recommended","Both","Software\Policies\Google\Chrome\Recommended","DownloadDirectory_recommended","TextBox","DownloadDirectory","DownloadDirectory","googlechrome_recommended","SUPPORTED_WIN7","chrome.admx"
"Local","DownloadRestrictions_recommended","Both","Software\Policies\Google\Chrome\Recommended","DownloadRestrictions_recommended","Dropdown","DownloadRestrictions","DownloadRestrictions","googlechrome_recommended","SUPPORTED_WIN7","chrome.admx"
"Local","EnterpriseProfileCreationKeepBrowsingData_recommended","Both","Software\Policies\Google\Chrome\Recommended","EnterpriseProfileCreationKeepBrowsingData","Enabled/DisabledValue","","Enabled: 1; Disabled: 0","googlechrome_recommended","SUPPORTED_WIN7","chrome.admx"
"Local","ImportAutofillFormData_recommended","Both","Software\Policies\Google\Chrome\Recommended","ImportAutofillFormData","Enabled/DisabledValue","","Enabled: 1; Disabled: 0","googlechrome_recommended","SUPPORTED_WIN7","chrome.admx"
"Local","ImportBookmarks_recommended","Both","Software\Policies\Google\Chrome\Recommended","ImportBookmarks","Enabled/DisabledValue","","Enabled: 1; Disabled: 0","googlechrome_recommended","SUPPORTED_WIN7","chrome.admx"
"Local","ImportHistory_recommended","Both","Software\Policies\Google\Chrome\Recommended","ImportHistory","Enabled/DisabledValue","","Enabled: 1; Disabled: 0","googlechrome_recommended","SUPPORTED_WIN7","chrome.admx"
"Local","ImportSavedPasswords_recommended","Both","Software\Policies\Google\Chrome\Recommended","ImportSavedPasswords","Enabled/DisabledValue","","Enabled: 1; Disabled: 0","googlechrome_recommended","SUPPORTED_WIN7","chrome.admx"
"Local","ImportSearchEngine_recommended","Both","Software\Policies\Google\Chrome\Recommended","ImportSearchEngine","Enabled/DisabledValue","","Enabled: 1; Disabled: 0","googlechrome_recommended","SUPPORTED_WIN7","chrome.admx"
"Local","MetricsReportingEnabled_recommended","Both","Software\Policies\Google\Chrome\Recommended","MetricsReportingEnabled","Enabled/DisabledValue","","Enabled: 1; Disabled: 0","googlechrome_recommended","SUPPORTED_WIN7","chrome.admx"
"Local","NetworkPredictionOptions_recommended","Both","Software\Policies\Google\Chrome\Recommended","NetworkPredictionOptions_recommended","Dropdown","NetworkPredictionOptions","NetworkPredictionOptions","googlechrome_recommended","SUPPORTED_WIN7","chrome.admx"
"Local","OriginKeyedProcessesEnabled_recommended","Both","Software\Policies\Google\Chrome\Recommended","OriginKeyedProcessesEnabled","Enabled/DisabledValue","","Enabled: 1; Disabled: 0","googlechrome_recommended","SUPPORTED_WIN7","chrome.admx"
"Local","SearchSuggestEnabled_recommended","Both","Software\Policies\Google\Chrome\Recommended","SearchSuggestEnabled","Enabled/DisabledValue","","Enabled: 1; Disabled: 0","googlechrome_recommended","SUPPORTED_WIN7","chrome.admx"
"Local","ShowFullUrlsInAddressBar_recommended","Both","Software\Policies\Google\Chrome\Recommended","ShowFullUrlsInAddressBar","Enabled/DisabledValue","","Enabled: 1; Disabled: 0","googlechrome_recommended","SUPPORTED_WIN7","chrome.admx"
"Local","SpellCheckServiceEnabled_recommended","Both","Software\Policies\Google\Chrome\Recommended","SpellCheckServiceEnabled","Enabled/DisabledValue","","Enabled: 1; Disabled: 0","googlechrome_recommended","SUPPORTED_WIN7","chrome.admx"
"Local","TranslateEnabled_recommended","Both","Software\Policies\Google\Chrome\Recommended","TranslateEnabled","Enabled/DisabledValue","","Enabled: 1; Disabled: 0","googlechrome_recommended","SUPPORTED_WIN7","chrome.admx"
"Local","NativeMessagingAllowlist","Both","Software\Policies\Google\Chrome","NativeMessagingAllowlist","List","Software\Policies\Google\Chrome\NativeMessagingAllowlist","NativeMessagingAllowlistDesc","NativeMessaging","SUPPORTED_WIN7","chrome.admx"
"Local","NativeMessagingBlocklist","Both","Software\Policies\Google\Chrome","NativeMessagingBlocklist","List","Software\Policies\Google\Chrome\NativeMessagingBlocklist","NativeMessagingBlocklistDesc","NativeMessaging","SUPPORTED_WIN7","chrome.admx"
"Local","NativeMessagingUserLevelHosts","Both","Software\Policies\Google\Chrome","NativeMessagingUserLevelHosts","Enabled/DisabledValue","","Enabled: 1; Disabled: 0","NativeMessaging","SUPPORTED_WIN7","chrome.admx"
"Local","AccessControlAllowMethodsInCORSPreflightSpecConformant","Both","Software\Policies\Google\Chrome","AccessControlAllowMethodsInCORSPreflightSpecConformant","Enabled/DisabledValue","","Enabled: 1; Disabled: 0","Network","SUPPORTED_WIN7","chrome.admx"
"Local","CompressionDictionaryTransportEnabled","Both","Software\Policies\Google\Chrome","CompressionDictionaryTransportEnabled","Enabled/DisabledValue","","Enabled: 1; Disabled: 0","Network","SUPPORTED_WIN7","chrome.admx"
"Local","DataURLWhitespacePreservationEnabled","Both","Software\Policies\Google\Chrome","DataURLWhitespacePreservationEnabled","Enabled/DisabledValue","","Enabled: 1; Disabled: 0","Network","SUPPORTED_WIN7","chrome.admx"
"Local","HappyEyeballsV3Enabled","Both","Software\Policies\Google\Chrome","HappyEyeballsV3Enabled","Enabled/DisabledValue","","Enabled: 1; Disabled: 0","Network","SUPPORTED_WIN7","chrome.admx"
"Local","IPv6ReachabilityOverrideEnabled","Both","Software\Policies\Google\Chrome","IPv6ReachabilityOverrideEnabled","Enabled/DisabledValue","","Enabled: 1; Disabled: 0","Network","SUPPORTED_WIN7","chrome.admx"
"Local","AutomatedPasswordChangeSettings","Both","Software\Policies\Google\Chrome","AutomatedPasswordChangeSettings","Dropdown","AutomatedPasswordChangeSettings","AutomatedPasswordChangeSettings","PasswordManager","SUPPORTED_WIN7","chrome.admx"
"Local","DeletingUndecryptablePasswordsEnabled","Both","Software\Policies\Google\Chrome","DeletingUndecryptablePasswordsEnabled","Enabled/DisabledValue","","Enabled: 1; Disabled: 0","PasswordManager","SUPPORTED_WIN7","chrome.admx"
"Local","PasswordDismissCompromisedAlertEnabled","Both","Software\Policies\Google\Chrome","PasswordDismissCompromisedAlertEnabled","Enabled/DisabledValue","","Enabled: 1; Disabled: 0","PasswordManager","SUPPORTED_WIN7","chrome.admx"
"Local","PasswordLeakDetectionEnabled","Both","Software\Policies\Google\Chrome","PasswordLeakDetectionEnabled","Enabled/DisabledValue","","Enabled: 1; Disabled: 0","PasswordManager","SUPPORTED_WIN7","chrome.admx"
"Local","PasswordManagerBlocklist","Both","Software\Policies\Google\Chrome","PasswordManagerBlocklist","List","Software\Policies\Google\Chrome\PasswordManagerBlocklist","PasswordManagerBlocklistDesc","PasswordManager","SUPPORTED_WIN7","chrome.admx"
"Local","PasswordManagerEnabled","Both","Software\Policies\Google\Chrome","PasswordManagerEnabled","Enabled/DisabledValue","","Enabled: 1; Disabled: 0","PasswordManager","SUPPORTED_WIN7","chrome.admx"
"Local","PasswordManagerPasskeysEnabled","Both","Software\Policies\Google\Chrome","PasswordManagerPasskeysEnabled","Enabled/DisabledValue","","Enabled: 1; Disabled: 0","PasswordManager","SUPPORTED_WIN7","chrome.admx"
"Local","PasswordSharingEnabled","Both","Software\Policies\Google\Chrome","PasswordSharingEnabled","Enabled/DisabledValue","","Enabled: 1; Disabled: 0","PasswordManager","SUPPORTED_WIN7","chrome.admx"
"Local","PasswordManagerEnabled_recommended","Both","Software\Policies\Google\Chrome\Recommended","PasswordManagerEnabled","Enabled/DisabledValue","","Enabled: 1; Disabled: 0","PasswordManager_recommended","SUPPORTED_WIN7","chrome.admx"
"Local","CloudPrintProxyEnabled","Both","Software\Policies\Google\Chrome","CloudPrintProxyEnabled","Enabled/DisabledValue","","Enabled: 1; Disabled: 0","Printing","SUPPORTED_WIN7","chrome.admx"
"Local","DefaultPrinterSelection","Both","Software\Policies\Google\Chrome","DefaultPrinterSelection","TextBox","DefaultPrinterSelection","DefaultPrinterSelection","Printing","SUPPORTED_WIN7","chrome.admx"
"Local","DisablePrintPreview","Both","Software\Policies\Google\Chrome","DisablePrintPreview","Enabled/DisabledValue","","Enabled: 1; Disabled: 0","Printing","SUPPORTED_WIN7","chrome.admx"
"Local","OopPrintDriversAllowed","Both","Software\Policies\Google\Chrome","OopPrintDriversAllowed","Enabled/DisabledValue","","Enabled: 1; Disabled: 0","Printing","SUPPORTED_WIN7","chrome.admx"
"Local","PrintHeaderFooter","Both","Software\Policies\Google\Chrome","PrintHeaderFooter","Enabled/DisabledValue","","Enabled: 1; Disabled: 0","Printing","SUPPORTED_WIN7","chrome.admx"
"Local","PrintPdfAsImageAvailability","Both","Software\Policies\Google\Chrome","PrintPdfAsImageAvailability","Enabled/DisabledValue","","Enabled: 1; Disabled: 0","Printing","SUPPORTED_WIN7","chrome.admx"
"Local","PrintPdfAsImageDefault","Both","Software\Policies\Google\Chrome","PrintPdfAsImageDefault","Enabled/DisabledValue","","Enabled: 1; Disabled: 0","Printing","SUPPORTED_WIN7","chrome.admx"
"Local","PrintPostScriptMode","Both","Software\Policies\Google\Chrome","PrintPostScriptMode","Dropdown","PrintPostScriptMode","PrintPostScriptMode","Printing","SUPPORTED_WIN7","chrome.admx"
"Local","PrintPreviewUseSystemDefaultPrinter","Both","Software\Policies\Google\Chrome","PrintPreviewUseSystemDefaultPrinter","Enabled/DisabledValue","","Enabled: 1; Disabled: 0","Printing","SUPPORTED_WIN7","chrome.admx"
"Local","PrintRasterizationMode","Both","Software\Policies\Google\Chrome","PrintRasterizationMode","Dropdown","PrintRasterizationMode","PrintRasterizationMode","Printing","SUPPORTED_WIN7","chrome.admx"
"Local","PrintRasterizePdfDpi","Both","Software\Policies\Google\Chrome","PrintRasterizePdfDpi","Number","","PrintRasterizePdfDpi","Printing","SUPPORTED_WIN7","chrome.admx"
"Local","PrinterTypeDenyList","Both","Software\Policies\Google\Chrome","PrinterTypeDenyList","List","Software\Policies\Google\Chrome\PrinterTypeDenyList","PrinterTypeDenyListDesc","Printing","SUPPORTED_WIN7","chrome.admx"
"Local","PrintingAllowedBackgroundGraphicsModes","Both","Software\Policies\Google\Chrome","PrintingAllowedBackgroundGraphicsModes","Dropdown","PrintingAllowedBackgroundGraphicsModes","PrintingAllowedBackgroundGraphicsModes","Printing","SUPPORTED_WIN7","chrome.admx"
"Local","PrintingBackgroundGraphicsDefault","Both","Software\Policies\Google\Chrome","PrintingBackgroundGraphicsDefault","Dropdown","PrintingBackgroundGraphicsDefault","PrintingBackgroundGraphicsDefault","Printing","SUPPORTED_WIN7","chrome.admx"
"Local","PrintingEnabled","Both","Software\Policies\Google\Chrome","PrintingEnabled","Enabled/DisabledValue","","Enabled: 1; Disabled: 0","Printing","SUPPORTED_WIN7","chrome.admx"
"Local","PrintingLPACSandboxEnabled","Both","Software\Policies\Google\Chrome","PrintingLPACSandboxEnabled","Enabled/DisabledValue","","Enabled: 1; Disabled: 0","Printing","SUPPORTED_WIN7","chrome.admx"
"Local","PrintingPaperSizeDefault","Both","Software\Policies\Google\Chrome","PrintingPaperSizeDefault","TextBox","PrintingPaperSizeDefault","PrintingPaperSizeDefault","Printing","SUPPORTED_WIN7","chrome.admx"
"Local","PrintHeaderFooter_recommended","Both","Software\Policies\Google\Chrome\Recommended","PrintHeaderFooter","Enabled/DisabledValue","","Enabled: 1; Disabled: 0","Printing_recommended","SUPPORTED_WIN7","chrome.admx"
"Local","PrintPreviewUseSystemDefaultPrinter_recommended","Both","Software\Policies\Google\Chrome\Recommended","PrintPreviewUseSystemDefaultPrinter","Enabled/DisabledValue","","Enabled: 1; Disabled: 0","Printing_recommended","SUPPORTED_WIN7","chrome.admx"
"Local","PrivacySandboxAdMeasurementEnabled","Both","Software\Policies\Google\Chrome","PrivacySandboxAdMeasurementEnabled","Enabled/DisabledValue","","Enabled: 1; Disabled: 0","PrivacySandbox","SUPPORTED_WIN7","chrome.admx"
"Local","PrivacySandboxAdTopicsEnabled","Both","Software\Policies\Google\Chrome","PrivacySandboxAdTopicsEnabled","Enabled/DisabledValue","","Enabled: 1; Disabled: 0","PrivacySandbox","SUPPORTED_WIN7","chrome.admx"
"Local","PrivacySandboxFingerprintingProtectionEnabled","Both","Software\Policies\Google\Chrome","PrivacySandboxFingerprintingProtectionEnabled","Enabled/DisabledValue","","Enabled: 1; Disabled: 0","PrivacySandbox","SUPPORTED_WIN7","chrome.admx"
"Local","PrivacySandboxIpProtectionEnabled","Both","Software\Policies\Google\Chrome","PrivacySandboxIpProtectionEnabled","Enabled/DisabledValue","","Enabled: 1; Disabled: 0","PrivacySandbox","SUPPORTED_WIN7","chrome.admx"
"Local","PrivacySandboxPromptEnabled","Both","Software\Policies\Google\Chrome","PrivacySandboxPromptEnabled","Enabled/DisabledValue","","Enabled: 1; Disabled: 0","PrivacySandbox","SUPPORTED_WIN7","chrome.admx"
"Local","PrivacySandboxSiteEnabledAdsEnabled","Both","Software\Policies\Google\Chrome","PrivacySandboxSiteEnabledAdsEnabled","Enabled/DisabledValue","","Enabled: 1; Disabled: 0","PrivacySandbox","SUPPORTED_WIN7","chrome.admx"
"Local","ProtectedContentIdentifiersAllowed","Both","Software\Policies\Google\Chrome","ProtectedContentIdentifiersAllowed","Enabled/DisabledValue","","Enabled: 1; Disabled: 0","ProtectedContent","SUPPORTED_WIN7","chrome.admx"
"Local","RelatedWebsiteSetsEnabled","Both","Software\Policies\Google\Chrome","RelatedWebsiteSetsEnabled","Enabled/DisabledValue","","Enabled: 1; Disabled: 0","RelatedWebsiteSets","SUPPORTED_WIN7","chrome.admx"
"Local","RelatedWebsiteSetsOverrides","Both","Software\Policies\Google\Chrome","RelatedWebsiteSetsOverrides","TextBox","RelatedWebsiteSetsOverrides","RelatedWebsiteSetsOverrides","RelatedWebsiteSets","SUPPORTED_WIN7","chrome.admx"
"Local","RemoteAccessHostAllowClientPairing","Both","Software\Policies\Google\Chrome","RemoteAccessHostAllowClientPairing","Enabled/DisabledValue","","Enabled: 1; Disabled: 0","RemoteAccess","SUPPORTED_WIN7","chrome.admx"
"Local","RemoteAccessHostAllowFileTransfer","Both","Software\Policies\Google\Chrome","RemoteAccessHostAllowFileTransfer","Enabled/DisabledValue","","Enabled: 1; Disabled: 0","RemoteAccess","SUPPORTED_WIN7","chrome.admx"
"Local","RemoteAccessHostAllowPinAuthentication","Both","Software\Policies\Google\Chrome","RemoteAccessHostAllowPinAuthentication","Enabled/DisabledValue","","Enabled: 1; Disabled: 0","RemoteAccess","SUPPORTED_WIN7","chrome.admx"
"Local","RemoteAccessHostAllowRelayedConnection","Both","Software\Policies\Google\Chrome","RemoteAccessHostAllowRelayedConnection","Enabled/DisabledValue","","Enabled: 1; Disabled: 0","RemoteAccess","SUPPORTED_WIN7","chrome.admx"
"Local","RemoteAccessHostAllowRemoteAccessConnections","Both","Software\Policies\Google\Chrome","RemoteAccessHostAllowRemoteAccessConnections","Enabled/DisabledValue","","Enabled: 1; Disabled: 0","RemoteAccess","SUPPORTED_WIN7","chrome.admx"
"Local","RemoteAccessHostAllowRemoteSupportConnections","Both","Software\Policies\Google\Chrome","RemoteAccessHostAllowRemoteSupportConnections","Enabled/DisabledValue","","Enabled: 1; Disabled: 0","RemoteAccess","SUPPORTED_WIN7","chrome.admx"
"Local","RemoteAccessHostAllowUiAccessForRemoteAssistance","Both","Software\Policies\Google\Chrome","RemoteAccessHostAllowUiAccessForRemoteAssistance","Enabled/DisabledValue","","Enabled: 1; Disabled: 0","RemoteAccess","SUPPORTED_WIN7","chrome.admx"
"Local","RemoteAccessHostAllowUrlForwarding","Both","Software\Policies\Google\Chrome","RemoteAccessHostAllowUrlForwarding","Enabled/DisabledValue","","Enabled: 1; Disabled: 0","RemoteAccess","SUPPORTED_WIN7","chrome.admx"
"Local","RemoteAccessHostClientDomainList","Both","Software\Policies\Google\Chrome","RemoteAccessHostClientDomainList","List","Software\Policies\Google\Chrome\RemoteAccessHostClientDomainList","RemoteAccessHostClientDomainListDesc","RemoteAccess","SUPPORTED_WIN7","chrome.admx"
"Local","RemoteAccessHostClipboardSizeBytes","Both","Software\Policies\Google\Chrome","RemoteAccessHostClipboardSizeBytes","Number","","RemoteAccessHostClipboardSizeBytes","RemoteAccess","SUPPORTED_WIN7","chrome.admx"
"Local","RemoteAccessHostDomainList","Both","Software\Policies\Google\Chrome","RemoteAccessHostDomainList","List","Software\Policies\Google\Chrome\RemoteAccessHostDomainList","RemoteAccessHostDomainListDesc","RemoteAccess","SUPPORTED_WIN7","chrome.admx"
"Local","RemoteAccessHostFirewallTraversal","Both","Software\Policies\Google\Chrome","RemoteAccessHostFirewallTraversal","Enabled/DisabledValue","","Enabled: 1; Disabled: 0","RemoteAccess","SUPPORTED_WIN7","chrome.admx"
"Local","RemoteAccessHostMaximumSessionDurationMinutes","Both","Software\Policies\Google\Chrome","RemoteAccessHostMaximumSessionDurationMinutes","Number","","RemoteAccessHostMaximumSessionDurationMinutes","RemoteAccess","SUPPORTED_WIN7","chrome.admx"
"Local","RemoteAccessHostRequireCurtain","Both","Software\Policies\Google\Chrome","RemoteAccessHostRequireCurtain","Enabled/DisabledValue","","Enabled: 1; Disabled: 0","RemoteAccess","SUPPORTED_WIN7","chrome.admx"
"Local","RemoteAccessHostUdpPortRange","Both","Software\Policies\Google\Chrome","RemoteAccessHostUdpPortRange","TextBox","RemoteAccessHostUdpPortRange","RemoteAccessHostUdpPortRange","RemoteAccess","SUPPORTED_WIN7","chrome.admx"
"Local","ChromeFrameContentTypes","Both","Software\Policies\Google\Chrome","ChromeFrameContentTypes","List","Software\Policies\Google\Chrome\ChromeFrameContentTypes","ChromeFrameContentTypesDesc","RemovedPolicies","SUPPORTED_WIN7","chrome.admx"
"Local","AdditionalLaunchParameters","Both","Software\Policies\Google\Chrome","AdditionalLaunchParameters","TextBox","AdditionalLaunchParameters","AdditionalLaunchParameters","RemovedPolicies","SUPPORTED_WIN7","chrome.admx"
"Local","ChromeFrameRendererSettings","Both","Software\Policies\Google\Chrome","ChromeFrameRendererSettings","Dropdown","ChromeFrameRendererSettings","ChromeFrameRendererSettings","RemovedPolicies","SUPPORTED_WIN7","chrome.admx"
"Local","RenderInChromeFrameList","Both","Software\Policies\Google\Chrome","RenderInChromeFrameList","List","Software\Policies\Google\Chrome\RenderInChromeFrameList","RenderInChromeFrameListDesc","RemovedPolicies","SUPPORTED_WIN7","chrome.admx"
"Local","RenderInHostList","Both","Software\Policies\Google\Chrome","RenderInHostList","List","Software\Policies\Google\Chrome\RenderInHostList","RenderInHostListDesc","RemovedPolicies","SUPPORTED_WIN7","chrome.admx"
"Local","SkipMetadataCheck","Both","Software\Policies\Google\Chrome","SkipMetadataCheck","Enabled/DisabledValue","","Enabled: 1; Disabled: 0","RemovedPolicies","SUPPORTED_WIN7","chrome.admx"
"Local","DefaultFileHandlingGuardSetting","Both","Software\Policies\Google\Chrome","DefaultFileHandlingGuardSetting","Dropdown","DefaultFileHandlingGuardSetting","DefaultFileHandlingGuardSetting","RemovedPolicies","SUPPORTED_WIN7","chrome.admx"
"Local","DefaultKeygenSetting","Both","Software\Policies\Google\Chrome","DefaultKeygenSetting","Dropdown","DefaultKeygenSetting","DefaultKeygenSetting","RemovedPolicies","SUPPORTED_WIN7","chrome.admx"
"Local","DefaultPluginsSetting","Both","Software\Policies\Google\Chrome","DefaultPluginsSetting","Dropdown","DefaultPluginsSetting","DefaultPluginsSetting","RemovedPolicies","SUPPORTED_WIN7","chrome.admx"
"Local","FileHandlingAllowedForUrls","Both","Software\Policies\Google\Chrome","FileHandlingAllowedForUrls","List","Software\Policies\Google\Chrome\FileHandlingAllowedForUrls","FileHandlingAllowedForUrlsDesc","RemovedPolicies","SUPPORTED_WIN7","chrome.admx"
"Local","FileHandlingBlockedForUrls","Both","Software\Policies\Google\Chrome","FileHandlingBlockedForUrls","List","Software\Policies\Google\Chrome\FileHandlingBlockedForUrls","FileHandlingBlockedForUrlsDesc","RemovedPolicies","SUPPORTED_WIN7","chrome.admx"
"Local","FileSystemSyncAccessHandleAsyncInterfaceEnabled","Both","Software\Policies\Google\Chrome","FileSystemSyncAccessHandleAsyncInterfaceEnabled","Enabled/DisabledValue","","Enabled: 1; Disabled: 0","RemovedPolicies","SUPPORTED_WIN7","chrome.admx"
"Local","KeygenAllowedForUrls","Both","Software\Policies\Google\Chrome","KeygenAllowedForUrls","List","Software\Policies\Google\Chrome\KeygenAllowedForUrls","KeygenAllowedForUrlsDesc","RemovedPolicies","SUPPORTED_WIN7","chrome.admx"
"Local","KeygenBlockedForUrls","Both","Software\Policies\Google\Chrome","KeygenBlockedForUrls","List","Software\Policies\Google\Chrome\KeygenBlockedForUrls","KeygenBlockedForUrlsDesc","RemovedPolicies","SUPPORTED_WIN7","chrome.admx"
"Local","LegacySameSiteCookieBehaviorEnabled","Both","Software\Policies\Google\Chrome","LegacySameSiteCookieBehaviorEnabled","Dropdown","LegacySameSiteCookieBehaviorEnabled","LegacySameSiteCookieBehaviorEnabled","RemovedPolicies","SUPPORTED_WIN7","chrome.admx"
"Local","LegacySameSiteCookieBehaviorEnabledForDomainList","Both","Software\Policies\Google\Chrome","LegacySameSiteCookieBehaviorEnabledForDomainList","List","Software\Policies\Google\Chrome\LegacySameSiteCookieBehaviorEnabledForDomainList","LegacySameSiteCookieBehaviorEnabledForDomainListDesc","RemovedPolicies","SUPPORTED_WIN7","chrome.admx"
"Local","PluginsAllowedForUrls","Both","Software\Policies\Google\Chrome","PluginsAllowedForUrls","List","Software\Policies\Google\Chrome\PluginsAllowedForUrls","PluginsAllowedForUrlsDesc","RemovedPolicies","SUPPORTED_WIN7","chrome.admx"
"Local","PluginsBlockedForUrls","Both","Software\Policies\Google\Chrome","PluginsBlockedForUrls","List","Software\Policies\Google\Chrome\PluginsBlockedForUrls","PluginsBlockedForUrlsDesc","RemovedPolicies","SUPPORTED_WIN7","chrome.admx"
"Local","DefaultSearchProviderIconURL","Both","Software\Policies\Google\Chrome","DefaultSearchProviderIconURL","TextBox","DefaultSearchProviderIconURL","DefaultSearchProviderIconURL","RemovedPolicies","SUPPORTED_WIN7","chrome.admx"
"Local","DefaultSearchProviderInstantURL","Both","Software\Policies\Google\Chrome","DefaultSearchProviderInstantURL","TextBox","DefaultSearchProviderInstantURL","DefaultSearchProviderInstantURL","RemovedPolicies","SUPPORTED_WIN7","chrome.admx"
"Local","DefaultSearchProviderInstantURLPostParams","Both","Software\Policies\Google\Chrome","DefaultSearchProviderInstantURLPostParams","TextBox","DefaultSearchProviderInstantURLPostParams","DefaultSearchProviderInstantURLPostParams","RemovedPolicies","SUPPORTED_WIN7","chrome.admx"
"Local","DefaultSearchProviderSearchTermsReplacementKey","Both","Software\Policies\Google\Chrome","DefaultSearchProviderSearchTermsReplacementKey","TextBox","DefaultSearchProviderSearchTermsReplacementKey","DefaultSearchProviderSearchTermsReplacementKey","RemovedPolicies","SUPPORTED_WIN7","chrome.admx"
"Local","ChromeAppsWebViewPermissiveBehaviorAllowed","Both","Software\Policies\Google\Chrome","ChromeAppsWebViewPermissiveBehaviorAllowed","Enabled/DisabledValue","","Enabled: 1; Disabled: 0","RemovedPolicies","SUPPORTED_WIN7","chrome.admx"
"Local","ExtensionAllowInsecureUpdates","Both","Software\Policies\Google\Chrome","ExtensionAllowInsecureUpdates","Enabled/DisabledValue","","Enabled: 1; Disabled: 0","RemovedPolicies","SUPPORTED_WIN7","chrome.admx"
"Local","ExtensionManifestV2Availability","Both","Software\Policies\Google\Chrome","ExtensionManifestV2Availability","Dropdown","ExtensionManifestV2Availability","ExtensionManifestV2Availability","RemovedPolicies","SUPPORTED_WIN7","chrome.admx"
"Local","TabOrganizerSettings","Both","Software\Policies\Google\Chrome","TabOrganizerSettings","Dropdown","TabOrganizerSettings","TabOrganizerSettings","RemovedPolicies","SUPPORTED_WIN7","chrome.admx"
"Local","AssistantWebEnabled","Both","Software\Policies\Google\Chrome","AssistantWebEnabled","Enabled/DisabledValue","","Enabled: 1; Disabled: 0","RemovedPolicies","SUPPORTED_WIN7","chrome.admx"
"Local","SupervisedUserCreationEnabled","Both","Software\Policies\Google\Chrome","SupervisedUserCreationEnabled","Enabled/DisabledValue","","Enabled: 1; Disabled: 0","RemovedPolicies","SUPPORTED_WIN7","chrome.admx"
"Local","AdvancedProtectionDeepScanningEnabled","Both","Software\Policies\Google\Chrome","AdvancedProtectionDeepScanningEnabled","Enabled/DisabledValue","","Enabled: 1; Disabled: 0","RemovedPolicies","SUPPORTED_WIN7","chrome.admx"
"Local","AllowOutdatedPlugins","Both","Software\Policies\Google\Chrome","AllowOutdatedPlugins","Enabled/DisabledValue","","Enabled: 1; Disabled: 0","RemovedPolicies","SUPPORTED_WIN7","chrome.admx"
"Local","AllowPopupsDuringPageUnload","Both","Software\Policies\Google\Chrome","AllowPopupsDuringPageUnload","Enabled/DisabledValue","","Enabled: 1; Disabled: 0","RemovedPolicies","SUPPORTED_WIN7","chrome.admx"
"Local","AllowSyncXHRInPageDismissal","Both","Software\Policies\Google\Chrome","AllowSyncXHRInPageDismissal","Enabled/DisabledValue","","Enabled: 1; Disabled: 0","RemovedPolicies","SUPPORTED_WIN7","chrome.admx"
"Local","AlwaysAuthorizePlugins","Both","Software\Policies\Google\Chrome","AlwaysAuthorizePlugins","Enabled/DisabledValue","","Enabled: 1; Disabled: 0","RemovedPolicies","SUPPORTED_WIN7","chrome.admx"
"Local","AppCacheForceEnabled","Both","Software\Policies\Google\Chrome","AppCacheForceEnabled","Enabled/DisabledValue","","Enabled: 1; Disabled: 0","RemovedPolicies","SUPPORTED_WIN7","chrome.admx"
"Local","AuthNegotiateDelegateWhitelist","Both","Software\Policies\Google\Chrome","AuthNegotiateDelegateWhitelist","TextBox","AuthNegotiateDelegateWhitelist","AuthNegotiateDelegateWhitelist","RemovedPolicies","SUPPORTED_WIN7","chrome.admx"
"Local","AuthServerWhitelist","Both","Software\Policies\Google\Chrome","AuthServerWhitelist","TextBox","AuthServerWhitelist","AuthServerWhitelist","RemovedPolicies","SUPPORTED_WIN7","chrome.admx"
"Local","AutoplayWhitelist","Both","Software\Policies\Google\Chrome","AutoplayWhitelist","List","Software\Policies\Google\Chrome\AutoplayWhitelist","AutoplayWhitelistDesc","RemovedPolicies","SUPPORTED_WIN7","chrome.admx"
"Local","BeforeunloadEventCancelByPreventDefaultEnabled","Both","Software\Policies\Google\Chrome","BeforeunloadEventCancelByPreventDefaultEnabled","Enabled/DisabledValue","","Enabled: 1; Disabled: 0","RemovedPolicies","SUPPORTED_WIN7","chrome.admx"
"Local","CECPQ2Enabled","Both","Software\Policies\Google\Chrome","CECPQ2Enabled","Enabled/DisabledValue","","Enabled: 1; Disabled: 0","RemovedPolicies","SUPPORTED_WIN7","chrome.admx"
"Local","CSSCustomStateDeprecatedSyntaxEnabled","Both","Software\Policies\Google\Chrome","CSSCustomStateDeprecatedSyntaxEnabled","Enabled/DisabledValue","","Enabled: 1; Disabled: 0","RemovedPolicies","SUPPORTED_WIN7","chrome.admx"
"Local","CertificateTransparencyEnforcementDisabledForLegacyCas","Both","Software\Policies\Google\Chrome","CertificateTransparencyEnforcementDisabledForLegacyCas","List","Software\Policies\Google\Chrome\CertificateTransparencyEnforcementDisabledForLegacyCas","CertificateTransparencyEnforcementDisabledForLegacyCasDesc","RemovedPolicies","SUPPORTED_WIN7","chrome.admx"
"Local","ChromeAppsEnabled","Both","Software\Policies\Google\Chrome","ChromeAppsEnabled","Enabled/DisabledValue","","Enabled: 1; Disabled: 0","RemovedPolicies","SUPPORTED_WIN7","chrome.admx"
"Local","ChromeCleanupEnabled","Both","Software\Policies\Google\Chrome","ChromeCleanupEnabled","Enabled/DisabledValue","","Enabled: 1; Disabled: 0","RemovedPolicies","SUPPORTED_WIN7","chrome.admx"
"Local","ChromeCleanupReportingEnabled","Both","Software\Policies\Google\Chrome","ChromeCleanupReportingEnabled","Enabled/DisabledValue","","Enabled: 1; Disabled: 0","RemovedPolicies","SUPPORTED_WIN7","chrome.admx"
"Local","ChromeRootStoreEnabled","Both","Software\Policies\Google\Chrome","ChromeRootStoreEnabled","Enabled/DisabledValue","","Enabled: 1; Disabled: 0","RemovedPolicies","SUPPORTED_WIN7","chrome.admx"
"Local","ClearSiteDataOnExit","Both","Software\Policies\Google\Chrome","ClearSiteDataOnExit","Enabled/DisabledValue","","Enabled: 1; Disabled: 0","RemovedPolicies","SUPPORTED_WIN7","chrome.admx"
"Local","CorsLegacyModeEnabled","Both","Software\Policies\Google\Chrome","CorsLegacyModeEnabled","Enabled/DisabledValue","","Enabled: 1; Disabled: 0","RemovedPolicies","SUPPORTED_WIN7","chrome.admx"
"Local","CorsMitigationList","Both","Software\Policies\Google\Chrome","CorsMitigationList","List","Software\Policies\Google\Chrome\CorsMitigationList","CorsMitigationListDesc","RemovedPolicies","SUPPORTED_WIN7","chrome.admx"
"Local","CrossOriginWebAssemblyModuleSharingEnabled","Both","Software\Policies\Google\Chrome","CrossOriginWebAssemblyModuleSharingEnabled","Enabled/DisabledValue","","Enabled: 1; Disabled: 0","RemovedPolicies","SUPPORTED_WIN7","chrome.admx"
"Local","DHEEnabled","Both","Software\Policies\Google\Chrome","DHEEnabled","Enabled/DisabledValue","","Enabled: 1; Disabled: 0","RemovedPolicies","SUPPORTED_WIN7","chrome.admx"
"Local","DisablePluginFinder","Both","Software\Policies\Google\Chrome","DisablePluginFinder","Enabled/DisabledValue","","Enabled: 1; Disabled: 0","RemovedPolicies","SUPPORTED_WIN7","chrome.admx"
"Local","DisableSSLRecordSplitting","Both","Software\Policies\Google\Chrome","DisableSSLRecordSplitting","Enabled/DisabledValue","","Enabled: 1; Disabled: 0","RemovedPolicies","SUPPORTED_WIN7","chrome.admx"
"Local","DisableSpdy","Both","Software\Policies\Google\Chrome","DisableSpdy","Enabled/DisabledValue","","Enabled: 1; Disabled: 0","RemovedPolicies","SUPPORTED_WIN7","chrome.admx"
"Local","DisabledPlugins","Both","Software\Policies\Google\Chrome","DisabledPlugins","List","Software\Policies\Google\Chrome\DisabledPlugins","DisabledPluginsDesc","RemovedPolicies","SUPPORTED_WIN7","chrome.admx"
"Local","DisabledPluginsExceptions","Both","Software\Policies\Google\Chrome","DisabledPluginsExceptions","List","Software\Policies\Google\Chrome\DisabledPluginsExceptions","DisabledPluginsExceptionsDesc","RemovedPolicies","SUPPORTED_WIN7","chrome.admx"
"Local","DisplayCapturePermissionsPolicyEnabled","Both","Software\Policies\Google\Chrome","DisplayCapturePermissionsPolicyEnabled","Enabled/DisabledValue","","Enabled: 1; Disabled: 0","RemovedPolicies","SUPPORTED_WIN7","chrome.admx"
"Local","DnsPrefetchingEnabled","Both","Software\Policies\Google\Chrome","DnsPrefetchingEnabled","Enabled/DisabledValue","","Enabled: 1; Disabled: 0","RemovedPolicies","SUPPORTED_WIN7","chrome.admx"
"Local","DownloadBubbleEnabled","Both","Software\Policies\Google\Chrome","DownloadBubbleEnabled","Enabled/DisabledValue","","Enabled: 1; Disabled: 0","RemovedPolicies","SUPPORTED_WIN7","chrome.admx"
"Local","EnableCommonNameFallbackForLocalAnchors","Both","Software\Policies\Google\Chrome","EnableCommonNameFallbackForLocalAnchors","Enabled/DisabledValue","","Enabled: 1; Disabled: 0","RemovedPolicies","SUPPORTED_WIN7","chrome.admx"
"Local","EnableDeprecatedPrivetPrinting","Both","Software\Policies\Google\Chrome","EnableDeprecatedPrivetPrinting","Enabled/DisabledValue","","Enabled: 1; Disabled: 0","RemovedPolicies","SUPPORTED_WIN7","chrome.admx"
"Local","EnableDeprecatedWebBasedSignin","Both","Software\Policies\Google\Chrome","EnableDeprecatedWebBasedSignin","Enabled/DisabledValue","","Enabled: 1; Disabled: 0","RemovedPolicies","SUPPORTED_WIN7","chrome.admx"
"Local","EnableDeprecatedWebPlatformFeatures","Both","Software\Policies\Google\Chrome","EnableDeprecatedWebPlatformFeatures","List","Software\Policies\Google\Chrome\EnableDeprecatedWebPlatformFeatures","EnableDeprecatedWebPlatformFeaturesDesc","RemovedPolicies","SUPPORTED_WIN7","chrome.admx"
"Local","EnableSha1ForLocalAnchors","Both","Software\Policies\Google\Chrome","EnableSha1ForLocalAnchors","Enabled/DisabledValue","","Enabled: 1; Disabled: 0","RemovedPolicies","SUPPORTED_WIN7","chrome.admx"
"Local","EnableSymantecLegacyInfrastructure","Both","Software\Policies\Google\Chrome","EnableSymantecLegacyInfrastructure","Enabled/DisabledValue","","Enabled: 1; Disabled: 0","RemovedPolicies","SUPPORTED_WIN7","chrome.admx"
"Local","EnabledPlugins","Both","Software\Policies\Google\Chrome","EnabledPlugins","List","Software\Policies\Google\Chrome\EnabledPlugins","EnabledPluginsDesc","RemovedPolicies","SUPPORTED_WIN7","chrome.admx"
"Local","EnforceLocalAnchorConstraintsEnabled","Both","Software\Policies\Google\Chrome","EnforceLocalAnchorConstraintsEnabled","Enabled/DisabledValue","","Enabled: 1; Disabled: 0","RemovedPolicies","SUPPORTED_WIN7","chrome.admx"
"Local","EnterpriseWebStoreName","Both","Software\Policies\Google\Chrome","EnterpriseWebStoreName","TextBox","EnterpriseWebStoreName","EnterpriseWebStoreName","RemovedPolicies","SUPPORTED_WIN7","chrome.admx"
"Local","EnterpriseWebStoreURL","Both","Software\Policies\Google\Chrome","EnterpriseWebStoreURL","TextBox","EnterpriseWebStoreURL","EnterpriseWebStoreURL","RemovedPolicies","SUPPORTED_WIN7","chrome.admx"
"Local","EventPathEnabled","Both","Software\Policies\Google\Chrome","EventPathEnabled","Enabled/DisabledValue","","Enabled: 1; Disabled: 0","RemovedPolicies","SUPPORTED_WIN7","chrome.admx"
"Local","ExtensionInstallBlacklist","Both","Software\Policies\Google\Chrome","ExtensionInstallBlacklist","List","Software\Policies\Google\Chrome\ExtensionInstallBlacklist","ExtensionInstallBlacklistDesc","RemovedPolicies","SUPPORTED_WIN7","chrome.admx"
"Local","ExtensionInstallWhitelist","Both","Software\Policies\Google\Chrome","ExtensionInstallWhitelist","List","Software\Policies\Google\Chrome\ExtensionInstallWhitelist","ExtensionInstallWhitelistDesc","RemovedPolicies","SUPPORTED_WIN7","chrome.admx"
"Local","ForceEnablePepperVideoDecoderDevAPI","Both","Software\Policies\Google\Chrome","ForceEnablePepperVideoDecoderDevAPI","Enabled/DisabledValue","","Enabled: 1; Disabled: 0","RemovedPolicies","SUPPORTED_WIN7","chrome.admx"
"Local","ForceLegacyDefaultReferrerPolicy","Both","Software\Policies\Google\Chrome","ForceLegacyDefaultReferrerPolicy","Enabled/DisabledValue","","Enabled: 1; Disabled: 0","RemovedPolicies","SUPPORTED_WIN7","chrome.admx"
"Local","ForceMajorVersionToMinorPositionInUserAgent","Both","Software\Policies\Google\Chrome","ForceMajorVersionToMinorPositionInUserAgent","Dropdown","ForceMajorVersionToMinorPositionInUserAgent","ForceMajorVersionToMinorPositionInUserAgent","RemovedPolicies","SUPPORTED_WIN7","chrome.admx"
"Local","ForceNetworkInProcess","Both","Software\Policies\Google\Chrome","ForceNetworkInProcess","Enabled/DisabledValue","","Enabled: 1; Disabled: 0","RemovedPolicies","SUPPORTED_WIN7","chrome.admx"
"Local","GCFUserDataDir","Both","Software\Policies\Google\Chrome","GCFUserDataDir","TextBox","GCFUserDataDir","GCFUserDataDir","RemovedPolicies","SUPPORTED_WIN7","chrome.admx"
"Local","HideWebStorePromo","Both","Software\Policies\Google\Chrome","HideWebStorePromo","Enabled/DisabledValue","","Enabled: 1; Disabled: 0","RemovedPolicies","SUPPORTED_WIN7","chrome.admx"
"Local","Http09OnNonDefaultPortsEnabled","Both","Software\Policies\Google\Chrome","Http09OnNonDefaultPortsEnabled","Enabled/DisabledValue","","Enabled: 1; Disabled: 0","RemovedPolicies","SUPPORTED_WIN7","chrome.admx"
"Local","InsecureHashesInTLSHandshakesEnabled","Both","Software\Policies\Google\Chrome","InsecureHashesInTLSHandshakesEnabled","Enabled/DisabledValue","","Enabled: 1; Disabled: 0","RemovedPolicies","SUPPORTED_WIN7","chrome.admx"
"Local","InstantEnabled","Both","Software\Policies\Google\Chrome","InstantEnabled","Enabled/DisabledValue","","Enabled: 1; Disabled: 0","RemovedPolicies","SUPPORTED_WIN7","chrome.admx"
"Local","KeyboardFocusableScrollersEnabled","Both","Software\Policies\Google\Chrome","KeyboardFocusableScrollersEnabled","Enabled/DisabledValue","","Enabled: 1; Disabled: 0","RemovedPolicies","SUPPORTED_WIN7","chrome.admx"
"Local","LoadCryptoTokenExtension","Both","Software\Policies\Google\Chrome","LoadCryptoTokenExtension","Enabled/DisabledValue","","Enabled: 1; Disabled: 0","RemovedPolicies","SUPPORTED_WIN7","chrome.admx"
"Local","LocalDiscoveryEnabled","Both","Software\Policies\Google\Chrome","LocalDiscoveryEnabled","Enabled/DisabledValue","","Enabled: 1; Disabled: 0","RemovedPolicies","SUPPORTED_WIN7","chrome.admx"
"Local","LockIconInAddressBarEnabled","Both","Software\Policies\Google\Chrome","LockIconInAddressBarEnabled","Enabled/DisabledValue","","Enabled: 1; Disabled: 0","RemovedPolicies","SUPPORTED_WIN7","chrome.admx"
"Local","MachineLevelUserCloudPolicyEnrollmentToken","Both","Software\Policies\Google\Chrome","MachineLevelUserCloudPolicyEnrollmentToken","TextBox","MachineLevelUserCloudPolicyEnrollmentToken","MachineLevelUserCloudPolicyEnrollmentToken","RemovedPolicies","SUPPORTED_WIN7","chrome.admx"
"Local","MediaCacheSize","Both","Software\Policies\Google\Chrome","MediaCacheSize","Number","","MediaCacheSize","RemovedPolicies","SUPPORTED_WIN7","chrome.admx"
"Local","MutationEventsEnabled","Both","Software\Policies\Google\Chrome","MutationEventsEnabled","Enabled/DisabledValue","","Enabled: 1; Disabled: 0","RemovedPolicies","SUPPORTED_WIN7","chrome.admx"
"Local","NativeClientForceAllowed","Both","Software\Policies\Google\Chrome","NativeClientForceAllowed","Enabled/DisabledValue","","Enabled: 1; Disabled: 0","RemovedPolicies","SUPPORTED_WIN7","chrome.admx"
"Local","NativeMessagingBlacklist","Both","Software\Policies\Google\Chrome","NativeMessagingBlacklist","List","Software\Policies\Google\Chrome\NativeMessagingBlacklist","NativeMessagingBlacklistDesc","RemovedPolicies","SUPPORTED_WIN7","chrome.admx"
"Local","NativeMessagingWhitelist","Both","Software\Policies\Google\Chrome","NativeMessagingWhitelist","List","Software\Policies\Google\Chrome\NativeMessagingWhitelist","NativeMessagingWhitelistDesc","RemovedPolicies","SUPPORTED_WIN7","chrome.admx"
"Local","NativeWindowOcclusionEnabled","Both","Software\Policies\Google\Chrome","NativeWindowOcclusionEnabled","Enabled/DisabledValue","","Enabled: 1; Disabled: 0","RemovedPolicies","SUPPORTED_WIN7","chrome.admx"
"Local","NewBaseUrlInheritanceBehaviorAllowed","Both","Software\Policies\Google\Chrome","NewBaseUrlInheritanceBehaviorAllowed","Enabled/DisabledValue","","Enabled: 1; Disabled: 0","RemovedPolicies","SUPPORTED_WIN7","chrome.admx"
"Local","OffsetParentNewSpecBehaviorEnabled","Both","Software\Policies\Google\Chrome","OffsetParentNewSpecBehaviorEnabled","Enabled/DisabledValue","","Enabled: 1; Disabled: 0","RemovedPolicies","SUPPORTED_WIN7","chrome.admx"
"Local","OptimizationGuideFetchingEnabled","Both","Software\Policies\Google\Chrome","OptimizationGuideFetchingEnabled","Enabled/DisabledValue","","Enabled: 1; Disabled: 0","RemovedPolicies","SUPPORTED_WIN7","chrome.admx"
"Local","PPAPISharedImagesSwapChainAllowed","Both","Software\Policies\Google\Chrome","PPAPISharedImagesSwapChainAllowed","Enabled/DisabledValue","","Enabled: 1; Disabled: 0","RemovedPolicies","SUPPORTED_WIN7","chrome.admx"
"Local","PacHttpsUrlStrippingEnabled","Both","Software\Policies\Google\Chrome","PacHttpsUrlStrippingEnabled","Enabled/DisabledValue","","Enabled: 1; Disabled: 0","RemovedPolicies","SUPPORTED_WIN7","chrome.admx"
"Local","PersistentQuotaEnabled","Both","Software\Policies\Google\Chrome","PersistentQuotaEnabled","Enabled/DisabledValue","","Enabled: 1; Disabled: 0","RemovedPolicies","SUPPORTED_WIN7","chrome.admx"
"Local","PrefixedStorageInfoEnabled","Both","Software\Policies\Google\Chrome","PrefixedStorageInfoEnabled","Enabled/DisabledValue","","Enabled: 1; Disabled: 0","RemovedPolicies","SUPPORTED_WIN7","chrome.admx"
"Local","PrefixedVideoFullscreenApiAvailability","Both","Software\Policies\Google\Chrome","PrefixedVideoFullscreenApiAvailability","Dropdown","PrefixedVideoFullscreenApiAvailability","PrefixedVideoFullscreenApiAvailability","RemovedPolicies","SUPPORTED_WIN7","chrome.admx"
"Local","RC4Enabled","Both","Software\Policies\Google\Chrome","RC4Enabled","Enabled/DisabledValue","","Enabled: 1; Disabled: 0","RemovedPolicies","SUPPORTED_WIN7","chrome.admx"
"Local","RSAKeyUsageForLocalAnchorsEnabled","Both","Software\Policies\Google\Chrome","RSAKeyUsageForLocalAnchorsEnabled","Enabled/DisabledValue","","Enabled: 1; Disabled: 0","RemovedPolicies","SUPPORTED_WIN7","chrome.admx"
"Local","RunAllFlashInAllowMode","Both","Software\Policies\Google\Chrome","RunAllFlashInAllowMode","Enabled/DisabledValue","","Enabled: 1; Disabled: 0","RemovedPolicies","SUPPORTED_WIN7","chrome.admx"
"Local","SSLVersionFallbackMin","Both","Software\Policies\Google\Chrome","SSLVersionFallbackMin","Dropdown","SSLVersionFallbackMin","SSLVersionFallbackMin","RemovedPolicies","SUPPORTED_WIN7","chrome.admx"
"Local","SSLVersionMax","Both","Software\Policies\Google\Chrome","SSLVersionMax","Dropdown","SSLVersionMax","SSLVersionMax","RemovedPolicies","SUPPORTED_WIN7","chrome.admx"
"Local","SSLVersionMin","Both","Software\Policies\Google\Chrome","SSLVersionMin","Dropdown","SSLVersionMin","SSLVersionMin","RemovedPolicies","SUPPORTED_WIN7","chrome.admx"
"Local","SafeBrowsingExtendedReportingOptInAllowed","Both","Software\Policies\Google\Chrome","SafeBrowsingExtendedReportingOptInAllowed","Enabled/DisabledValue","","Enabled: 1; Disabled: 0","RemovedPolicies","SUPPORTED_WIN7","chrome.admx"
"Local","SafeBrowsingWhitelistDomains","Both","Software\Policies\Google\Chrome","SafeBrowsingWhitelistDomains","List","Software\Policies\Google\Chrome\SafeBrowsingWhitelistDomains","SafeBrowsingWhitelistDomainsDesc","RemovedPolicies","SUPPORTED_WIN7","chrome.admx"
"Local","SelectParserRelaxationEnabled","Both","Software\Policies\Google\Chrome","SelectParserRelaxationEnabled","Enabled/DisabledValue","","Enabled: 1; Disabled: 0","RemovedPolicies","SUPPORTED_WIN7","chrome.admx"
"Local","SendMouseEventsDisabledFormControlsEnabled","Both","Software\Policies\Google\Chrome","SendMouseEventsDisabledFormControlsEnabled","Enabled/DisabledValue","","Enabled: 1; Disabled: 0","RemovedPolicies","SUPPORTED_WIN7","chrome.admx"
"Local","SetTimeoutWithout1MsClampEnabled","Both","Software\Policies\Google\Chrome","SetTimeoutWithout1MsClampEnabled","Enabled/DisabledValue","","Enabled: 1; Disabled: 0","RemovedPolicies","SUPPORTED_WIN7","chrome.admx"
"Local","SpellcheckLanguageBlacklist","Both","Software\Policies\Google\Chrome","SpellcheckLanguageBlacklist","List","Software\Policies\Google\Chrome\SpellcheckLanguageBlacklist","SpellcheckLanguageBlacklistDesc","RemovedPolicies","SUPPORTED_WIN7","chrome.admx"
"Local","StricterMixedContentTreatmentEnabled","Both","Software\Policies\Google\Chrome","StricterMixedContentTreatmentEnabled","Enabled/DisabledValue","","Enabled: 1; Disabled: 0","RemovedPolicies","SUPPORTED_WIN7","chrome.admx"
"Local","SuppressChromeFrameTurndownPrompt","Both","Software\Policies\Google\Chrome","SuppressChromeFrameTurndownPrompt","Enabled/DisabledValue","","Enabled: 1; Disabled: 0","RemovedPolicies","SUPPORTED_WIN7","chrome.admx"
"Local","TLS13HardeningForLocalAnchorsEnabled","Both","Software\Policies\Google\Chrome","TLS13HardeningForLocalAnchorsEnabled","Enabled/DisabledValue","","Enabled: 1; Disabled: 0","RemovedPolicies","SUPPORTED_WIN7","chrome.admx"
"Local","TabFreezingEnabled","Both","Software\Policies\Google\Chrome","TabFreezingEnabled","Enabled/DisabledValue","","Enabled: 1; Disabled: 0","RemovedPolicies","SUPPORTED_WIN7","chrome.admx"
"Local","TabUnderAllowed","Both","Software\Policies\Google\Chrome","TabUnderAllowed","Enabled/DisabledValue","","Enabled: 1; Disabled: 0","RemovedPolicies","SUPPORTED_WIN7","chrome.admx"
"Local","TargetBlankImpliesNoOpener","Both","Software\Policies\Google\Chrome","TargetBlankImpliesNoOpener","Enabled/DisabledValue","","Enabled: 1; Disabled: 0","RemovedPolicies","SUPPORTED_WIN7","chrome.admx"
"Local","ThirdPartyBlockingEnabled","Both","Software\Policies\Google\Chrome","ThirdPartyBlockingEnabled","Enabled/DisabledValue","","Enabled: 1; Disabled: 0","RemovedPolicies","SUPPORTED_WIN7","chrome.admx"
"Local","ThrottleNonVisibleCrossOriginIframesAllowed","Both","Software\Policies\Google\Chrome","ThrottleNonVisibleCrossOriginIframesAllowed","Enabled/DisabledValue","","Enabled: 1; Disabled: 0","RemovedPolicies","SUPPORTED_WIN7","chrome.admx"
"Local","ToolbarAvatarLabelSettings","Both","Software\Policies\Google\Chrome","ToolbarAvatarLabelSettings","Dropdown","ToolbarAvatarLabelSettings","ToolbarAvatarLabelSettings","RemovedPolicies","SUPPORTED_WIN7","chrome.admx"
"Local","TripleDESEnabled","Both","Software\Policies\Google\Chrome","TripleDESEnabled","Enabled/DisabledValue","","Enabled: 1; Disabled: 0","RemovedPolicies","SUPPORTED_WIN7","chrome.admx"
"Local","U2fSecurityKeyApiEnabled","Both","Software\Policies\Google\Chrome","U2fSecurityKeyApiEnabled","Enabled/DisabledValue","","Enabled: 1; Disabled: 0","RemovedPolicies","SUPPORTED_WIN7","chrome.admx"
"Local","URLBlacklist","Both","Software\Policies\Google\Chrome","URLBlacklist","List","Software\Policies\Google\Chrome\URLBlacklist","URLBlacklistDesc","RemovedPolicies","SUPPORTED_WIN7","chrome.admx"
"Local","URLWhitelist","Both","Software\Policies\Google\Chrome","URLWhitelist","List","Software\Policies\Google\Chrome\URLWhitelist","URLWhitelistDesc","RemovedPolicies","SUPPORTED_WIN7","chrome.admx"
"Local","UnthrottledNestedTimeoutEnabled","Both","Software\Policies\Google\Chrome","UnthrottledNestedTimeoutEnabled","Enabled/DisabledValue","","Enabled: 1; Disabled: 0","RemovedPolicies","SUPPORTED_WIN7","chrome.admx"
"Local","UrlParamFilterEnabled","Both","Software\Policies\Google\Chrome","UrlParamFilterEnabled","Enabled/DisabledValue","","Enabled: 1; Disabled: 0","RemovedPolicies","SUPPORTED_WIN7","chrome.admx"
"Local","UseLegacyFormControls","Both","Software\Policies\Google\Chrome","UseLegacyFormControls","Enabled/DisabledValue","","Enabled: 1; Disabled: 0","RemovedPolicies","SUPPORTED_WIN7","chrome.admx"
"Local","UseMojoVideoDecoderForPepperAllowed","Both","Software\Policies\Google\Chrome","UseMojoVideoDecoderForPepperAllowed","Enabled/DisabledValue","","Enabled: 1; Disabled: 0","RemovedPolicies","SUPPORTED_WIN7","chrome.admx"
"Local","UserAgentClientHintsEnabled","Both","Software\Policies\Google\Chrome","UserAgentClientHintsEnabled","Enabled/DisabledValue","","Enabled: 1; Disabled: 0","RemovedPolicies","SUPPORTED_WIN7","chrome.admx"
"Local","UserAgentClientHintsGREASEUpdateEnabled","Both","Software\Policies\Google\Chrome","UserAgentClientHintsGREASEUpdateEnabled","Enabled/DisabledValue","","Enabled: 1; Disabled: 0","RemovedPolicies","SUPPORTED_WIN7","chrome.admx"
"Local","WebComponentsV0Enabled","Both","Software\Policies\Google\Chrome","WebComponentsV0Enabled","Enabled/DisabledValue","","Enabled: 1; Disabled: 0","RemovedPolicies","SUPPORTED_WIN7","chrome.admx"
"Local","WebDriverOverridesIncompatiblePolicies","Both","Software\Policies\Google\Chrome","WebDriverOverridesIncompatiblePolicies","Enabled/DisabledValue","","Enabled: 1; Disabled: 0","RemovedPolicies","SUPPORTED_WIN7","chrome.admx"
"Local","WebRtcAllowLegacyTLSProtocols","Both","Software\Policies\Google\Chrome","WebRtcAllowLegacyTLSProtocols","Enabled/DisabledValue","","Enabled: 1; Disabled: 0","RemovedPolicies","SUPPORTED_WIN7","chrome.admx"
"Local","WebSQLAccess","Both","Software\Policies\Google\Chrome","WebSQLAccess","Enabled/DisabledValue","","Enabled: 1; Disabled: 0","RemovedPolicies","SUPPORTED_WIN7","chrome.admx"
"Local","WebSQLInThirdPartyContextEnabled","Both","Software\Policies\Google\Chrome","WebSQLInThirdPartyContextEnabled","Enabled/DisabledValue","","Enabled: 1; Disabled: 0","RemovedPolicies","SUPPORTED_WIN7","chrome.admx"
"Local","WebSQLNonSecureContextEnabled","Both","Software\Policies\Google\Chrome","WebSQLNonSecureContextEnabled","Enabled/DisabledValue","","Enabled: 1; Disabled: 0","RemovedPolicies","SUPPORTED_WIN7","chrome.admx"
"Local","WelcomePageOnOSUpgradeEnabled","Both","Software\Policies\Google\Chrome","WelcomePageOnOSUpgradeEnabled","Enabled/DisabledValue","","Enabled: 1; Disabled: 0","RemovedPolicies","SUPPORTED_WIN7","chrome.admx"
"Local","BlockTruncatedCookies","Both","Software\Policies\Google\Chrome","BlockTruncatedCookies","Enabled/DisabledValue","","Enabled: 1; Disabled: 0","RemovedPolicies","SUPPORTED_WIN7","chrome.admx"
"Local","ZstdContentEncodingEnabled","Both","Software\Policies\Google\Chrome","ZstdContentEncodingEnabled","Enabled/DisabledValue","","Enabled: 1; Disabled: 0","RemovedPolicies","SUPPORTED_WIN7","chrome.admx"
"Local","PasswordManagerAllowShowPasswords","Both","Software\Policies\Google\Chrome","PasswordManagerAllowShowPasswords","Enabled/DisabledValue","","Enabled: 1; Disabled: 0","RemovedPolicies","SUPPORTED_WIN7","chrome.admx"
"Local","CloudPrintSubmitEnabled","Both","Software\Policies\Google\Chrome","CloudPrintSubmitEnabled","Enabled/DisabledValue","","Enabled: 1; Disabled: 0","RemovedPolicies","SUPPORTED_WIN7","chrome.admx"
"Local","CloudPrintWarningsSuppressed","Both","Software\Policies\Google\Chrome","CloudPrintWarningsSuppressed","Enabled/DisabledValue","","Enabled: 1; Disabled: 0","RemovedPolicies","SUPPORTED_WIN7","chrome.admx"
"Local","InsecurePrivateNetworkRequestsAllowed","Both","Software\Policies\Google\Chrome","InsecurePrivateNetworkRequestsAllowed","Enabled/DisabledValue","","Enabled: 1; Disabled: 0","RemovedPolicies","SUPPORTED_WIN7","chrome.admx"
"Local","InsecurePrivateNetworkRequestsAllowedForUrls","Both","Software\Policies\Google\Chrome","InsecurePrivateNetworkRequestsAllowedForUrls","List","Software\Policies\Google\Chrome\InsecurePrivateNetworkRequestsAllowedForUrls","InsecurePrivateNetworkRequestsAllowedForUrlsDesc","RemovedPolicies","SUPPORTED_WIN7","chrome.admx"
"Local","PrivateNetworkAccessRestrictionsEnabled","Both","Software\Policies\Google\Chrome","PrivateNetworkAccessRestrictionsEnabled","Enabled/DisabledValue","","Enabled: 1; Disabled: 0","RemovedPolicies","SUPPORTED_WIN7","chrome.admx"
"Local","RemoteAccessClientFirewallTraversal","Both","Software\Policies\Google\Chrome","RemoteAccessClientFirewallTraversal","Enabled/DisabledValue","","Enabled: 1; Disabled: 0","RemovedPolicies","SUPPORTED_WIN7","chrome.admx"
"Local","RemoteAccessHostDebugOverridePolicies","Both","Software\Policies\Google\Chrome","RemoteAccessHostDebugOverridePolicies","TextBox","RemoteAccessHostDebugOverridePolicies","RemoteAccessHostDebugOverridePolicies","RemovedPolicies","SUPPORTED_WIN7","chrome.admx"
"Local","RemoteAccessHostRequireTwoFactor","Both","Software\Policies\Google\Chrome","RemoteAccessHostRequireTwoFactor","Enabled/DisabledValue","","Enabled: 1; Disabled: 0","RemovedPolicies","SUPPORTED_WIN7","chrome.admx"
"Local","RemoteAccessHostTalkGadgetPrefix","Both","Software\Policies\Google\Chrome","RemoteAccessHostTalkGadgetPrefix","TextBox","RemoteAccessHostTalkGadgetPrefix","RemoteAccessHostTalkGadgetPrefix","RemovedPolicies","SUPPORTED_WIN7","chrome.admx"
"Local","DefaultSearchProviderIconURL_recommended","Both","Software\Policies\Google\Chrome\Recommended","DefaultSearchProviderIconURL_recommended","TextBox","DefaultSearchProviderIconURL","DefaultSearchProviderIconURL","RemovedPolicies_recommended","SUPPORTED_WIN7","chrome.admx"
"Local","DefaultSearchProviderInstantURL_recommended","Both","Software\Policies\Google\Chrome\Recommended","DefaultSearchProviderInstantURL_recommended","TextBox","DefaultSearchProviderInstantURL","DefaultSearchProviderInstantURL","RemovedPolicies_recommended","SUPPORTED_WIN7","chrome.admx"
"Local","DefaultSearchProviderInstantURLPostParams_recommended","Both","Software\Policies\Google\Chrome\Recommended","DefaultSearchProviderInstantURLPostParams_recommended","TextBox","DefaultSearchProviderInstantURLPostParams","DefaultSearchProviderInstantURLPostParams","RemovedPolicies_recommended","SUPPORTED_WIN7","chrome.admx"
"Local","DefaultSearchProviderSearchTermsReplacementKey_recommended","Both","Software\Policies\Google\Chrome\Recommended","DefaultSearchProviderSearchTermsReplacementKey_recommended","TextBox","DefaultSearchProviderSearchTermsReplacementKey","DefaultSearchProviderSearchTermsReplacementKey","RemovedPolicies_recommended","SUPPORTED_WIN7","chrome.admx"
"Local","ClearSiteDataOnExit_recommended","Both","Software\Policies\Google\Chrome\Recommended","ClearSiteDataOnExit","Enabled/DisabledValue","","Enabled: 1; Disabled: 0","RemovedPolicies_recommended","SUPPORTED_WIN7","chrome.admx"
"Local","DnsPrefetchingEnabled_recommended","Both","Software\Policies\Google\Chrome\Recommended","DnsPrefetchingEnabled","Enabled/DisabledValue","","Enabled: 1; Disabled: 0","RemovedPolicies_recommended","SUPPORTED_WIN7","chrome.admx"
"Local","InstantEnabled_recommended","Both","Software\Policies\Google\Chrome\Recommended","InstantEnabled","Enabled/DisabledValue","","Enabled: 1; Disabled: 0","RemovedPolicies_recommended","SUPPORTED_WIN7","chrome.admx"
"Local","DisableSafeBrowsingProceedAnyway","Both","Software\Policies\Google\Chrome","DisableSafeBrowsingProceedAnyway","Enabled/DisabledValue","","Enabled: 1; Disabled: 0","SafeBrowsing","SUPPORTED_WIN7","chrome.admx"
"Local","PasswordProtectionChangePasswordURL","Both","Software\Policies\Google\Chrome","PasswordProtectionChangePasswordURL","TextBox","PasswordProtectionChangePasswordURL","PasswordProtectionChangePasswordURL","SafeBrowsing","SUPPORTED_WIN7","chrome.admx"
"Local","PasswordProtectionLoginURLs","Both","Software\Policies\Google\Chrome","PasswordProtectionLoginURLs","List","Software\Policies\Google\Chrome\PasswordProtectionLoginURLs","PasswordProtectionLoginURLsDesc","SafeBrowsing","SUPPORTED_WIN7","chrome.admx"
"Local","PasswordProtectionWarningTrigger","Both","Software\Policies\Google\Chrome","PasswordProtectionWarningTrigger","Dropdown","PasswordProtectionWarningTrigger","PasswordProtectionWarningTrigger","SafeBrowsing","SUPPORTED_WIN7","chrome.admx"
"Local","SafeBrowsingAllowlistDomains","Both","Software\Policies\Google\Chrome","SafeBrowsingAllowlistDomains","List","Software\Policies\Google\Chrome\SafeBrowsingAllowlistDomains","SafeBrowsingAllowlistDomainsDesc","SafeBrowsing","SUPPORTED_WIN7","chrome.admx"
"Local","SafeBrowsingDeepScanningEnabled","Both","Software\Policies\Google\Chrome","SafeBrowsingDeepScanningEnabled","Enabled/DisabledValue","","Enabled: 1; Disabled: 0","SafeBrowsing","SUPPORTED_WIN7","chrome.admx"
"Local","SafeBrowsingExtendedReportingEnabled","Both","Software\Policies\Google\Chrome","SafeBrowsingExtendedReportingEnabled","Enabled/DisabledValue","","Enabled: 1; Disabled: 0","SafeBrowsing","SUPPORTED_WIN7","chrome.admx"
"Local","SafeBrowsingProtectionLevel","Both","Software\Policies\Google\Chrome","SafeBrowsingProtectionLevel","Dropdown","SafeBrowsingProtectionLevel","SafeBrowsingProtectionLevel","SafeBrowsing","SUPPORTED_WIN7","chrome.admx"
"Local","SafeBrowsingProxiedRealTimeChecksAllowed","Both","Software\Policies\Google\Chrome","SafeBrowsingProxiedRealTimeChecksAllowed","Enabled/DisabledValue","","Enabled: 1; Disabled: 0","SafeBrowsing","SUPPORTED_WIN7","chrome.admx"
"Local","SafeBrowsingSurveysEnabled","Both","Software\Policies\Google\Chrome","SafeBrowsingSurveysEnabled","Enabled/DisabledValue","","Enabled: 1; Disabled: 0","SafeBrowsing","SUPPORTED_WIN7","chrome.admx"
"Local","SafeBrowsingProtectionLevel_recommended","Both","Software\Policies\Google\Chrome\Recommended","SafeBrowsingProtectionLevel_recommended","Dropdown","SafeBrowsingProtectionLevel","SafeBrowsingProtectionLevel","SafeBrowsing_recommended","SUPPORTED_WIN7","chrome.admx"
"Local","BoundSessionCredentialsEnabled","Both","Software\Policies\Google\Chrome","BoundSessionCredentialsEnabled","Enabled/DisabledValue","","Enabled: 1; Disabled: 0","Signin","SUPPORTED_WIN7","chrome.admx"
"Local","ProfileSeparationDomainExceptionList","Both","Software\Policies\Google\Chrome","ProfileSeparationDomainExceptionList","List","Software\Policies\Google\Chrome\ProfileSeparationDomainExceptionList","ProfileSeparationDomainExceptionListDesc","Signin","SUPPORTED_WIN7","chrome.admx"
"Local","HomepageIsNewTabPage","Both","Software\Policies\Google\Chrome","HomepageIsNewTabPage","Enabled/DisabledValue","","Enabled: 1; Disabled: 0","Startup","SUPPORTED_WIN7","chrome.admx"
"Local","HomepageLocation","Both","Software\Policies\Google\Chrome","HomepageLocation","TextBox","HomepageLocation","HomepageLocation","Startup","SUPPORTED_WIN7","chrome.admx"
"Local","NewTabPageLocation","Both","Software\Policies\Google\Chrome","NewTabPageLocation","TextBox","NewTabPageLocation","NewTabPageLocation","Startup","SUPPORTED_WIN7","chrome.admx"
"Local","RestoreOnStartup","Both","Software\Policies\Google\Chrome","RestoreOnStartup","Dropdown","RestoreOnStartup","RestoreOnStartup","Startup","SUPPORTED_WIN7","chrome.admx"
"Local","RestoreOnStartupURLs","Both","Software\Policies\Google\Chrome","RestoreOnStartupURLs","List","Software\Policies\Google\Chrome\RestoreOnStartupURLs","RestoreOnStartupURLsDesc","Startup","SUPPORTED_WIN7","chrome.admx"
"Local","ShowHomeButton","Both","Software\Policies\Google\Chrome","ShowHomeButton","Enabled/DisabledValue","","Enabled: 1; Disabled: 0","Startup","SUPPORTED_WIN7","chrome.admx"
"Local","HomepageIsNewTabPage_recommended","Both","Software\Policies\Google\Chrome\Recommended","HomepageIsNewTabPage","Enabled/DisabledValue","","Enabled: 1; Disabled: 0","Startup_recommended","SUPPORTED_WIN7","chrome.admx"
"Local","HomepageLocation_recommended","Both","Software\Policies\Google\Chrome\Recommended","HomepageLocation_recommended","TextBox","HomepageLocation","HomepageLocation","Startup_recommended","SUPPORTED_WIN7","chrome.admx"
"Local","RestoreOnStartup_recommended","Both","Software\Policies\Google\Chrome\Recommended","RestoreOnStartup_recommended","Dropdown","RestoreOnStartup","RestoreOnStartup","Startup_recommended","SUPPORTED_WIN7","chrome.admx"
"Local","RestoreOnStartupURLs_recommended","Both","Software\Policies\Google\Chrome\Recommended","RestoreOnStartupURLs_recommended","List","Software\Policies\Google\Chrome\Recommended\RestoreOnStartupURLs","RestoreOnStartupURLsDesc","Startup_recommended","SUPPORTED_WIN7","chrome.admx"
"Local","ShowHomeButton_recommended","Both","Software\Policies\Google\Chrome\Recommended","ShowHomeButton","Enabled/DisabledValue","","Enabled: 1; Disabled: 0","Startup_recommended","SUPPORTED_WIN7","chrome.admx"
"Local","WebRtcIPHandling","Both","Software\Policies\Google\Chrome","WebRtcIPHandling","Dropdown","WebRtcIPHandling","WebRtcIPHandling","WebRtc","SUPPORTED_WIN7","chrome.admx"
"Local","WebRtcIPHandlingUrl","Both","Software\Policies\Google\Chrome","WebRtcIPHandlingUrl","TextBox","WebRtcIPHandlingUrl","WebRtcIPHandlingUrl","WebRtc","SUPPORTED_WIN7","chrome.admx"
"Local","WebRtcPostQuantumKeyAgreement","Both","Software\Policies\Google\Chrome","WebRtcPostQuantumKeyAgreement","Enabled/DisabledValue","","Enabled: 1; Disabled: 0","WebRtc","SUPPORTED_WIN7","chrome.admx"
"Local","","","","","",,,"Cat_Google","","google.admx"
