"Domain","SettingName","Class","Key","ValueName","ValueType","ChildKey","ChildValue","Category","SupportedOn","AdmxFile"
"Local","ApplicationGuardContainerProxy","Both","Software\Policies\Microsoft\Edge","ApplicationGuardContainerProxy","TextBox","ApplicationGuardContainerProxy","ApplicationGuardContainerProxy","ApplicationGuard","SUPPORTED_WIN7_V84","msedge.admx"
"Local","ApplicationGuardFavoritesSyncEnabled","Both","Software\Policies\Microsoft\Edge","ApplicationGuardFavoritesSyncEnabled","Enabled/DisabledValue","","Enabled: 1; Disabled: 0","ApplicationGuard","SUPPORTED_WIN7_V90","msedge.admx"
"Local","ApplicationGuardPassiveModeEnabled","Both","Software\Policies\Microsoft\Edge","ApplicationGuardPassiveModeEnabled","Enabled/DisabledValue","","Enabled: 1; Disabled: 0","ApplicationGuard","SUPPORTED_WIN7_V94","msedge.admx"
"Local","ApplicationGuardTrafficIdentificationEnabled","Both","Software\Policies\Microsoft\Edge","ApplicationGuardTrafficIdentificationEnabled","Enabled/DisabledValue","","Enabled: 1; Disabled: 0","ApplicationGuard","SUPPORTED_WIN7_V91","msedge.admx"
"Local","ApplicationGuardUploadBlockingEnabled","Both","Software\Policies\Microsoft\Edge","ApplicationGuardUploadBlockingEnabled","Enabled/DisabledValue","","Enabled: 1; Disabled: 0","ApplicationGuard","SUPPORTED_WIN7_V96","msedge.admx"
"Local","EdgeDisableDialProtocolForCastDiscovery","Both","Software\Policies\Microsoft\Edge","EdgeDisableDialProtocolForCastDiscovery","Enabled/DisabledValue","","Enabled: 1; Disabled: 0","GoogleCast","SUPPORTED_WIN7_V121","msedge.admx"
"Local","EnableMediaRouter","Both","Software\Policies\Microsoft\Edge","EnableMediaRouter","Enabled/DisabledValue","","Enabled: 1; Disabled: 0","GoogleCast","SUPPORTED_WIN7_V77","msedge.admx"
"Local","ShowCastIconInToolbar","Both","Software\Policies\Microsoft\Edge","ShowCastIconInToolbar","Enabled/DisabledValue","","Enabled: 1; Disabled: 0","GoogleCast","SUPPORTED_WIN7_V77","msedge.admx"
"Local","CACertificateManagementAllowed","Both","Software\Policies\Microsoft\Edge","CACertificateManagementAllowed","Dropdown","CACertificateManagementAllowed","CACertificateManagementAllowed","CertificateManagement","SUPPORTED_WIN7_V133","msedge.admx"
"Local","CACertificates","Both","Software\Policies\Microsoft\Edge","CACertificates","List","Software\Policies\Microsoft\Edge\CACertificates","CACertificatesDesc","CertificateManagement","SUPPORTED_WIN7_V133","msedge.admx"
"Local","CACertificatesWithConstraints","Both","Software\Policies\Microsoft\Edge","CACertificatesWithConstraints","TextBox","CACertificatesWithConstraints","CACertificatesWithConstraints","CertificateManagement","SUPPORTED_WIN7_V133","msedge.admx"
"Local","CADistrustedCertificates","Both","Software\Policies\Microsoft\Edge","CADistrustedCertificates","List","Software\Policies\Microsoft\Edge\CADistrustedCertificates","CADistrustedCertificatesDesc","CertificateManagement","SUPPORTED_WIN7_V133","msedge.admx"
"Local","CAHintCertificates","Both","Software\Policies\Microsoft\Edge","CAHintCertificates","List","Software\Policies\Microsoft\Edge\CAHintCertificates","CAHintCertificatesDesc","CertificateManagement","SUPPORTED_WIN7_V133","msedge.admx"
"Local","CAPlatformIntegrationEnabled","Both","Software\Policies\Microsoft\Edge","CAPlatformIntegrationEnabled","Enabled/DisabledValue","","Enabled: 1; Disabled: 0","CertificateManagement","SUPPORTED_WIN7_V133","msedge.admx"
"Local","AutoSelectCertificateForUrls","Both","Software\Policies\Microsoft\Edge","AutoSelectCertificateForUrls","List","Software\Policies\Microsoft\Edge\AutoSelectCertificateForUrls","AutoSelectCertificateForUrlsDesc","ContentSettings","SUPPORTED_WIN7_V77","msedge.admx"
"Local","AutomaticDownloadsAllowedForUrls","Both","Software\Policies\Microsoft\Edge","AutomaticDownloadsAllowedForUrls","List","Software\Policies\Microsoft\Edge\AutomaticDownloadsAllowedForUrls","AutomaticDownloadsAllowedForUrlsDesc","ContentSettings","SUPPORTED_WIN7_V110","msedge.admx"
"Local","AutomaticDownloadsBlockedForUrls","Both","Software\Policies\Microsoft\Edge","AutomaticDownloadsBlockedForUrls","List","Software\Policies\Microsoft\Edge\AutomaticDownloadsBlockedForUrls","AutomaticDownloadsBlockedForUrlsDesc","ContentSettings","SUPPORTED_WIN7_V110","msedge.admx"
"Local","AutomaticFullscreenAllowedForUrls","Both","Software\Policies\Microsoft\Edge","AutomaticFullscreenAllowedForUrls","List","Software\Policies\Microsoft\Edge\AutomaticFullscreenAllowedForUrls","AutomaticFullscreenAllowedForUrlsDesc","ContentSettings","SUPPORTED_WIN7_V132","msedge.admx"
"Local","AutomaticFullscreenBlockedForUrls","Both","Software\Policies\Microsoft\Edge","AutomaticFullscreenBlockedForUrls","List","Software\Policies\Microsoft\Edge\AutomaticFullscreenBlockedForUrls","AutomaticFullscreenBlockedForUrlsDesc","ContentSettings","SUPPORTED_WIN7_V132","msedge.admx"
"Local","CookiesAllowedForUrls","Both","Software\Policies\Microsoft\Edge","CookiesAllowedForUrls","List","Software\Policies\Microsoft\Edge\CookiesAllowedForUrls","CookiesAllowedForUrlsDesc","ContentSettings","SUPPORTED_WIN7_V77","msedge.admx"
"Local","CookiesBlockedForUrls","Both","Software\Policies\Microsoft\Edge","CookiesBlockedForUrls","List","Software\Policies\Microsoft\Edge\CookiesBlockedForUrls","CookiesBlockedForUrlsDesc","ContentSettings","SUPPORTED_WIN7_V77","msedge.admx"
"Local","CookiesSessionOnlyForUrls","Both","Software\Policies\Microsoft\Edge","CookiesSessionOnlyForUrls","List","Software\Policies\Microsoft\Edge\CookiesSessionOnlyForUrls","CookiesSessionOnlyForUrlsDesc","ContentSettings","SUPPORTED_WIN7_V77","msedge.admx"
"Local","DataUrlInSvgUseEnabled","Both","Software\Policies\Microsoft\Edge","DataUrlInSvgUseEnabled","Enabled/DisabledValue","","Enabled: 1; Disabled: 0","ContentSettings","SUPPORTED_WIN7_V118","msedge.admx"
"Local","DefaultAutomaticDownloadsSetting","Both","Software\Policies\Microsoft\Edge","DefaultAutomaticDownloadsSetting","Dropdown","DefaultAutomaticDownloadsSetting","DefaultAutomaticDownloadsSetting","ContentSettings","SUPPORTED_WIN7_V110","msedge.admx"
"Local","DefaultCookiesSetting","Both","Software\Policies\Microsoft\Edge","DefaultCookiesSetting","Dropdown","DefaultCookiesSetting","DefaultCookiesSetting","ContentSettings","SUPPORTED_WIN7_V77","msedge.admx"
"Local","DefaultFileSystemReadGuardSetting","Both","Software\Policies\Microsoft\Edge","DefaultFileSystemReadGuardSetting","Dropdown","DefaultFileSystemReadGuardSetting","DefaultFileSystemReadGuardSetting","ContentSettings","SUPPORTED_WIN7_V86","msedge.admx"
"Local","DefaultFileSystemWriteGuardSetting","Both","Software\Policies\Microsoft\Edge","DefaultFileSystemWriteGuardSetting","Dropdown","DefaultFileSystemWriteGuardSetting","DefaultFileSystemWriteGuardSetting","ContentSettings","SUPPORTED_WIN7_V86","msedge.admx"
"Local","DefaultGeolocationSetting","Both","Software\Policies\Microsoft\Edge","DefaultGeolocationSetting","Dropdown","DefaultGeolocationSetting","DefaultGeolocationSetting","ContentSettings","SUPPORTED_WIN7_V77","msedge.admx"
"Local","DefaultImagesSetting","Both","Software\Policies\Microsoft\Edge","DefaultImagesSetting","Dropdown","DefaultImagesSetting","DefaultImagesSetting","ContentSettings","SUPPORTED_WIN7_V77","msedge.admx"
"Local","DefaultInsecureContentSetting","Both","Software\Policies\Microsoft\Edge","DefaultInsecureContentSetting","Dropdown","DefaultInsecureContentSetting","DefaultInsecureContentSetting","ContentSettings","SUPPORTED_WIN7_V80","msedge.admx"
"Local","DefaultJavaScriptJitSetting","Both","Software\Policies\Microsoft\Edge","DefaultJavaScriptJitSetting","Dropdown","DefaultJavaScriptJitSetting","DefaultJavaScriptJitSetting","ContentSettings","SUPPORTED_WIN7_V93","msedge.admx"
"Local","DefaultJavaScriptOptimizerSetting","Both","Software\Policies\Microsoft\Edge","DefaultJavaScriptOptimizerSetting","Dropdown","DefaultJavaScriptOptimizerSetting","DefaultJavaScriptOptimizerSetting","ContentSettings","SUPPORTED_WIN7_V134","msedge.admx"
"Local","DefaultJavaScriptSetting","Both","Software\Policies\Microsoft\Edge","DefaultJavaScriptSetting","Dropdown","DefaultJavaScriptSetting","DefaultJavaScriptSetting","ContentSettings","SUPPORTED_WIN7_V77","msedge.admx"
"Local","DefaultNotificationsSetting","Both","Software\Policies\Microsoft\Edge","DefaultNotificationsSetting","Dropdown","DefaultNotificationsSetting","DefaultNotificationsSetting","ContentSettings","SUPPORTED_WIN7_V77","msedge.admx"
"Local","DefaultPluginsSetting","Both","Software\Policies\Microsoft\Edge","DefaultPluginsSetting","Dropdown","DefaultPluginsSetting","DefaultPluginsSetting","ContentSettings","OBSOLETE_WIN7_V77_V87","msedge.admx"
"Local","DefaultPopupsSetting","Both","Software\Policies\Microsoft\Edge","DefaultPopupsSetting","Dropdown","DefaultPopupsSetting","DefaultPopupsSetting","ContentSettings","SUPPORTED_WIN7_V77","msedge.admx"
"Local","DefaultThirdPartyStoragePartitioningSetting","Both","Software\Policies\Microsoft\Edge","DefaultThirdPartyStoragePartitioningSetting","Dropdown","DefaultThirdPartyStoragePartitioningSetting","DefaultThirdPartyStoragePartitioningSetting","ContentSettings","SUPPORTED_WIN7_V115","msedge.admx"
"Local","DefaultWebBluetoothGuardSetting","Both","Software\Policies\Microsoft\Edge","DefaultWebBluetoothGuardSetting","Dropdown","DefaultWebBluetoothGuardSetting","DefaultWebBluetoothGuardSetting","ContentSettings","SUPPORTED_WIN7_V77","msedge.admx"
"Local","DefaultWebHidGuardSetting","Both","Software\Policies\Microsoft\Edge","DefaultWebHidGuardSetting","Dropdown","DefaultWebHidGuardSetting","DefaultWebHidGuardSetting","ContentSettings","SUPPORTED_WIN7_V100","msedge.admx"
"Local","DefaultWebUsbGuardSetting","Both","Software\Policies\Microsoft\Edge","DefaultWebUsbGuardSetting","Dropdown","DefaultWebUsbGuardSetting","DefaultWebUsbGuardSetting","ContentSettings","SUPPORTED_WIN7_V77","msedge.admx"
"Local","DefaultWindowManagementSetting","Both","Software\Policies\Microsoft\Edge","DefaultWindowManagementSetting","Dropdown","DefaultWindowManagementSetting","DefaultWindowManagementSetting","ContentSettings","SUPPORTED_WIN7_V123","msedge.admx"
"Local","FileSystemReadAskForUrls","Both","Software\Policies\Microsoft\Edge","FileSystemReadAskForUrls","List","Software\Policies\Microsoft\Edge\FileSystemReadAskForUrls","FileSystemReadAskForUrlsDesc","ContentSettings","SUPPORTED_WIN7_V86","msedge.admx"
"Local","FileSystemReadBlockedForUrls","Both","Software\Policies\Microsoft\Edge","FileSystemReadBlockedForUrls","List","Software\Policies\Microsoft\Edge\FileSystemReadBlockedForUrls","FileSystemReadBlockedForUrlsDesc","ContentSettings","SUPPORTED_WIN7_V86","msedge.admx"
"Local","FileSystemWriteAskForUrls","Both","Software\Policies\Microsoft\Edge","FileSystemWriteAskForUrls","List","Software\Policies\Microsoft\Edge\FileSystemWriteAskForUrls","FileSystemWriteAskForUrlsDesc","ContentSettings","SUPPORTED_WIN7_V86","msedge.admx"
"Local","FileSystemWriteBlockedForUrls","Both","Software\Policies\Microsoft\Edge","FileSystemWriteBlockedForUrls","List","Software\Policies\Microsoft\Edge\FileSystemWriteBlockedForUrls","FileSystemWriteBlockedForUrlsDesc","ContentSettings","SUPPORTED_WIN7_V86","msedge.admx"
"Local","ImagesAllowedForUrls","Both","Software\Policies\Microsoft\Edge","ImagesAllowedForUrls","List","Software\Policies\Microsoft\Edge\ImagesAllowedForUrls","ImagesAllowedForUrlsDesc","ContentSettings","SUPPORTED_WIN7_V77","msedge.admx"
"Local","ImagesBlockedForUrls","Both","Software\Policies\Microsoft\Edge","ImagesBlockedForUrls","List","Software\Policies\Microsoft\Edge\ImagesBlockedForUrls","ImagesBlockedForUrlsDesc","ContentSettings","SUPPORTED_WIN7_V77","msedge.admx"
"Local","InsecureContentAllowedForUrls","Both","Software\Policies\Microsoft\Edge","InsecureContentAllowedForUrls","List","Software\Policies\Microsoft\Edge\InsecureContentAllowedForUrls","InsecureContentAllowedForUrlsDesc","ContentSettings","SUPPORTED_WIN7_V80","msedge.admx"
"Local","InsecureContentBlockedForUrls","Both","Software\Policies\Microsoft\Edge","InsecureContentBlockedForUrls","List","Software\Policies\Microsoft\Edge\InsecureContentBlockedForUrls","InsecureContentBlockedForUrlsDesc","ContentSettings","SUPPORTED_WIN7_V80","msedge.admx"
"Local","IntranetFileLinksEnabled","Both","Software\Policies\Microsoft\Edge","IntranetFileLinksEnabled","Enabled/DisabledValue","","Enabled: 1; Disabled: 0","ContentSettings","SUPPORTED_WIN7_V95","msedge.admx"
"Local","JavaScriptAllowedForUrls","Both","Software\Policies\Microsoft\Edge","JavaScriptAllowedForUrls","List","Software\Policies\Microsoft\Edge\JavaScriptAllowedForUrls","JavaScriptAllowedForUrlsDesc","ContentSettings","SUPPORTED_WIN7_V77","msedge.admx"
"Local","JavaScriptBlockedForUrls","Both","Software\Policies\Microsoft\Edge","JavaScriptBlockedForUrls","List","Software\Policies\Microsoft\Edge\JavaScriptBlockedForUrls","JavaScriptBlockedForUrlsDesc","ContentSettings","SUPPORTED_WIN7_V77","msedge.admx"
"Local","JavaScriptJitAllowedForSites","Both","Software\Policies\Microsoft\Edge","JavaScriptJitAllowedForSites","List","Software\Policies\Microsoft\Edge\JavaScriptJitAllowedForSites","JavaScriptJitAllowedForSitesDesc","ContentSettings","SUPPORTED_WIN7_V93","msedge.admx"
"Local","JavaScriptJitBlockedForSites","Both","Software\Policies\Microsoft\Edge","JavaScriptJitBlockedForSites","List","Software\Policies\Microsoft\Edge\JavaScriptJitBlockedForSites","JavaScriptJitBlockedForSitesDesc","ContentSettings","SUPPORTED_WIN7_V93","msedge.admx"
"Local","JavaScriptOptimizerAllowedForSites","Both","Software\Policies\Microsoft\Edge","JavaScriptOptimizerAllowedForSites","List","Software\Policies\Microsoft\Edge\JavaScriptOptimizerAllowedForSites","JavaScriptOptimizerAllowedForSitesDesc","ContentSettings","SUPPORTED_WIN7_V134","msedge.admx"
"Local","JavaScriptOptimizerBlockedForSites","Both","Software\Policies\Microsoft\Edge","JavaScriptOptimizerBlockedForSites","List","Software\Policies\Microsoft\Edge\JavaScriptOptimizerBlockedForSites","JavaScriptOptimizerBlockedForSitesDesc","ContentSettings","SUPPORTED_WIN7_V134","msedge.admx"
"Local","LegacySameSiteCookieBehaviorEnabled","Both","Software\Policies\Microsoft\Edge","LegacySameSiteCookieBehaviorEnabled","Dropdown","LegacySameSiteCookieBehaviorEnabled","LegacySameSiteCookieBehaviorEnabled","ContentSettings","OBSOLETE_WIN7_V80_V94","msedge.admx"
"Local","LegacySameSiteCookieBehaviorEnabledForDomainList","Both","Software\Policies\Microsoft\Edge","LegacySameSiteCookieBehaviorEnabledForDomainList","List","Software\Policies\Microsoft\Edge\LegacySameSiteCookieBehaviorEnabledForDomainList","LegacySameSiteCookieBehaviorEnabledForDomainListDesc","ContentSettings","OBSOLETE_WIN7_V80_V132","msedge.admx"
"Local","NotificationsAllowedForUrls","Both","Software\Policies\Microsoft\Edge","NotificationsAllowedForUrls","List","Software\Policies\Microsoft\Edge\NotificationsAllowedForUrls","NotificationsAllowedForUrlsDesc","ContentSettings","SUPPORTED_WIN7_V77","msedge.admx"
"Local","NotificationsBlockedForUrls","Both","Software\Policies\Microsoft\Edge","NotificationsBlockedForUrls","List","Software\Policies\Microsoft\Edge\NotificationsBlockedForUrls","NotificationsBlockedForUrlsDesc","ContentSettings","SUPPORTED_WIN7_V77","msedge.admx"
"Local","PartitionedBlobUrlUsage","Both","Software\Policies\Microsoft\Edge","PartitionedBlobUrlUsage","Enabled/DisabledValue","","Enabled: 1; Disabled: 0","ContentSettings","SUPPORTED_WIN7_V135","msedge.admx"
"Local","PluginsAllowedForUrls","Both","Software\Policies\Microsoft\Edge","PluginsAllowedForUrls","List","Software\Policies\Microsoft\Edge\PluginsAllowedForUrls","PluginsAllowedForUrlsDesc","ContentSettings","OBSOLETE_WIN7_V77_V87","msedge.admx"
"Local","PluginsBlockedForUrls","Both","Software\Policies\Microsoft\Edge","PluginsBlockedForUrls","List","Software\Policies\Microsoft\Edge\PluginsBlockedForUrls","PluginsBlockedForUrlsDesc","ContentSettings","OBSOLETE_WIN7_V77_V87","msedge.admx"
"Local","PopupsAllowedForUrls","Both","Software\Policies\Microsoft\Edge","PopupsAllowedForUrls","List","Software\Policies\Microsoft\Edge\PopupsAllowedForUrls","PopupsAllowedForUrlsDesc","ContentSettings","SUPPORTED_WIN7_V77","msedge.admx"
"Local","PopupsBlockedForUrls","Both","Software\Policies\Microsoft\Edge","PopupsBlockedForUrls","List","Software\Policies\Microsoft\Edge\PopupsBlockedForUrls","PopupsBlockedForUrlsDesc","ContentSettings","SUPPORTED_WIN7_V77","msedge.admx"
"Local","SerialAllowAllPortsForUrls","Both","Software\Policies\Microsoft\Edge","SerialAllowAllPortsForUrls","List","Software\Policies\Microsoft\Edge\SerialAllowAllPortsForUrls","SerialAllowAllPortsForUrlsDesc","ContentSettings","SUPPORTED_WIN7_V97","msedge.admx"
"Local","SerialAllowUsbDevicesForUrls","Both","Software\Policies\Microsoft\Edge","SerialAllowUsbDevicesForUrls","TextBox","SerialAllowUsbDevicesForUrls","SerialAllowUsbDevicesForUrls","ContentSettings","SUPPORTED_WIN7_V97","msedge.admx"
"Local","ShowPDFDefaultRecommendationsEnabled","Both","Software\Policies\Microsoft\Edge","ShowPDFDefaultRecommendationsEnabled","Enabled/DisabledValue","","Enabled: 1; Disabled: 0","ContentSettings","SUPPORTED_WIN7_V93","msedge.admx"
"Local","SpotlightExperiencesAndRecommendationsEnabled","Both","Software\Policies\Microsoft\Edge","SpotlightExperiencesAndRecommendationsEnabled","Enabled/DisabledValue","","Enabled: 1; Disabled: 0","ContentSettings","SUPPORTED_WIN7_V86","msedge.admx"
"Local","ThirdPartyStoragePartitioningBlockedForOrigins","Both","Software\Policies\Microsoft\Edge","ThirdPartyStoragePartitioningBlockedForOrigins","List","Software\Policies\Microsoft\Edge\ThirdPartyStoragePartitioningBlockedForOrigins","ThirdPartyStoragePartitioningBlockedForOriginsDesc","ContentSettings","SUPPORTED_WIN7_V115","msedge.admx"
"Local","WebHidAllowAllDevicesForUrls","Both","Software\Policies\Microsoft\Edge","WebHidAllowAllDevicesForUrls","List","Software\Policies\Microsoft\Edge\WebHidAllowAllDevicesForUrls","WebHidAllowAllDevicesForUrlsDesc","ContentSettings","SUPPORTED_WIN7_V109","msedge.admx"
"Local","WebHidAllowDevicesForUrls","Both","Software\Policies\Microsoft\Edge","WebHidAllowDevicesForUrls","TextBox","WebHidAllowDevicesForUrls","WebHidAllowDevicesForUrls","ContentSettings","SUPPORTED_WIN7_V109","msedge.admx"
"Local","WebHidAllowDevicesWithHidUsagesForUrls","Both","Software\Policies\Microsoft\Edge","WebHidAllowDevicesWithHidUsagesForUrls","TextBox","WebHidAllowDevicesWithHidUsagesForUrls","WebHidAllowDevicesWithHidUsagesForUrls","ContentSettings","SUPPORTED_WIN7_V109","msedge.admx"
"Local","WebHidAskForUrls","Both","Software\Policies\Microsoft\Edge","WebHidAskForUrls","List","Software\Policies\Microsoft\Edge\WebHidAskForUrls","WebHidAskForUrlsDesc","ContentSettings","SUPPORTED_WIN7_V100","msedge.admx"
"Local","WebHidBlockedForUrls","Both","Software\Policies\Microsoft\Edge","WebHidBlockedForUrls","List","Software\Policies\Microsoft\Edge\WebHidBlockedForUrls","WebHidBlockedForUrlsDesc","ContentSettings","SUPPORTED_WIN7_V100","msedge.admx"
"Local","WebUsbAllowDevicesForUrls","Both","Software\Policies\Microsoft\Edge","WebUsbAllowDevicesForUrls","TextBox","WebUsbAllowDevicesForUrls","WebUsbAllowDevicesForUrls","ContentSettings","SUPPORTED_WIN7_V77","msedge.admx"
"Local","WebUsbAskForUrls","Both","Software\Policies\Microsoft\Edge","WebUsbAskForUrls","List","Software\Policies\Microsoft\Edge\WebUsbAskForUrls","WebUsbAskForUrlsDesc","ContentSettings","SUPPORTED_WIN7_V77","msedge.admx"
"Local","WebUsbBlockedForUrls","Both","Software\Policies\Microsoft\Edge","WebUsbBlockedForUrls","List","Software\Policies\Microsoft\Edge\WebUsbBlockedForUrls","WebUsbBlockedForUrlsDesc","ContentSettings","SUPPORTED_WIN7_V77","msedge.admx"
"Local","WindowManagementAllowedForUrls","Both","Software\Policies\Microsoft\Edge","WindowManagementAllowedForUrls","List","Software\Policies\Microsoft\Edge\WindowManagementAllowedForUrls","WindowManagementAllowedForUrlsDesc","ContentSettings","SUPPORTED_WIN7_V123","msedge.admx"
"Local","WindowManagementBlockedForUrls","Both","Software\Policies\Microsoft\Edge","WindowManagementBlockedForUrls","List","Software\Policies\Microsoft\Edge\WindowManagementBlockedForUrls","WindowManagementBlockedForUrlsDesc","ContentSettings","SUPPORTED_WIN7_V123","msedge.admx"
"Local","RegisteredProtocolHandlers_recommended","Both","Software\Policies\Microsoft\Edge\Recommended","RegisteredProtocolHandlers_recommended","TextBox","RegisteredProtocolHandlers","RegisteredProtocolHandlers","ContentSettings_recommended","SUPPORTED_WIN7_V77","msedge.admx"
"Local","DefaultSearchProviderEnabled","Both","Software\Policies\Microsoft\Edge","DefaultSearchProviderEnabled","Enabled/DisabledValue","","Enabled: 1; Disabled: 0","DefaultSearchProvider","SUPPORTED_WIN7_V77","msedge.admx"
"Local","DefaultSearchProviderEncodings","Both","Software\Policies\Microsoft\Edge","DefaultSearchProviderEncodings","List","Software\Policies\Microsoft\Edge\DefaultSearchProviderEncodings","DefaultSearchProviderEncodingsDesc","DefaultSearchProvider","SUPPORTED_WIN7_V77","msedge.admx"
"Local","DefaultSearchProviderImageURL","Both","Software\Policies\Microsoft\Edge","DefaultSearchProviderImageURL","TextBox","DefaultSearchProviderImageURL","DefaultSearchProviderImageURL","DefaultSearchProvider","SUPPORTED_WIN7_V77","msedge.admx"
"Local","DefaultSearchProviderImageURLPostParams","Both","Software\Policies\Microsoft\Edge","DefaultSearchProviderImageURLPostParams","TextBox","DefaultSearchProviderImageURLPostParams","DefaultSearchProviderImageURLPostParams","DefaultSearchProvider","SUPPORTED_WIN7_V77","msedge.admx"
"Local","DefaultSearchProviderKeyword","Both","Software\Policies\Microsoft\Edge","DefaultSearchProviderKeyword","TextBox","DefaultSearchProviderKeyword","DefaultSearchProviderKeyword","DefaultSearchProvider","SUPPORTED_WIN7_V77","msedge.admx"
"Local","DefaultSearchProviderName","Both","Software\Policies\Microsoft\Edge","DefaultSearchProviderName","TextBox","DefaultSearchProviderName","DefaultSearchProviderName","DefaultSearchProvider","SUPPORTED_WIN7_V77","msedge.admx"
"Local","DefaultSearchProviderSearchURL","Both","Software\Policies\Microsoft\Edge","DefaultSearchProviderSearchURL","TextBox","DefaultSearchProviderSearchURL","DefaultSearchProviderSearchURL","DefaultSearchProvider","SUPPORTED_WIN7_V77","msedge.admx"
"Local","DefaultSearchProviderSuggestURL","Both","Software\Policies\Microsoft\Edge","DefaultSearchProviderSuggestURL","TextBox","DefaultSearchProviderSuggestURL","DefaultSearchProviderSuggestURL","DefaultSearchProvider","SUPPORTED_WIN7_V77","msedge.admx"
"Local","NewTabPageSearchBox","Both","Software\Policies\Microsoft\Edge","NewTabPageSearchBox","Dropdown","NewTabPageSearchBox","NewTabPageSearchBox","DefaultSearchProvider","SUPPORTED_WIN7_V85","msedge.admx"
"Local","DefaultSearchProviderEnabled_recommended","Both","Software\Policies\Microsoft\Edge\Recommended","DefaultSearchProviderEnabled","Enabled/DisabledValue","","Enabled: 1; Disabled: 0","DefaultSearchProvider_recommended","SUPPORTED_WIN7_V77","msedge.admx"
"Local","DefaultSearchProviderEncodings_recommended","Both","Software\Policies\Microsoft\Edge\Recommended","DefaultSearchProviderEncodings_recommended","List","Software\Policies\Microsoft\Edge\Recommended\DefaultSearchProviderEncodings","DefaultSearchProviderEncodingsDesc","DefaultSearchProvider_recommended","SUPPORTED_WIN7_V77","msedge.admx"
"Local","DefaultSearchProviderImageURL_recommended","Both","Software\Policies\Microsoft\Edge\Recommended","DefaultSearchProviderImageURL_recommended","TextBox","DefaultSearchProviderImageURL","DefaultSearchProviderImageURL","DefaultSearchProvider_recommended","SUPPORTED_WIN7_V77","msedge.admx"
"Local","DefaultSearchProviderImageURLPostParams_recommended","Both","Software\Policies\Microsoft\Edge\Recommended","DefaultSearchProviderImageURLPostParams_recommended","TextBox","DefaultSearchProviderImageURLPostParams","DefaultSearchProviderImageURLPostParams","DefaultSearchProvider_recommended","SUPPORTED_WIN7_V77","msedge.admx"
"Local","DefaultSearchProviderKeyword_recommended","Both","Software\Policies\Microsoft\Edge\Recommended","DefaultSearchProviderKeyword_recommended","TextBox","DefaultSearchProviderKeyword","DefaultSearchProviderKeyword","DefaultSearchProvider_recommended","SUPPORTED_WIN7_V77","msedge.admx"
"Local","DefaultSearchProviderName_recommended","Both","Software\Policies\Microsoft\Edge\Recommended","DefaultSearchProviderName_recommended","TextBox","DefaultSearchProviderName","DefaultSearchProviderName","DefaultSearchProvider_recommended","SUPPORTED_WIN7_V77","msedge.admx"
"Local","DefaultSearchProviderSearchURL_recommended","Both","Software\Policies\Microsoft\Edge\Recommended","DefaultSearchProviderSearchURL_recommended","TextBox","DefaultSearchProviderSearchURL","DefaultSearchProviderSearchURL","DefaultSearchProvider_recommended","SUPPORTED_WIN7_V77","msedge.admx"
"Local","DefaultSearchProviderSuggestURL_recommended","Both","Software\Policies\Microsoft\Edge\Recommended","DefaultSearchProviderSuggestURL_recommended","TextBox","DefaultSearchProviderSuggestURL","DefaultSearchProviderSuggestURL","DefaultSearchProvider_recommended","SUPPORTED_WIN7_V77","msedge.admx"
"Local","NewTabPageSearchBox_recommended","Both","Software\Policies\Microsoft\Edge\Recommended","NewTabPageSearchBox_recommended","Dropdown","NewTabPageSearchBox","NewTabPageSearchBox","DefaultSearchProvider_recommended","SUPPORTED_WIN7_V85","msedge.admx"
"Local","ShowDownloadsInsecureWarningsEnabled","Both","Software\Policies\Microsoft\Edge","ShowDownloadsInsecureWarningsEnabled","Enabled/DisabledValue","","Enabled: 1; Disabled: 0","Downloads","SUPPORTED_WIN7_V128","msedge.admx"
"Local","ShowDownloadsInsecureWarningsEnabled_recommended","Both","Software\Policies\Microsoft\Edge\Recommended","ShowDownloadsInsecureWarningsEnabled","Enabled/DisabledValue","","Enabled: 1; Disabled: 0","Downloads_recommended","SUPPORTED_WIN7_V128","msedge.admx"
"Local","PreventTyposquattingPromptOverride","Both","Software\Policies\Microsoft\Edge","PreventTyposquattingPromptOverride","Enabled/DisabledValue","","Enabled: 1; Disabled: 0","TyposquattingChecker","SUPPORTED_WIN7_V121","msedge.admx"
"Local","TyposquattingAllowListDomains","Both","Software\Policies\Microsoft\Edge","TyposquattingAllowListDomains","List","Software\Policies\Microsoft\Edge\TyposquattingAllowListDomains","TyposquattingAllowListDomainsDesc","TyposquattingChecker","SUPPORTED_WIN7_V121","msedge.admx"
"Local","TyposquattingCheckerEnabled","Both","Software\Policies\Microsoft\Edge","TyposquattingCheckerEnabled","Enabled/DisabledValue","","Enabled: 1; Disabled: 0","TyposquattingChecker","SUPPORTED_WIN7_V96","msedge.admx"
"Local","TyposquattingCheckerEnabled_recommended","Both","Software\Policies\Microsoft\Edge\Recommended","TyposquattingCheckerEnabled","Enabled/DisabledValue","","Enabled: 1; Disabled: 0","TyposquattingChecker_recommended","SUPPORTED_WIN7_V96","msedge.admx"
"Local","EdgeWorkspacesEnabled","Both","Software\Policies\Microsoft\Edge","EdgeWorkspacesEnabled","Enabled/DisabledValue","","Enabled: 1; Disabled: 0","EdgeWorkspaces","SUPPORTED_WIN7_V106","msedge.admx"
"Local","WorkspacesNavigationSettings","Both","Software\Policies\Microsoft\Edge","WorkspacesNavigationSettings","TextBox","WorkspacesNavigationSettings","WorkspacesNavigationSettings","EdgeWorkspaces","SUPPORTED_WIN7_V110","msedge.admx"
"Local","FeatureFlagOverridesControl","Both","Software\Policies\Microsoft\Edge","FeatureFlagOverridesControl","Dropdown","FeatureFlagOverridesControl","FeatureFlagOverridesControl","Experimentation","SUPPORTED_WIN7_V93","msedge.admx"
"Local","BlockExternalExtensions","Both","Software\Policies\Microsoft\Edge","BlockExternalExtensions","Enabled/DisabledValue","","Enabled: 1; Disabled: 0","Extensions","SUPPORTED_WIN7_V88","msedge.admx"
"Local","ExtensionAllowedTypes","Both","Software\Policies\Microsoft\Edge","ExtensionAllowedTypes","List","Software\Policies\Microsoft\Edge\ExtensionAllowedTypes","ExtensionAllowedTypesDesc","Extensions","SUPPORTED_WIN7_V77","msedge.admx"
"Local","ExtensionDeveloperModeSettings","Both","Software\Policies\Microsoft\Edge","ExtensionDeveloperModeSettings","Dropdown","ExtensionDeveloperModeSettings","ExtensionDeveloperModeSettings","Extensions","SUPPORTED_WIN7_V128","msedge.admx"
"Local","ExtensionExtendedBackgroundLifetimeForPortConnectionsToUrls","Both","Software\Policies\Microsoft\Edge","ExtensionExtendedBackgroundLifetimeForPortConnectionsToUrls","List","Software\Policies\Microsoft\Edge\ExtensionExtendedBackgroundLifetimeForPortConnectionsToUrls","ExtensionExtendedBackgroundLifetimeForPortConnectionsToUrlsDesc","Extensions","SUPPORTED_WIN7_V128","msedge.admx"
"Local","ExtensionInstallBlocklist","Both","Software\Policies\Microsoft\Edge","ExtensionInstallBlocklist","List","Software\Policies\Microsoft\Edge\ExtensionInstallBlocklist","ExtensionInstallBlocklistDesc","Extensions","SUPPORTED_WIN7_V77","msedge.admx"
"Local","ExtensionInstallForcelist","Both","Software\Policies\Microsoft\Edge","ExtensionInstallForcelist","List","Software\Policies\Microsoft\Edge\ExtensionInstallForcelist","ExtensionInstallForcelistDesc","Extensions","SUPPORTED_WIN7_V77","msedge.admx"
"Local","ExtensionInstallSources","Both","Software\Policies\Microsoft\Edge","ExtensionInstallSources","List","Software\Policies\Microsoft\Edge\ExtensionInstallSources","ExtensionInstallSourcesDesc","Extensions","SUPPORTED_WIN7_V77","msedge.admx"
"Local","ExtensionInstallTypeBlocklist","Both","Software\Policies\Microsoft\Edge","ExtensionInstallTypeBlocklist","List","Software\Policies\Microsoft\Edge\ExtensionInstallTypeBlocklist","ExtensionInstallTypeBlocklistDesc","Extensions","SUPPORTED_WIN7_V123","msedge.admx"
"Local","ExtensionInstallAllowlist","Both","Software\Policies\Microsoft\Edge","ExtensionInstallAllowlist","List","Software\Policies\Microsoft\Edge\ExtensionInstallAllowlist","ExtensionInstallAllowlistDesc","Extensions","SUPPORTED_WIN7_V77","msedge.admx"
"Local","ExtensionManifestV2Availability","Both","Software\Policies\Microsoft\Edge","ExtensionManifestV2Availability","Dropdown","ExtensionManifestV2Availability","ExtensionManifestV2Availability","Extensions","SUPPORTED_WIN7_V123","msedge.admx"
"Local","ExtensionSettings","Both","Software\Policies\Microsoft\Edge","ExtensionSettings","TextBox","ExtensionSettings","ExtensionSettings","Extensions","SUPPORTED_WIN7_V77","msedge.admx"
"Local","MandatoryExtensionsForInPrivateNavigation","Both","Software\Policies\Microsoft\Edge","MandatoryExtensionsForInPrivateNavigation","List","Software\Policies\Microsoft\Edge\MandatoryExtensionsForInPrivateNavigation","MandatoryExtensionsForInPrivateNavigationDesc","Extensions","SUPPORTED_WIN7_V139","msedge.admx"
"Local","ControlDefaultStateOfAllowExtensionFromOtherStoresSettingEnabled_recommended","Both","Software\Policies\Microsoft\Edge\Recommended","ControlDefaultStateOfAllowExtensionFromOtherStoresSettingEnabled","Enabled/DisabledValue","","Enabled: 1; Disabled: 0","Extensions_recommended","SUPPORTED_WIN7_V101","msedge.admx"
"Local","GamerModeEnabled","Both","Software\Policies\Microsoft\Edge","GamerModeEnabled","Enabled/DisabledValue","","Enabled: 1; Disabled: 0","EdgeGames","OBSOLETE_WIN7_V117_V140","msedge.admx"
"Local","GamerModeEnabled_recommended","Both","Software\Policies\Microsoft\Edge\Recommended","GamerModeEnabled","Enabled/DisabledValue","","Enabled: 1; Disabled: 0","EdgeGames_recommended","OBSOLETE_WIN7_V117_V140","msedge.admx"
"Local","GenAILocalFoundationalModelSettings","Both","Software\Policies\Microsoft\Edge","GenAILocalFoundationalModelSettings","Dropdown","GenAILocalFoundationalModelSettings","GenAILocalFoundationalModelSettings","GenerativeAI","SUPPORTED_WIN7_V132","msedge.admx"
"Local","AllHttpAuthSchemesAllowedForOrigins","Both","Software\Policies\Microsoft\Edge","AllHttpAuthSchemesAllowedForOrigins","List","Software\Policies\Microsoft\Edge\AllHttpAuthSchemesAllowedForOrigins","AllHttpAuthSchemesAllowedForOriginsDesc","HTTPAuthentication","SUPPORTED_WIN7_V102","msedge.admx"
"Local","AllowCrossOriginAuthPrompt","Both","Software\Policies\Microsoft\Edge","AllowCrossOriginAuthPrompt","Enabled/DisabledValue","","Enabled: 1; Disabled: 0","HTTPAuthentication","SUPPORTED_WIN7_V77","msedge.admx"
"Local","AuthNegotiateDelegateAllowlist","Both","Software\Policies\Microsoft\Edge","AuthNegotiateDelegateAllowlist","TextBox","AuthNegotiateDelegateAllowlist","AuthNegotiateDelegateAllowlist","HTTPAuthentication","SUPPORTED_WIN7_V77","msedge.admx"
"Local","AuthSchemes","Both","Software\Policies\Microsoft\Edge","AuthSchemes","TextBox","AuthSchemes","AuthSchemes","HTTPAuthentication","SUPPORTED_WIN7_V77","msedge.admx"
"Local","AuthServerAllowlist","Both","Software\Policies\Microsoft\Edge","AuthServerAllowlist","TextBox","AuthServerAllowlist","AuthServerAllowlist","HTTPAuthentication","SUPPORTED_WIN7_V77","msedge.admx"
"Local","BasicAuthOverHttpEnabled","Both","Software\Policies\Microsoft\Edge","BasicAuthOverHttpEnabled","Enabled/DisabledValue","","Enabled: 1; Disabled: 0","HTTPAuthentication","SUPPORTED_WIN7_V88","msedge.admx"
"Local","DisableAuthNegotiateCnameLookup","Both","Software\Policies\Microsoft\Edge","DisableAuthNegotiateCnameLookup","Enabled/DisabledValue","","Enabled: 1; Disabled: 0","HTTPAuthentication","SUPPORTED_WIN7_V77","msedge.admx"
"Local","EnableAuthNegotiatePort","Both","Software\Policies\Microsoft\Edge","EnableAuthNegotiatePort","Enabled/DisabledValue","","Enabled: 1; Disabled: 0","HTTPAuthentication","SUPPORTED_WIN7_V77","msedge.admx"
"Local","WindowsHelloForHTTPAuthEnabled","Both","Software\Policies\Microsoft\Edge","WindowsHelloForHTTPAuthEnabled","Enabled/DisabledValue","","Enabled: 1; Disabled: 0","HTTPAuthentication","SUPPORTED_WIN7_V90","msedge.admx"
"Local","WindowsHelloForHTTPAuthEnabled_recommended","Both","Software\Policies\Microsoft\Edge\Recommended","WindowsHelloForHTTPAuthEnabled","Enabled/DisabledValue","","Enabled: 1; Disabled: 0","HTTPAuthentication_recommended","SUPPORTED_WIN7_V90","msedge.admx"
"Local","AutomaticProfileSwitchingSiteList","Both","Software\Policies\Microsoft\Edge","AutomaticProfileSwitchingSiteList","TextBox","AutomaticProfileSwitchingSiteList","AutomaticProfileSwitchingSiteList","Identity","SUPPORTED_WIN7_V120","msedge.admx"
"Local","EdgeDefaultProfileEnabled","Both","Software\Policies\Microsoft\Edge","EdgeDefaultProfileEnabled","TextBox","EdgeDefaultProfileEnabled","EdgeDefaultProfileEnabled","Identity","SUPPORTED_WIN7_V101","msedge.admx"
"Local","EdgeOpenExternalLinksWithAppSpecifiedProfile","Both","Software\Policies\Microsoft\Edge","EdgeOpenExternalLinksWithAppSpecifiedProfile","Enabled/DisabledValue","","Enabled: 1; Disabled: 0","Identity","SUPPORTED_WIN7_V139","msedge.admx"
"Local","GuidedSwitchEnabled","Both","Software\Policies\Microsoft\Edge","GuidedSwitchEnabled","Enabled/DisabledValue","","Enabled: 1; Disabled: 0","Identity","SUPPORTED_WIN7_V103","msedge.admx"
"Local","ImplicitSignInEnabled","Both","Software\Policies\Microsoft\Edge","ImplicitSignInEnabled","Enabled/DisabledValue","","Enabled: 1; Disabled: 0","Identity","SUPPORTED_WIN7_V93","msedge.admx"
"Local","LinkedAccountEnabled","Both","Software\Policies\Microsoft\Edge","LinkedAccountEnabled","Enabled/DisabledValue","","Enabled: 1; Disabled: 0","Identity","OBSOLETE_WIN7_V107_V133","msedge.admx"
"Local","OneAuthAuthenticationEnforced","Both","Software\Policies\Microsoft\Edge","OneAuthAuthenticationEnforced","Enabled/DisabledValue","","Enabled: 1; Disabled: 0","Identity","SUPPORTED_WIN7_V93","msedge.admx"
"Local","OnlyOnPremisesImplicitSigninEnabled","Both","Software\Policies\Microsoft\Edge","OnlyOnPremisesImplicitSigninEnabled","Enabled/DisabledValue","","Enabled: 1; Disabled: 0","Identity","SUPPORTED_WIN7_V94","msedge.admx"
"Local","ProactiveAuthWorkflowEnabled","Both","Software\Policies\Microsoft\Edge","ProactiveAuthWorkflowEnabled","Enabled/DisabledValue","","Enabled: 1; Disabled: 0","Identity","SUPPORTED_WIN7_V126","msedge.admx"
"Local","SeamlessWebToBrowserSignInEnabled","Both","Software\Policies\Microsoft\Edge","SeamlessWebToBrowserSignInEnabled","Enabled/DisabledValue","","Enabled: 1; Disabled: 0","Identity","SUPPORTED_WIN7_V133","msedge.admx"
"Local","SwitchIntranetSitesToWorkProfile","Both","Software\Policies\Microsoft\Edge","SwitchIntranetSitesToWorkProfile","Enabled/DisabledValue","","Enabled: 1; Disabled: 0","Identity","SUPPORTED_WIN7_V119","msedge.admx"
"Local","SwitchSitesOnIEModeSiteListToWorkProfile","Both","Software\Policies\Microsoft\Edge","SwitchSitesOnIEModeSiteListToWorkProfile","Enabled/DisabledValue","","Enabled: 1; Disabled: 0","Identity","SUPPORTED_WIN7_V119","msedge.admx"
"Local","WAMAuthBelowWin10RS3Enabled","Both","Software\Policies\Microsoft\Edge","WAMAuthBelowWin10RS3Enabled","Enabled/DisabledValue","","Enabled: 1; Disabled: 0","Identity","SUPPORTED_WIN7_V93","msedge.admx"
"Local","WebToBrowserSignInEnabled","Both","Software\Policies\Microsoft\Edge","WebToBrowserSignInEnabled","Enabled/DisabledValue","","Enabled: 1; Disabled: 0","Identity","SUPPORTED_WIN7_V133","msedge.admx"
"Local","AutomaticProfileSwitchingSiteList_recommended","Both","Software\Policies\Microsoft\Edge\Recommended","AutomaticProfileSwitchingSiteList_recommended","TextBox","AutomaticProfileSwitchingSiteList","AutomaticProfileSwitchingSiteList","Identity_recommended","SUPPORTED_WIN7_V120","msedge.admx"
"Local","EdgeOpenExternalLinksWithPrimaryWorkProfileEnabled_recommended","Both","Software\Policies\Microsoft\Edge\Recommended","EdgeOpenExternalLinksWithPrimaryWorkProfileEnabled","Enabled/DisabledValue","","Enabled: 1; Disabled: 0","Identity_recommended","SUPPORTED_WIN7_V138","msedge.admx"
"Local","SignInCtaOnNtpEnabled_recommended","Both","Software\Policies\Microsoft\Edge\Recommended","SignInCtaOnNtpEnabled","Enabled/DisabledValue","","Enabled: 1; Disabled: 0","Identity_recommended","OBSOLETE_WIN7_V99_V130","msedge.admx"
"Local","IdleTimeout","Both","Software\Policies\Microsoft\Edge","IdleTimeout","Number","","IdleTimeout","BrowserIdle","SUPPORTED_WIN7_V134","msedge.admx"
"Local","IdleTimeoutActions","Both","Software\Policies\Microsoft\Edge","IdleTimeoutActions","List","Software\Policies\Microsoft\Edge\IdleTimeoutActions","IdleTimeoutActionsDesc","BrowserIdle","SUPPORTED_WIN7_V134","msedge.admx"
"Local","ImmersiveReaderGrammarToolsEnabled","Both","Software\Policies\Microsoft\Edge","ImmersiveReaderGrammarToolsEnabled","Enabled/DisabledValue","","Enabled: 1; Disabled: 0","ImmersiveReader","OBSOLETE_WIN7_V110_V125","msedge.admx"
"Local","ImmersiveReaderPictureDictionaryEnabled","Both","Software\Policies\Microsoft\Edge","ImmersiveReaderPictureDictionaryEnabled","Enabled/DisabledValue","","Enabled: 1; Disabled: 0","ImmersiveReader","OBSOLETE_WIN7_V110_V126","msedge.admx"
"Local","KioskAddressBarEditingEnabled","Both","Software\Policies\Microsoft\Edge","KioskAddressBarEditingEnabled","Enabled/DisabledValue","","Enabled: 1; Disabled: 0","KioskMode","SUPPORTED_WIN7_V87","msedge.admx"
"Local","KioskDeleteDownloadsOnExit","Both","Software\Policies\Microsoft\Edge","KioskDeleteDownloadsOnExit","Enabled/DisabledValue","","Enabled: 1; Disabled: 0","KioskMode","SUPPORTED_WIN7_V87","msedge.admx"
"Local","KioskSwipeGesturesEnabled","Both","Software\Policies\Microsoft\Edge","KioskSwipeGesturesEnabled","Enabled/DisabledValue","","Enabled: 1; Disabled: 0","KioskMode","SUPPORTED_WIN7_V101","msedge.admx"
"Local","EdgeManagementPolicyOverridesPlatformPolicy","Both","Software\Policies\Microsoft\Edge","EdgeManagementPolicyOverridesPlatformPolicy","Enabled/DisabledValue","","Enabled: 1; Disabled: 0","Manageability","SUPPORTED_WIN7_V119","msedge.admx"
"Local","EdgeManagementUserPolicyOverridesCloudMachinePolicy","Both","Software\Policies\Microsoft\Edge","EdgeManagementUserPolicyOverridesCloudMachinePolicy","Enabled/DisabledValue","","Enabled: 1; Disabled: 0","Manageability","SUPPORTED_WIN7_V119","msedge.admx"
"Local","EdgeManagementEnabled","Both","Software\Policies\Microsoft\Edge","EdgeManagementEnabled","Enabled/DisabledValue","","Enabled: 1; Disabled: 0","Manageability","SUPPORTED_WIN7_V115","msedge.admx"
"Local","EdgeManagementEnrollmentToken","Both","Software\Policies\Microsoft\Edge","EdgeManagementEnrollmentToken","TextBox","EdgeManagementEnrollmentToken","EdgeManagementEnrollmentToken","Manageability","SUPPORTED_WIN7_V115","msedge.admx"
"Local","EdgeManagementExtensionsFeedbackEnabled","Both","Software\Policies\Microsoft\Edge","EdgeManagementExtensionsFeedbackEnabled","Enabled/DisabledValue","","Enabled: 1; Disabled: 0","Manageability","SUPPORTED_WIN7_V115","msedge.admx"
"Local","MAMEnabled","Both","Software\Policies\Microsoft\Edge","MAMEnabled","Enabled/DisabledValue","","Enabled: 1; Disabled: 0","Manageability","SUPPORTED_WIN7_V89","msedge.admx"
"Local","NativeMessagingBlocklist","Both","Software\Policies\Microsoft\Edge","NativeMessagingBlocklist","List","Software\Policies\Microsoft\Edge\NativeMessagingBlocklist","NativeMessagingBlocklistDesc","NativeMessaging","SUPPORTED_WIN7_V77","msedge.admx"
"Local","NativeMessagingUserLevelHosts","Both","Software\Policies\Microsoft\Edge","NativeMessagingUserLevelHosts","Enabled/DisabledValue","","Enabled: 1; Disabled: 0","NativeMessaging","SUPPORTED_WIN7_V77","msedge.admx"
"Local","NativeMessagingAllowlist","Both","Software\Policies\Microsoft\Edge","NativeMessagingAllowlist","List","Software\Policies\Microsoft\Edge\NativeMessagingAllowlist","NativeMessagingAllowlistDesc","NativeMessaging","SUPPORTED_WIN7_V77","msedge.admx"
"Local","AccessControlAllowMethodsInCORSPreflightSpecConformant","Both","Software\Policies\Microsoft\Edge","AccessControlAllowMethodsInCORSPreflightSpecConformant","Enabled/DisabledValue","","Enabled: 1; Disabled: 0","Network","SUPPORTED_WIN7_V123","msedge.admx"
"Local","BlockTruncatedCookies","Both","Software\Policies\Microsoft\Edge","BlockTruncatedCookies","Enabled/DisabledValue","","Enabled: 1; Disabled: 0","Network","OBSOLETE_WIN7_V123_V131","msedge.admx"
"Local","CompressionDictionaryTransportEnabled","Both","Software\Policies\Microsoft\Edge","CompressionDictionaryTransportEnabled","Enabled/DisabledValue","","Enabled: 1; Disabled: 0","Network","SUPPORTED_WIN7_V118","msedge.admx"
"Local","DataURLWhitespacePreservationEnabled","Both","Software\Policies\Microsoft\Edge","DataURLWhitespacePreservationEnabled","Enabled/DisabledValue","","Enabled: 1; Disabled: 0","Network","SUPPORTED_WIN7_V133","msedge.admx"
"Local","HappyEyeballsV3Enabled","Both","Software\Policies\Microsoft\Edge","HappyEyeballsV3Enabled","Enabled/DisabledValue","","Enabled: 1; Disabled: 0","Network","SUPPORTED_WIN7_V137","msedge.admx"
"Local","IPv6ReachabilityOverrideEnabled","Both","Software\Policies\Microsoft\Edge","IPv6ReachabilityOverrideEnabled","Enabled/DisabledValue","","Enabled: 1; Disabled: 0","Network","SUPPORTED_WIN7_V132","msedge.admx"
"Local","LocalNetworkAccessAllowedForUrls","Both","Software\Policies\Microsoft\Edge","LocalNetworkAccessAllowedForUrls","List","Software\Policies\Microsoft\Edge\LocalNetworkAccessAllowedForUrls","LocalNetworkAccessAllowedForUrlsDesc","Network","SUPPORTED_WIN7_V140","msedge.admx"
"Local","LocalNetworkAccessBlockedForUrls","Both","Software\Policies\Microsoft\Edge","LocalNetworkAccessBlockedForUrls","List","Software\Policies\Microsoft\Edge\LocalNetworkAccessBlockedForUrls","LocalNetworkAccessBlockedForUrlsDesc","Network","SUPPORTED_WIN7_V140","msedge.admx"
"Local","LocalNetworkAccessRestrictionsEnabled","Both","Software\Policies\Microsoft\Edge","LocalNetworkAccessRestrictionsEnabled","Enabled/DisabledValue","","Enabled: 1; Disabled: 0","Network","SUPPORTED_WIN7_V138","msedge.admx"
"Local","ZstdContentEncodingEnabled","Both","Software\Policies\Microsoft\Edge","ZstdContentEncodingEnabled","Enabled/DisabledValue","","Enabled: 1; Disabled: 0","Network","OBSOLETE_WIN7_V125_V137","msedge.admx"
"Local","ViewXFAPDFInIEModeAllowedFileHash","Both","Software\Policies\Microsoft\Edge","ViewXFAPDFInIEModeAllowedFileHash","List","Software\Policies\Microsoft\Edge\ViewXFAPDFInIEModeAllowedFileHash","ViewXFAPDFInIEModeAllowedFileHashDesc","pdf","SUPPORTED_WIN7_V132","msedge.admx"
"Local","ViewXFAPDFInIEModeAllowedOrigins","Both","Software\Policies\Microsoft\Edge","ViewXFAPDFInIEModeAllowedOrigins","List","Software\Policies\Microsoft\Edge\ViewXFAPDFInIEModeAllowedOrigins","ViewXFAPDFInIEModeAllowedOriginsDesc","pdf","SUPPORTED_WIN7_V132","msedge.admx"
"Local","DeletingUndecryptablePasswordsEnabled","Both","Software\Policies\Microsoft\Edge","DeletingUndecryptablePasswordsEnabled","Enabled/DisabledValue","","Enabled: 1; Disabled: 0","PasswordManager","SUPPORTED_WIN7_V132","msedge.admx"
"Local","PasswordDeleteOnBrowserCloseEnabled","Both","Software\Policies\Microsoft\Edge","PasswordDeleteOnBrowserCloseEnabled","Enabled/DisabledValue","","Enabled: 1; Disabled: 0","PasswordManager","SUPPORTED_WIN7_V117","msedge.admx"
"Local","PasswordExportEnabled","Both","Software\Policies\Microsoft\Edge","PasswordExportEnabled","Enabled/DisabledValue","","Enabled: 1; Disabled: 0","PasswordManager","SUPPORTED_WIN7_V136","msedge.admx"
"Local","PasswordGeneratorEnabled","Both","Software\Policies\Microsoft\Edge","PasswordGeneratorEnabled","Enabled/DisabledValue","","Enabled: 1; Disabled: 0","PasswordManager","SUPPORTED_WIN7_V93","msedge.admx"
"Local","PasswordManagerBlocklist","Both","Software\Policies\Microsoft\Edge","PasswordManagerBlocklist","List","Software\Policies\Microsoft\Edge\PasswordManagerBlocklist","PasswordManagerBlocklistDesc","PasswordManager","SUPPORTED_WIN7_V99","msedge.admx"
"Local","PasswordManagerEnabled","Both","Software\Policies\Microsoft\Edge","PasswordManagerEnabled","Enabled/DisabledValue","","Enabled: 1; Disabled: 0","PasswordManager","SUPPORTED_WIN7_V77","msedge.admx"
"Local","PasswordManagerRestrictLengthEnabled","Both","Software\Policies\Microsoft\Edge","PasswordManagerRestrictLengthEnabled","Enabled/DisabledValue","","Enabled: 1; Disabled: 0","PasswordManager","SUPPORTED_WIN7_V104","msedge.admx"
"Local","PasswordMonitorAllowed","Both","Software\Policies\Microsoft\Edge","PasswordMonitorAllowed","Enabled/DisabledValue","","Enabled: 1; Disabled: 0","PasswordManager","SUPPORTED_WIN7_V85","msedge.admx"
"Local","PasswordProtectionChangePasswordURL","Both","Software\Policies\Microsoft\Edge","PasswordProtectionChangePasswordURL","TextBox","PasswordProtectionChangePasswordURL","PasswordProtectionChangePasswordURL","PasswordManager","SUPPORTED_WIN7_V77","msedge.admx"
"Local","PasswordProtectionLoginURLs","Both","Software\Policies\Microsoft\Edge","PasswordProtectionLoginURLs","List","Software\Policies\Microsoft\Edge\PasswordProtectionLoginURLs","PasswordProtectionLoginURLsDesc","PasswordManager","SUPPORTED_WIN7_V77","msedge.admx"
"Local","PasswordProtectionWarningTrigger","Both","Software\Policies\Microsoft\Edge","PasswordProtectionWarningTrigger","Dropdown","PasswordProtectionWarningTrigger","PasswordProtectionWarningTrigger","PasswordManager","SUPPORTED_WIN7_V77","msedge.admx"
"Local","PrimaryPasswordSetting","Both","Software\Policies\Microsoft\Edge","PrimaryPasswordSetting","Dropdown","PrimaryPasswordSetting","PrimaryPasswordSetting","PasswordManager","SUPPORTED_WIN7_V93","msedge.admx"
"Local","PasswordDeleteOnBrowserCloseEnabled_recommended","Both","Software\Policies\Microsoft\Edge\Recommended","PasswordDeleteOnBrowserCloseEnabled","Enabled/DisabledValue","","Enabled: 1; Disabled: 0","PasswordManager_recommended","SUPPORTED_WIN7_V117","msedge.admx"
"Local","PasswordManagerEnabled_recommended","Both","Software\Policies\Microsoft\Edge\Recommended","PasswordManagerEnabled","Enabled/DisabledValue","","Enabled: 1; Disabled: 0","PasswordManager_recommended","SUPPORTED_WIN7_V77","msedge.admx"
"Local","PasswordMonitorAllowed_recommended","Both","Software\Policies\Microsoft\Edge\Recommended","PasswordMonitorAllowed","Enabled/DisabledValue","","Enabled: 1; Disabled: 0","PasswordManager_recommended","SUPPORTED_WIN7_V85","msedge.admx"
"Local","PasswordRevealEnabled_recommended","Both","Software\Policies\Microsoft\Edge\Recommended","PasswordRevealEnabled","Enabled/DisabledValue","","Enabled: 1; Disabled: 0","PasswordManager_recommended","SUPPORTED_WIN7_V87","msedge.admx"
"Local","EfficiencyMode","Both","Software\Policies\Microsoft\Edge","EfficiencyMode","Dropdown","EfficiencyMode","EfficiencyMode","Performance","SUPPORTED_WIN7_V96","msedge.admx"
"Local","EfficiencyModeEnabled","Both","Software\Policies\Microsoft\Edge","EfficiencyModeEnabled","Enabled/DisabledValue","","Enabled: 1; Disabled: 0","Performance","SUPPORTED_WIN7_V106","msedge.admx"
"Local","EfficiencyModeOnPowerEnabled","Both","Software\Policies\Microsoft\Edge","EfficiencyModeOnPowerEnabled","Enabled/DisabledValue","","Enabled: 1; Disabled: 0","Performance","SUPPORTED_WIN7_V106","msedge.admx"
"Local","ExtensionsPerformanceDetectorEnabled","Both","Software\Policies\Microsoft\Edge","ExtensionsPerformanceDetectorEnabled","Enabled/DisabledValue","","Enabled: 1; Disabled: 0","Performance","SUPPORTED_WIN7_V130","msedge.admx"
"Local","PerformanceDetectorEnabled","Both","Software\Policies\Microsoft\Edge","PerformanceDetectorEnabled","Enabled/DisabledValue","","Enabled: 1; Disabled: 0","Performance","SUPPORTED_WIN7_V107","msedge.admx"
"Local","PinBrowserEssentialsToolbarButton","Both","Software\Policies\Microsoft\Edge","PinBrowserEssentialsToolbarButton","Enabled/DisabledValue","","Enabled: 1; Disabled: 0","Performance","SUPPORTED_WIN7_V114","msedge.admx"
"Local","StartupBoostEnabled","Both","Software\Policies\Microsoft\Edge","StartupBoostEnabled","Enabled/DisabledValue","","Enabled: 1; Disabled: 0","Performance","SUPPORTED_WIN7_V88","msedge.admx"
"Local","EfficiencyMode_recommended","Both","Software\Policies\Microsoft\Edge\Recommended","EfficiencyMode_recommended","Dropdown","EfficiencyMode","EfficiencyMode","Performance_recommended","SUPPORTED_WIN7_V96","msedge.admx"
"Local","EfficiencyModeEnabled_recommended","Both","Software\Policies\Microsoft\Edge\Recommended","EfficiencyModeEnabled","Enabled/DisabledValue","","Enabled: 1; Disabled: 0","Performance_recommended","SUPPORTED_WIN7_V106","msedge.admx"
"Local","EfficiencyModeOnPowerEnabled_recommended","Both","Software\Policies\Microsoft\Edge\Recommended","EfficiencyModeOnPowerEnabled","Enabled/DisabledValue","","Enabled: 1; Disabled: 0","Performance_recommended","SUPPORTED_WIN7_V106","msedge.admx"
"Local","ExtensionsPerformanceDetectorEnabled_recommended","Both","Software\Policies\Microsoft\Edge\Recommended","ExtensionsPerformanceDetectorEnabled","Enabled/DisabledValue","","Enabled: 1; Disabled: 0","Performance_recommended","SUPPORTED_WIN7_V130","msedge.admx"
"Local","PerformanceDetectorEnabled_recommended","Both","Software\Policies\Microsoft\Edge\Recommended","PerformanceDetectorEnabled","Enabled/DisabledValue","","Enabled: 1; Disabled: 0","Performance_recommended","SUPPORTED_WIN7_V107","msedge.admx"
"Local","PinBrowserEssentialsToolbarButton_recommended","Both","Software\Policies\Microsoft\Edge\Recommended","PinBrowserEssentialsToolbarButton","Enabled/DisabledValue","","Enabled: 1; Disabled: 0","Performance_recommended","SUPPORTED_WIN7_V114","msedge.admx"
"Local","StartupBoostEnabled_recommended","Both","Software\Policies\Microsoft\Edge\Recommended","StartupBoostEnabled","Enabled/DisabledValue","","Enabled: 1; Disabled: 0","Performance_recommended","SUPPORTED_WIN7_V88","msedge.admx"
"Local","SameOriginTabCaptureAllowedByOrigins","Both","Software\Policies\Microsoft\Edge","SameOriginTabCaptureAllowedByOrigins","List","Software\Policies\Microsoft\Edge\SameOriginTabCaptureAllowedByOrigins","SameOriginTabCaptureAllowedByOriginsDesc","ScreenCapture","SUPPORTED_WIN7_V97","msedge.admx"
"Local","ScreenCaptureAllowedByOrigins","Both","Software\Policies\Microsoft\Edge","ScreenCaptureAllowedByOrigins","List","Software\Policies\Microsoft\Edge\ScreenCaptureAllowedByOrigins","ScreenCaptureAllowedByOriginsDesc","ScreenCapture","SUPPORTED_WIN7_V97","msedge.admx"
"Local","TabCaptureAllowedByOrigins","Both","Software\Policies\Microsoft\Edge","TabCaptureAllowedByOrigins","List","Software\Policies\Microsoft\Edge\TabCaptureAllowedByOrigins","TabCaptureAllowedByOriginsDesc","ScreenCapture","SUPPORTED_WIN7_V97","msedge.admx"
"Local","WindowCaptureAllowedByOrigins","Both","Software\Policies\Microsoft\Edge","WindowCaptureAllowedByOrigins","List","Software\Policies\Microsoft\Edge\WindowCaptureAllowedByOrigins","WindowCaptureAllowedByOriginsDesc","ScreenCapture","SUPPORTED_WIN7_V97","msedge.admx"
"Local","DefaultPrinterSelection","Both","Software\Policies\Microsoft\Edge","DefaultPrinterSelection","TextBox","DefaultPrinterSelection","DefaultPrinterSelection","Printing","SUPPORTED_WIN7_V77","msedge.admx"
"Local","UseSystemPrintDialog","Both","Software\Policies\Microsoft\Edge","UseSystemPrintDialog","Enabled/DisabledValue","","Enabled: 1; Disabled: 0","Printing","SUPPORTED_WIN7_V77","msedge.admx"
"Local","OopPrintDriversAllowed","Both","Software\Policies\Microsoft\Edge","OopPrintDriversAllowed","Enabled/DisabledValue","","Enabled: 1; Disabled: 0","Printing","SUPPORTED_WIN7_V134","msedge.admx"
"Local","PrintHeaderFooter","Both","Software\Policies\Microsoft\Edge","PrintHeaderFooter","Enabled/DisabledValue","","Enabled: 1; Disabled: 0","Printing","SUPPORTED_WIN7_V77","msedge.admx"
"Local","PrintPdfAsImageDefault","Both","Software\Policies\Microsoft\Edge","PrintPdfAsImageDefault","Enabled/DisabledValue","","Enabled: 1; Disabled: 0","Printing","SUPPORTED_WIN7_V106","msedge.admx"
"Local","PrintPostScriptMode","Both","Software\Policies\Microsoft\Edge","PrintPostScriptMode","Dropdown","PrintPostScriptMode","PrintPostScriptMode","Printing","SUPPORTED_WIN7_V96","msedge.admx"
"Local","PrintPreviewStickySettings","Both","Software\Policies\Microsoft\Edge","PrintPreviewStickySettings","TextBox","PrintPreviewStickySettings","PrintPreviewStickySettings","Printing","SUPPORTED_WIN7_V110","msedge.admx"
"Local","PrintPreviewUseSystemDefaultPrinter","Both","Software\Policies\Microsoft\Edge","PrintPreviewUseSystemDefaultPrinter","Enabled/DisabledValue","","Enabled: 1; Disabled: 0","Printing","SUPPORTED_WIN7_V77","msedge.admx"
"Local","PrintRasterizationMode","Both","Software\Policies\Microsoft\Edge","PrintRasterizationMode","Dropdown","PrintRasterizationMode","PrintRasterizationMode","Printing","SUPPORTED_WIN7_V90","msedge.admx"
"Local","PrintRasterizePdfDpi","Both","Software\Policies\Microsoft\Edge","PrintRasterizePdfDpi","Number","","PrintRasterizePdfDpi","Printing","SUPPORTED_WIN7_V96","msedge.admx"
"Local","PrintStickySettings","Both","Software\Policies\Microsoft\Edge","PrintStickySettings","Dropdown","PrintStickySettings","PrintStickySettings","Printing","SUPPORTED_WIN7_V98","msedge.admx"
"Local","PrinterTypeDenyList","Both","Software\Policies\Microsoft\Edge","PrinterTypeDenyList","List","Software\Policies\Microsoft\Edge\PrinterTypeDenyList","PrinterTypeDenyListDesc","Printing","SUPPORTED_WIN7_V88","msedge.admx"
"Local","PrintingAllowedBackgroundGraphicsModes","Both","Software\Policies\Microsoft\Edge","PrintingAllowedBackgroundGraphicsModes","Dropdown","PrintingAllowedBackgroundGraphicsModes","PrintingAllowedBackgroundGraphicsModes","Printing","SUPPORTED_WIN7_V89","msedge.admx"
"Local","PrintingBackgroundGraphicsDefault","Both","Software\Policies\Microsoft\Edge","PrintingBackgroundGraphicsDefault","Dropdown","PrintingBackgroundGraphicsDefault","PrintingBackgroundGraphicsDefault","Printing","SUPPORTED_WIN7_V89","msedge.admx"
"Local","PrintingEnabled","Both","Software\Policies\Microsoft\Edge","PrintingEnabled","Enabled/DisabledValue","","Enabled: 1; Disabled: 0","Printing","SUPPORTED_WIN7_V77","msedge.admx"
"Local","PrintingLPACSandboxEnabled","Both","Software\Policies\Microsoft\Edge","PrintingLPACSandboxEnabled","Enabled/DisabledValue","","Enabled: 1; Disabled: 0","Printing","SUPPORTED_WIN7_V129","msedge.admx"
"Local","PrintingPaperSizeDefault","Both","Software\Policies\Microsoft\Edge","PrintingPaperSizeDefault","TextBox","PrintingPaperSizeDefault","PrintingPaperSizeDefault","Printing","SUPPORTED_WIN7_V86","msedge.admx"
"Local","PrintingWebpageLayout","Both","Software\Policies\Microsoft\Edge","PrintingWebpageLayout","Dropdown","PrintingWebpageLayout","PrintingWebpageLayout","Printing","SUPPORTED_WIN7_V93","msedge.admx"
"Local","PrintHeaderFooter_recommended","Both","Software\Policies\Microsoft\Edge\Recommended","PrintHeaderFooter","Enabled/DisabledValue","","Enabled: 1; Disabled: 0","Printing_recommended","SUPPORTED_WIN7_V77","msedge.admx"
"Local","PrintPreviewStickySettings_recommended","Both","Software\Policies\Microsoft\Edge\Recommended","PrintPreviewStickySettings_recommended","TextBox","PrintPreviewStickySettings","PrintPreviewStickySettings","Printing_recommended","SUPPORTED_WIN7_V110","msedge.admx"
"Local","PrintPreviewUseSystemDefaultPrinter_recommended","Both","Software\Policies\Microsoft\Edge\Recommended","PrintPreviewUseSystemDefaultPrinter","Enabled/DisabledValue","","Enabled: 1; Disabled: 0","Printing_recommended","SUPPORTED_WIN7_V77","msedge.admx"
"Local","PrintingWebpageLayout_recommended","Both","Software\Policies\Microsoft\Edge\Recommended","PrintingWebpageLayout_recommended","Dropdown","PrintingWebpageLayout","PrintingWebpageLayout","Printing_recommended","SUPPORTED_WIN7_V93","msedge.admx"
"Local","InsecurePrivateNetworkRequestsAllowed","Both","Software\Policies\Microsoft\Edge","InsecurePrivateNetworkRequestsAllowed","Enabled/DisabledValue","","Enabled: 1; Disabled: 0","PrivateNetworkRequestSettings","OBSOLETE_WIN7_V92_V137","msedge.admx"
"Local","InsecurePrivateNetworkRequestsAllowedForUrls","Both","Software\Policies\Microsoft\Edge","InsecurePrivateNetworkRequestsAllowedForUrls","List","Software\Policies\Microsoft\Edge\InsecurePrivateNetworkRequestsAllowedForUrls","InsecurePrivateNetworkRequestsAllowedForUrlsDesc","PrivateNetworkRequestSettings","OBSOLETE_WIN7_V92_V137","msedge.admx"
"Local","PrivateNetworkAccessRestrictionsEnabled","Both","Software\Policies\Microsoft\Edge","PrivateNetworkAccessRestrictionsEnabled","Enabled/DisabledValue","","Enabled: 1; Disabled: 0","PrivateNetworkRequestSettings","OBSOLETE_WIN7_V131_V137","msedge.admx"
"Local","ProfileTypeInProfileButtonEnabled","Both","Software\Policies\Microsoft\Edge","ProfileTypeInProfileButtonEnabled","Enabled/DisabledValue","","Enabled: 1; Disabled: 0","Profile","SUPPORTED_WIN7_V136","msedge.admx"
"Local","ProxyBypassList","Both","Software\Policies\Microsoft\Edge","ProxyBypassList","TextBox","ProxyBypassList","ProxyBypassList","Proxy","SUPPORTED_WIN7_V77","msedge.admx"
"Local","ProxyMode","Both","Software\Policies\Microsoft\Edge","ProxyMode","Dropdown","ProxyMode","ProxyMode","Proxy","SUPPORTED_WIN7_V77","msedge.admx"
"Local","ProxyPacUrl","Both","Software\Policies\Microsoft\Edge","ProxyPacUrl","TextBox","ProxyPacUrl","ProxyPacUrl","Proxy","SUPPORTED_WIN7_V77","msedge.admx"
"Local","ProxyServer","Both","Software\Policies\Microsoft\Edge","ProxyServer","TextBox","ProxyServer","ProxyServer","Proxy","SUPPORTED_WIN7_V77","msedge.admx"
"Local","ProxySettings","Both","Software\Policies\Microsoft\Edge","ProxySettings","TextBox","ProxySettings","ProxySettings","Proxy","SUPPORTED_WIN7_V77","msedge.admx"
"Local","RelatedWebsiteSetsEnabled","Both","Software\Policies\Microsoft\Edge","RelatedWebsiteSetsEnabled","Enabled/DisabledValue","","Enabled: 1; Disabled: 0","RelatedWebsiteSets","SUPPORTED_WIN7_V121","msedge.admx"
"Local","RelatedWebsiteSetsOverrides","Both","Software\Policies\Microsoft\Edge","RelatedWebsiteSetsOverrides","TextBox","RelatedWebsiteSetsOverrides","RelatedWebsiteSetsOverrides","RelatedWebsiteSets","SUPPORTED_WIN7_V121","msedge.admx"
"Local","ScarewareBlockerProtectionEnabled","Both","Software\Policies\Microsoft\Edge","ScarewareBlockerProtectionEnabled","Enabled/DisabledValue","","Enabled: 1; Disabled: 0","ScarewareBlocker","SUPPORTED_WIN7_V134","msedge.admx"
"Local","ScarewareBlockerProtectionEnabled_recommended","Both","Software\Policies\Microsoft\Edge\Recommended","ScarewareBlockerProtectionEnabled","Enabled/DisabledValue","","Enabled: 1; Disabled: 0","ScarewareBlocker_recommended","SUPPORTED_WIN7_V134","msedge.admx"
"Local","AutoDiscardSleepingTabsEnabled","Both","Software\Policies\Microsoft\Edge","AutoDiscardSleepingTabsEnabled","Enabled/DisabledValue","","Enabled: 1; Disabled: 0","SleepingTabs","SUPPORTED_WIN7_V120","msedge.admx"
"Local","SleepingTabsBlockedForUrls","Both","Software\Policies\Microsoft\Edge","SleepingTabsBlockedForUrls","List","Software\Policies\Microsoft\Edge\SleepingTabsBlockedForUrls","SleepingTabsBlockedForUrlsDesc","SleepingTabs","SUPPORTED_WIN7_V88","msedge.admx"
"Local","SleepingTabsEnabled","Both","Software\Policies\Microsoft\Edge","SleepingTabsEnabled","Enabled/DisabledValue","","Enabled: 1; Disabled: 0","SleepingTabs","SUPPORTED_WIN7_V88","msedge.admx"
"Local","SleepingTabsTimeout","Both","Software\Policies\Microsoft\Edge","SleepingTabsTimeout","Dropdown","SleepingTabsTimeout","SleepingTabsTimeout","SleepingTabs","SUPPORTED_WIN7_V88","msedge.admx"
"Local","AutoDiscardSleepingTabsEnabled_recommended","Both","Software\Policies\Microsoft\Edge\Recommended","AutoDiscardSleepingTabsEnabled","Enabled/DisabledValue","","Enabled: 1; Disabled: 0","SleepingTabs_recommended","SUPPORTED_WIN7_V120","msedge.admx"
"Local","SleepingTabsBlockedForUrls_recommended","Both","Software\Policies\Microsoft\Edge\Recommended","SleepingTabsBlockedForUrls_recommended","List","Software\Policies\Microsoft\Edge\Recommended\SleepingTabsBlockedForUrls","SleepingTabsBlockedForUrlsDesc","SleepingTabs_recommended","SUPPORTED_WIN7_V88","msedge.admx"
"Local","SleepingTabsEnabled_recommended","Both","Software\Policies\Microsoft\Edge\Recommended","SleepingTabsEnabled","Enabled/DisabledValue","","Enabled: 1; Disabled: 0","SleepingTabs_recommended","SUPPORTED_WIN7_V88","msedge.admx"
"Local","SleepingTabsTimeout_recommended","Both","Software\Policies\Microsoft\Edge\Recommended","SleepingTabsTimeout_recommended","Dropdown","SleepingTabsTimeout","SleepingTabsTimeout","SleepingTabs_recommended","SUPPORTED_WIN7_V88","msedge.admx"
"Local","ExemptSmartScreenDownloadWarnings","Both","Software\Policies\Microsoft\Edge","ExemptSmartScreenDownloadWarnings","TextBox","ExemptSmartScreenDownloadWarnings","ExemptSmartScreenDownloadWarnings","SmartScreen","SUPPORTED_WIN7_V118","msedge.admx"
"Local","NewSmartScreenLibraryEnabled","Both","Software\Policies\Microsoft\Edge","NewSmartScreenLibraryEnabled","Enabled/DisabledValue","","Enabled: 1; Disabled: 0","SmartScreen","OBSOLETE_WIN7_V95_V107","msedge.admx"
"Local","PreventSmartScreenPromptOverride","Both","Software\Policies\Microsoft\Edge","PreventSmartScreenPromptOverride","Enabled/DisabledValue","","Enabled: 1; Disabled: 0","SmartScreen","SUPPORTED_WIN7_V77","msedge.admx"
"Local","PreventSmartScreenPromptOverrideForFiles","Both","Software\Policies\Microsoft\Edge","PreventSmartScreenPromptOverrideForFiles","Enabled/DisabledValue","","Enabled: 1; Disabled: 0","SmartScreen","SUPPORTED_WIN7_V77","msedge.admx"
"Local","SmartScreenAllowListDomains","Both","Software\Policies\Microsoft\Edge","SmartScreenAllowListDomains","List","Software\Policies\Microsoft\Edge\SmartScreenAllowListDomains","SmartScreenAllowListDomainsDesc","SmartScreen","SUPPORTED_WIN7_V77","msedge.admx"
"Local","SmartScreenDnsRequestsEnabled","Both","Software\Policies\Microsoft\Edge","SmartScreenDnsRequestsEnabled","Enabled/DisabledValue","","Enabled: 1; Disabled: 0","SmartScreen","SUPPORTED_WIN7_V97","msedge.admx"
"Local","SmartScreenEnabled","Both","Software\Policies\Microsoft\Edge","SmartScreenEnabled","Enabled/DisabledValue","","Enabled: 1; Disabled: 0","SmartScreen","SUPPORTED_WIN7_V77","msedge.admx"
"Local","SmartScreenForTrustedDownloadsEnabled","Both","Software\Policies\Microsoft\Edge","SmartScreenForTrustedDownloadsEnabled","Enabled/DisabledValue","","Enabled: 1; Disabled: 0","SmartScreen","SUPPORTED_WIN7_V78","msedge.admx"
"Local","SmartScreenPuaEnabled","Both","Software\Policies\Microsoft\Edge","SmartScreenPuaEnabled","Enabled/DisabledValue","","Enabled: 1; Disabled: 0","SmartScreen","SUPPORTED_WIN7_V80","msedge.admx"
"Local","NewSmartScreenLibraryEnabled_recommended","Both","Software\Policies\Microsoft\Edge\Recommended","NewSmartScreenLibraryEnabled","Enabled/DisabledValue","","Enabled: 1; Disabled: 0","SmartScreen_recommended","OBSOLETE_WIN7_V95_V107","msedge.admx"
"Local","SmartScreenDnsRequestsEnabled_recommended","Both","Software\Policies\Microsoft\Edge\Recommended","SmartScreenDnsRequestsEnabled","Enabled/DisabledValue","","Enabled: 1; Disabled: 0","SmartScreen_recommended","SUPPORTED_WIN7_V97","msedge.admx"
"Local","SmartScreenEnabled_recommended","Both","Software\Policies\Microsoft\Edge\Recommended","SmartScreenEnabled","Enabled/DisabledValue","","Enabled: 1; Disabled: 0","SmartScreen_recommended","SUPPORTED_WIN7_V77","msedge.admx"
"Local","SmartScreenForTrustedDownloadsEnabled_recommended","Both","Software\Policies\Microsoft\Edge\Recommended","SmartScreenForTrustedDownloadsEnabled","Enabled/DisabledValue","","Enabled: 1; Disabled: 0","SmartScreen_recommended","SUPPORTED_WIN7_V78","msedge.admx"
"Local","SmartScreenPuaEnabled_recommended","Both","Software\Policies\Microsoft\Edge\Recommended","SmartScreenPuaEnabled","Enabled/DisabledValue","","Enabled: 1; Disabled: 0","SmartScreen_recommended","SUPPORTED_WIN7_V80","msedge.admx"
"Local","HomepageIsNewTabPage","Both","Software\Policies\Microsoft\Edge","HomepageIsNewTabPage","Enabled/DisabledValue","","Enabled: 1; Disabled: 0","Startup","SUPPORTED_WIN7_V77","msedge.admx"
"Local","HomepageLocation","Both","Software\Policies\Microsoft\Edge","HomepageLocation","TextBox","HomepageLocation","HomepageLocation","Startup","SUPPORTED_WIN7_V77","msedge.admx"
"Local","NewTabPageAllowedBackgroundTypes","Both","Software\Policies\Microsoft\Edge","NewTabPageAllowedBackgroundTypes","Dropdown","NewTabPageAllowedBackgroundTypes","NewTabPageAllowedBackgroundTypes","Startup","SUPPORTED_WIN7_V86","msedge.admx"
"Local","NewTabPageAppLauncherEnabled","Both","Software\Policies\Microsoft\Edge","NewTabPageAppLauncherEnabled","Enabled/DisabledValue","","Enabled: 1; Disabled: 0","Startup","SUPPORTED_WIN7_V108","msedge.admx"
"Local","NewTabPageBingChatEnabled","Both","Software\Policies\Microsoft\Edge","NewTabPageBingChatEnabled","Enabled/DisabledValue","","Enabled: 1; Disabled: 0","Startup","SUPPORTED_WIN7_V117","msedge.admx"
"Local","NewTabPageCompanyLogo","Both","Software\Policies\Microsoft\Edge","NewTabPageCompanyLogo","TextBox","NewTabPageCompanyLogo","NewTabPageCompanyLogo","Startup","OBSOLETE_WIN7_V79_V85","msedge.admx"
"Local","NewTabPageCompanyLogoBackplateColor","Both","Software\Policies\Microsoft\Edge","NewTabPageCompanyLogoBackplateColor","TextBox","NewTabPageCompanyLogoBackplateColor","NewTabPageCompanyLogoBackplateColor","Startup","SUPPORTED_WIN7_V135","msedge.admx"
"Local","NewTabPageCompanyLogoEnabled","Both","Software\Policies\Microsoft\Edge","NewTabPageCompanyLogoEnabled","Enabled/DisabledValue","","Enabled: 1; Disabled: 0","Startup","SUPPORTED_WIN7_V117","msedge.admx"
"Local","NewTabPageContentEnabled","Both","Software\Policies\Microsoft\Edge","NewTabPageContentEnabled","Enabled/DisabledValue","","Enabled: 1; Disabled: 0","Startup","SUPPORTED_WIN7_V91","msedge.admx"
"Local","NewTabPageHideDefaultTopSites","Both","Software\Policies\Microsoft\Edge","NewTabPageHideDefaultTopSites","Enabled/DisabledValue","","Enabled: 1; Disabled: 0","Startup","SUPPORTED_WIN7_V77","msedge.admx"
"Local","NewTabPageLocation","Both","Software\Policies\Microsoft\Edge","NewTabPageLocation","TextBox","NewTabPageLocation","NewTabPageLocation","Startup","SUPPORTED_WIN7_V77","msedge.admx"
"Local","NewTabPageManagedQuickLinks","Both","Software\Policies\Microsoft\Edge","NewTabPageManagedQuickLinks","TextBox","NewTabPageManagedQuickLinks","NewTabPageManagedQuickLinks","Startup","SUPPORTED_WIN7_V79","msedge.admx"
"Local","NewTabPagePrerenderEnabled","Both","Software\Policies\Microsoft\Edge","NewTabPagePrerenderEnabled","Enabled/DisabledValue","","Enabled: 1; Disabled: 0","Startup","SUPPORTED_WIN7_V85","msedge.admx"
"Local","NewTabPageQuickLinksEnabled","Both","Software\Policies\Microsoft\Edge","NewTabPageQuickLinksEnabled","Enabled/DisabledValue","","Enabled: 1; Disabled: 0","Startup","SUPPORTED_WIN7_V91","msedge.admx"
"Local","NewTabPageSetFeedType","Both","Software\Policies\Microsoft\Edge","NewTabPageSetFeedType","Dropdown","NewTabPageSetFeedType","NewTabPageSetFeedType","Startup","OBSOLETE_WIN7_V79_V92","msedge.admx"
"Local","RestoreOnStartup","Both","Software\Policies\Microsoft\Edge","RestoreOnStartup","Dropdown","RestoreOnStartup","RestoreOnStartup","Startup","SUPPORTED_WIN7_V77","msedge.admx"
"Local","RestoreOnStartupURLs","Both","Software\Policies\Microsoft\Edge","RestoreOnStartupURLs","List","Software\Policies\Microsoft\Edge\RestoreOnStartupURLs","RestoreOnStartupURLsDesc","Startup","SUPPORTED_WIN7_V77","msedge.admx"
"Local","RestoreOnStartupUserURLsEnabled","Both","Software\Policies\Microsoft\Edge","RestoreOnStartupUserURLsEnabled","Enabled/DisabledValue","","Enabled: 1; Disabled: 0","Startup","SUPPORTED_WIN7_V107","msedge.admx"
"Local","ShowHomeButton","Both","Software\Policies\Microsoft\Edge","ShowHomeButton","Enabled/DisabledValue","","Enabled: 1; Disabled: 0","Startup","SUPPORTED_WIN7_V77","msedge.admx"
"Local","HomepageIsNewTabPage_recommended","Both","Software\Policies\Microsoft\Edge\Recommended","HomepageIsNewTabPage","Enabled/DisabledValue","","Enabled: 1; Disabled: 0","Startup_recommended","SUPPORTED_WIN7_V77","msedge.admx"
"Local","HomepageLocation_recommended","Both","Software\Policies\Microsoft\Edge\Recommended","HomepageLocation_recommended","TextBox","HomepageLocation","HomepageLocation","Startup_recommended","SUPPORTED_WIN7_V77","msedge.admx"
"Local","NewTabPageLocation_recommended","Both","Software\Policies\Microsoft\Edge\Recommended","NewTabPageLocation_recommended","TextBox","NewTabPageLocation","NewTabPageLocation","Startup_recommended","SUPPORTED_WIN7_V77","msedge.admx"
"Local","NewTabPageManagedQuickLinks_recommended","Both","Software\Policies\Microsoft\Edge\Recommended","NewTabPageManagedQuickLinks_recommended","TextBox","NewTabPageManagedQuickLinks","NewTabPageManagedQuickLinks","Startup_recommended","SUPPORTED_WIN7_V79","msedge.admx"
"Local","NewTabPagePrerenderEnabled_recommended","Both","Software\Policies\Microsoft\Edge\Recommended","NewTabPagePrerenderEnabled","Enabled/DisabledValue","","Enabled: 1; Disabled: 0","Startup_recommended","SUPPORTED_WIN7_V85","msedge.admx"
"Local","NewTabPageSetFeedType_recommended","Both","Software\Policies\Microsoft\Edge\Recommended","NewTabPageSetFeedType_recommended","Dropdown","NewTabPageSetFeedType","NewTabPageSetFeedType","Startup_recommended","OBSOLETE_WIN7_V79_V92","msedge.admx"
"Local","RestoreOnStartup_recommended","Both","Software\Policies\Microsoft\Edge\Recommended","RestoreOnStartup_recommended","Dropdown","RestoreOnStartup","RestoreOnStartup","Startup_recommended","SUPPORTED_WIN7_V77","msedge.admx"
"Local","RestoreOnStartupURLs_recommended","Both","Software\Policies\Microsoft\Edge\Recommended","RestoreOnStartupURLs_recommended","List","Software\Policies\Microsoft\Edge\Recommended\RestoreOnStartupURLs","RestoreOnStartupURLsDesc","Startup_recommended","SUPPORTED_WIN7_V77","msedge.admx"
"Local","ShowHomeButton_recommended","Both","Software\Policies\Microsoft\Edge\Recommended","ShowHomeButton","Enabled/DisabledValue","","Enabled: 1; Disabled: 0","Startup_recommended","SUPPORTED_WIN7_V77","msedge.admx"
"Local","WebRtcIPHandlingUrl","Both","Software\Policies\Microsoft\Edge","WebRtcIPHandlingUrl","TextBox","WebRtcIPHandlingUrl","WebRtcIPHandlingUrl","WebRtc","SUPPORTED_WIN7_V135","msedge.admx"
"Local","WebRtcLocalhostIpHandling","Both","Software\Policies\Microsoft\Edge","WebRtcLocalhostIpHandling","Dropdown","WebRtcLocalhostIpHandling","WebRtcLocalhostIpHandling","WebRtc","SUPPORTED_WIN7_V77","msedge.admx"
"Local","WebRtcPostQuantumKeyAgreement","Both","Software\Policies\Microsoft\Edge","WebRtcPostQuantumKeyAgreement","Enabled/DisabledValue","","Enabled: 1; Disabled: 0","WebRtc","SUPPORTED_WIN7_V141","msedge.admx"
"Local","AADWebSiteSSOUsingThisProfileEnabled","Both","Software\Policies\Microsoft\Edge","AADWebSiteSSOUsingThisProfileEnabled","Enabled/DisabledValue","","Enabled: 1; Disabled: 0","microsoft_edge","SUPPORTED_WIN7_V92","msedge.admx"
"Local","AADWebSiteSSOUsingThisProfileEnabled_recommended","Both","Software\Policies\Microsoft\Edge\Recommended","AADWebSiteSSOUsingThisProfileEnabled","Enabled/DisabledValue","","Enabled: 1; Disabled: 0","microsoft_edge_recommended","SUPPORTED_WIN7_V92","msedge.admx"
"Local","AIGenThemesEnabled","Both","Software\Policies\Microsoft\Edge","AIGenThemesEnabled","Enabled/DisabledValue","","Enabled: 1; Disabled: 0","microsoft_edge","SUPPORTED_WIN7_V122","msedge.admx"
"Local","AccessibilityImageLabelsEnabled","Both","Software\Policies\Microsoft\Edge","AccessibilityImageLabelsEnabled","Enabled/DisabledValue","","Enabled: 1; Disabled: 0","microsoft_edge","SUPPORTED_WIN7_V97","msedge.admx"
"Local","AdditionalDnsQueryTypesEnabled","Both","Software\Policies\Microsoft\Edge","AdditionalDnsQueryTypesEnabled","Enabled/DisabledValue","","Enabled: 1; Disabled: 0","microsoft_edge","SUPPORTED_WIN7_V140","msedge.admx"
"Local","AdditionalSearchBoxEnabled","Both","Software\Policies\Microsoft\Edge","AdditionalSearchBoxEnabled","Enabled/DisabledValue","","Enabled: 1; Disabled: 0","microsoft_edge","SUPPORTED_WIN7_V123","msedge.admx"
"Local","AddressBarEditingEnabled","Both","Software\Policies\Microsoft\Edge","AddressBarEditingEnabled","Enabled/DisabledValue","","Enabled: 1; Disabled: 0","microsoft_edge","SUPPORTED_WIN7_V98","msedge.admx"
"Local","AddressBarMicrosoftSearchInBingProviderEnabled","Both","Software\Policies\Microsoft\Edge","AddressBarMicrosoftSearchInBingProviderEnabled","Enabled/DisabledValue","","Enabled: 1; Disabled: 0","microsoft_edge","OBSOLETE_WIN7_V81_V136","msedge.admx"
"Local","AddressBarTrendingSuggestEnabled","Both","Software\Policies\Microsoft\Edge","AddressBarTrendingSuggestEnabled","Enabled/DisabledValue","","Enabled: 1; Disabled: 0","microsoft_edge","SUPPORTED_WIN7_V135","msedge.admx"
"Local","AddressBarWorkSearchResultsEnabled","Both","Software\Policies\Microsoft\Edge","AddressBarWorkSearchResultsEnabled","Enabled/DisabledValue","","Enabled: 1; Disabled: 0","microsoft_edge","SUPPORTED_WIN7_V134","msedge.admx"
"Local","AdsSettingForIntrusiveAdsSites","Both","Software\Policies\Microsoft\Edge","AdsSettingForIntrusiveAdsSites","Dropdown","AdsSettingForIntrusiveAdsSites","AdsSettingForIntrusiveAdsSites","microsoft_edge","SUPPORTED_WIN7_V78","msedge.admx"
"Local","AdsTransparencyEnabled","Both","Software\Policies\Microsoft\Edge","AdsTransparencyEnabled","Enabled/DisabledValue","","Enabled: 1; Disabled: 0","microsoft_edge","SUPPORTED_WIN7_V100","msedge.admx"
"Local","AllowBackForwardCacheForCacheControlNoStorePageEnabled","Both","Software\Policies\Microsoft\Edge","AllowBackForwardCacheForCacheControlNoStorePageEnabled","Enabled/DisabledValue","","Enabled: 1; Disabled: 0","microsoft_edge","SUPPORTED_WIN7_V123","msedge.admx"
"Local","AllowDeletingBrowserHistory","Both","Software\Policies\Microsoft\Edge","AllowDeletingBrowserHistory","Enabled/DisabledValue","","Enabled: 1; Disabled: 0","microsoft_edge","SUPPORTED_WIN7_V77","msedge.admx"
"Local","AllowFileSelectionDialogs","Both","Software\Policies\Microsoft\Edge","AllowFileSelectionDialogs","Enabled/DisabledValue","","Enabled: 1; Disabled: 0","microsoft_edge","SUPPORTED_WIN7_V77","msedge.admx"
"Local","AllowGamesMenu","Both","Software\Policies\Microsoft\Edge","AllowGamesMenu","Enabled/DisabledValue","","Enabled: 1; Disabled: 0","microsoft_edge","SUPPORTED_WIN7_V99","msedge.admx"
"Local","AllowPopupsDuringPageUnload","Both","Software\Policies\Microsoft\Edge","AllowPopupsDuringPageUnload","Enabled/DisabledValue","","Enabled: 1; Disabled: 0","microsoft_edge","OBSOLETE_WIN7_V78_V87","msedge.admx"
"Local","AllowSurfGame","Both","Software\Policies\Microsoft\Edge","AllowSurfGame","Enabled/DisabledValue","","Enabled: 1; Disabled: 0","microsoft_edge","SUPPORTED_WIN7_V83","msedge.admx"
"Local","AllowSyncXHRInPageDismissal","Both","Software\Policies\Microsoft\Edge","AllowSyncXHRInPageDismissal","Enabled/DisabledValue","","Enabled: 1; Disabled: 0","microsoft_edge","OBSOLETE_WIN7_V79_V99","msedge.admx"
"Local","AllowSystemNotifications","Both","Software\Policies\Microsoft\Edge","AllowSystemNotifications","Enabled/DisabledValue","","Enabled: 1; Disabled: 0","microsoft_edge","SUPPORTED_WIN7_V117","msedge.admx"
"Local","AllowTokenBindingForUrls","Both","Software\Policies\Microsoft\Edge","AllowTokenBindingForUrls","List","Software\Policies\Microsoft\Edge\AllowTokenBindingForUrls","AllowTokenBindingForUrlsDesc","microsoft_edge","OBSOLETE_WIN7_V83_V129","msedge.admx"
"Local","AllowTrackingForUrls","Both","Software\Policies\Microsoft\Edge","AllowTrackingForUrls","List","Software\Policies\Microsoft\Edge\AllowTrackingForUrls","AllowTrackingForUrlsDesc","microsoft_edge","SUPPORTED_WIN7_V78","msedge.admx"
"Local","AllowWebAuthnWithBrokenTlsCerts","Both","Software\Policies\Microsoft\Edge","AllowWebAuthnWithBrokenTlsCerts","Enabled/DisabledValue","","Enabled: 1; Disabled: 0","microsoft_edge","SUPPORTED_WIN7_V123","msedge.admx"
"Local","AllowedDomainsForApps","Both","Software\Policies\Microsoft\Edge","AllowedDomainsForApps","TextBox","AllowedDomainsForApps","AllowedDomainsForApps","microsoft_edge","SUPPORTED_WIN7_V104","msedge.admx"
"Local","AlternateErrorPagesEnabled","Both","Software\Policies\Microsoft\Edge","AlternateErrorPagesEnabled","Enabled/DisabledValue","","Enabled: 1; Disabled: 0","microsoft_edge","SUPPORTED_WIN7_V80","msedge.admx"
"Local","AlternateErrorPagesEnabled_recommended","Both","Software\Policies\Microsoft\Edge\Recommended","AlternateErrorPagesEnabled","Enabled/DisabledValue","","Enabled: 1; Disabled: 0","microsoft_edge_recommended","SUPPORTED_WIN7_V80","msedge.admx"
"Local","AlwaysOpenPdfExternally","Both","Software\Policies\Microsoft\Edge","AlwaysOpenPdfExternally","Enabled/DisabledValue","","Enabled: 1; Disabled: 0","microsoft_edge","SUPPORTED_WIN7_V77","msedge.admx"
"Local","AmbientAuthenticationInPrivateModesEnabled","Both","Software\Policies\Microsoft\Edge","AmbientAuthenticationInPrivateModesEnabled","Dropdown","AmbientAuthenticationInPrivateModesEnabled","AmbientAuthenticationInPrivateModesEnabled","microsoft_edge","SUPPORTED_WIN7_V81","msedge.admx"
"Local","AppCacheForceEnabled","Both","Software\Policies\Microsoft\Edge","AppCacheForceEnabled","Enabled/DisabledValue","","Enabled: 1; Disabled: 0","microsoft_edge","OBSOLETE_WIN7_V84_V96","msedge.admx"
"Local","ApplicationBoundEncryptionEnabled","Both","Software\Policies\Microsoft\Edge","ApplicationBoundEncryptionEnabled","Enabled/DisabledValue","","Enabled: 1; Disabled: 0","microsoft_edge","SUPPORTED_WIN7_V127","msedge.admx"
"Local","ApplicationLocaleValue","Both","Software\Policies\Microsoft\Edge","ApplicationLocaleValue","TextBox","ApplicationLocaleValue","ApplicationLocaleValue","microsoft_edge","SUPPORTED_WIN7_V77","msedge.admx"
"Local","ApplicationLocaleValue_recommended","Both","Software\Policies\Microsoft\Edge\Recommended","ApplicationLocaleValue_recommended","TextBox","ApplicationLocaleValue","ApplicationLocaleValue","microsoft_edge_recommended","SUPPORTED_WIN7_V77","msedge.admx"
"Local","AskBeforeCloseEnabled","Both","Software\Policies\Microsoft\Edge","AskBeforeCloseEnabled","Enabled/DisabledValue","","Enabled: 1; Disabled: 0","microsoft_edge","SUPPORTED_WIN7_V104","msedge.admx"
"Local","AskBeforeCloseEnabled_recommended","Both","Software\Policies\Microsoft\Edge\Recommended","AskBeforeCloseEnabled","Enabled/DisabledValue","","Enabled: 1; Disabled: 0","microsoft_edge_recommended","SUPPORTED_WIN7_V104","msedge.admx"
"Local","AudioCaptureAllowed","Both","Software\Policies\Microsoft\Edge","AudioCaptureAllowed","Enabled/DisabledValue","","Enabled: 1; Disabled: 0","microsoft_edge","SUPPORTED_WIN7_V77","msedge.admx"
"Local","AudioCaptureAllowedUrls","Both","Software\Policies\Microsoft\Edge","AudioCaptureAllowedUrls","List","Software\Policies\Microsoft\Edge\AudioCaptureAllowedUrls","AudioCaptureAllowedUrlsDesc","microsoft_edge","SUPPORTED_WIN7_V77","msedge.admx"
"Local","AudioProcessHighPriorityEnabled","Both","Software\Policies\Microsoft\Edge","AudioProcessHighPriorityEnabled","Enabled/DisabledValue","","Enabled: 1; Disabled: 0","microsoft_edge","SUPPORTED_WIN7_V96","msedge.admx"
"Local","AudioSandboxEnabled","Both","Software\Policies\Microsoft\Edge","AudioSandboxEnabled","Enabled/DisabledValue","","Enabled: 1; Disabled: 0","microsoft_edge","SUPPORTED_WIN7_V81","msedge.admx"
"Local","AutoImportAtFirstRun","Both","Software\Policies\Microsoft\Edge","AutoImportAtFirstRun","Dropdown","AutoImportAtFirstRun","AutoImportAtFirstRun","microsoft_edge","SUPPORTED_WIN7_V77","msedge.admx"
"Local","AutoLaunchProtocolsComponentEnabled","Both","Software\Policies\Microsoft\Edge","AutoLaunchProtocolsComponentEnabled","Enabled/DisabledValue","","Enabled: 1; Disabled: 0","microsoft_edge","SUPPORTED_WIN7_V96","msedge.admx"
"Local","AutoLaunchProtocolsFromOrigins","Both","Software\Policies\Microsoft\Edge","AutoLaunchProtocolsFromOrigins","TextBox","AutoLaunchProtocolsFromOrigins","AutoLaunchProtocolsFromOrigins","microsoft_edge","SUPPORTED_WIN7_V85","msedge.admx"
"Local","AutoOpenAllowedForURLs","Both","Software\Policies\Microsoft\Edge","AutoOpenAllowedForURLs","List","Software\Policies\Microsoft\Edge\AutoOpenAllowedForURLs","AutoOpenAllowedForURLsDesc","microsoft_edge","SUPPORTED_WIN7_V85","msedge.admx"
"Local","AutoOpenFileTypes","Both","Software\Policies\Microsoft\Edge","AutoOpenFileTypes","List","Software\Policies\Microsoft\Edge\AutoOpenFileTypes","AutoOpenFileTypesDesc","microsoft_edge","SUPPORTED_WIN7_V85","msedge.admx"
"Local","AutofillAddressEnabled","Both","Software\Policies\Microsoft\Edge","AutofillAddressEnabled","Enabled/DisabledValue","","Enabled: 1; Disabled: 0","microsoft_edge","SUPPORTED_WIN7_V77","msedge.admx"
"Local","AutofillAddressEnabled_recommended","Both","Software\Policies\Microsoft\Edge\Recommended","AutofillAddressEnabled","Enabled/DisabledValue","","Enabled: 1; Disabled: 0","microsoft_edge_recommended","SUPPORTED_WIN7_V77","msedge.admx"
"Local","AutofillCreditCardEnabled","Both","Software\Policies\Microsoft\Edge","AutofillCreditCardEnabled","Enabled/DisabledValue","","Enabled: 1; Disabled: 0","microsoft_edge","SUPPORTED_WIN7_V77","msedge.admx"
"Local","AutofillCreditCardEnabled_recommended","Both","Software\Policies\Microsoft\Edge\Recommended","AutofillCreditCardEnabled","Enabled/DisabledValue","","Enabled: 1; Disabled: 0","microsoft_edge_recommended","SUPPORTED_WIN7_V77","msedge.admx"
"Local","AutofillMembershipsEnabled","Both","Software\Policies\Microsoft\Edge","AutofillMembershipsEnabled","Enabled/DisabledValue","","Enabled: 1; Disabled: 0","microsoft_edge","SUPPORTED_WIN7_V110","msedge.admx"
"Local","AutofillMembershipsEnabled_recommended","Both","Software\Policies\Microsoft\Edge\Recommended","AutofillMembershipsEnabled","Enabled/DisabledValue","","Enabled: 1; Disabled: 0","microsoft_edge_recommended","SUPPORTED_WIN7_V110","msedge.admx"
"Local","AutomaticHttpsDefault","Both","Software\Policies\Microsoft\Edge","AutomaticHttpsDefault","Dropdown","AutomaticHttpsDefault","AutomaticHttpsDefault","microsoft_edge","OBSOLETE_WIN7_V92_V139","msedge.admx"
"Local","AutomaticHttpsDefault_recommended","Both","Software\Policies\Microsoft\Edge\Recommended","AutomaticHttpsDefault_recommended","Dropdown","AutomaticHttpsDefault","AutomaticHttpsDefault","microsoft_edge_recommended","OBSOLETE_WIN7_V92_V139","msedge.admx"
"Local","AutoplayAllowed","Both","Software\Policies\Microsoft\Edge","AutoplayAllowed","Enabled/DisabledValue","","Enabled: 1; Disabled: 0","microsoft_edge","SUPPORTED_WIN7_V78","msedge.admx"
"Local","AutoplayAllowlist","Both","Software\Policies\Microsoft\Edge","AutoplayAllowlist","List","Software\Policies\Microsoft\Edge\AutoplayAllowlist","AutoplayAllowlistDesc","microsoft_edge","SUPPORTED_WIN7_V93","msedge.admx"
"Local","BackgroundModeEnabled","Both","Software\Policies\Microsoft\Edge","BackgroundModeEnabled","Enabled/DisabledValue","","Enabled: 1; Disabled: 0","microsoft_edge","SUPPORTED_WIN7_V77","msedge.admx"
"Local","BackgroundModeEnabled_recommended","Both","Software\Policies\Microsoft\Edge\Recommended","BackgroundModeEnabled","Enabled/DisabledValue","","Enabled: 1; Disabled: 0","microsoft_edge_recommended","SUPPORTED_WIN7_V77","msedge.admx"
"Local","BackgroundTemplateListUpdatesEnabled","Both","Software\Policies\Microsoft\Edge","BackgroundTemplateListUpdatesEnabled","Enabled/DisabledValue","","Enabled: 1; Disabled: 0","microsoft_edge","SUPPORTED_WIN7_V79","msedge.admx"
"Local","BeforeunloadEventCancelByPreventDefaultEnabled","Both","Software\Policies\Microsoft\Edge","BeforeunloadEventCancelByPreventDefaultEnabled","Enabled/DisabledValue","","Enabled: 1; Disabled: 0","microsoft_edge","OBSOLETE_WIN7_V118_V130","msedge.admx"
"Local","BingAdsSuppression","Both","Software\Policies\Microsoft\Edge","BingAdsSuppression","Enabled/DisabledValue","","Enabled: 1; Disabled: 0","microsoft_edge","SUPPORTED_WIN7_V83","msedge.admx"
"Local","BlockThirdPartyCookies","Both","Software\Policies\Microsoft\Edge","BlockThirdPartyCookies","Enabled/DisabledValue","","Enabled: 1; Disabled: 0","microsoft_edge","SUPPORTED_WIN7_V77","msedge.admx"
"Local","BlockThirdPartyCookies_recommended","Both","Software\Policies\Microsoft\Edge\Recommended","BlockThirdPartyCookies","Enabled/DisabledValue","","Enabled: 1; Disabled: 0","microsoft_edge_recommended","SUPPORTED_WIN7_V77","msedge.admx"
"Local","FavoritesBarEnabled","Both","Software\Policies\Microsoft\Edge","FavoritesBarEnabled","Enabled/DisabledValue","","Enabled: 1; Disabled: 0","microsoft_edge","SUPPORTED_WIN7_V77","msedge.admx"
"Local","FavoritesBarEnabled_recommended","Both","Software\Policies\Microsoft\Edge\Recommended","FavoritesBarEnabled","Enabled/DisabledValue","","Enabled: 1; Disabled: 0","microsoft_edge_recommended","SUPPORTED_WIN7_V77","msedge.admx"
"Local","BrowserAddProfileEnabled","Both","Software\Policies\Microsoft\Edge","BrowserAddProfileEnabled","Enabled/DisabledValue","","Enabled: 1; Disabled: 0","microsoft_edge","SUPPORTED_WIN7_V77","msedge.admx"
"Local","BrowserCodeIntegritySetting","Both","Software\Policies\Microsoft\Edge","BrowserCodeIntegritySetting","Dropdown","BrowserCodeIntegritySetting","BrowserCodeIntegritySetting","microsoft_edge","SUPPORTED_WIN7_V104","msedge.admx"
"Local","BrowserGuestModeEnabled","Both","Software\Policies\Microsoft\Edge","BrowserGuestModeEnabled","Enabled/DisabledValue","","Enabled: 1; Disabled: 0","microsoft_edge","SUPPORTED_WIN7_V77","msedge.admx"
"Local","BrowserLegacyExtensionPointsBlockingEnabled","Both","Software\Policies\Microsoft\Edge","BrowserLegacyExtensionPointsBlockingEnabled","Enabled/DisabledValue","","Enabled: 1; Disabled: 0","microsoft_edge","SUPPORTED_WIN7_V95","msedge.admx"
"Local","BrowserNetworkTimeQueriesEnabled","Both","Software\Policies\Microsoft\Edge","BrowserNetworkTimeQueriesEnabled","Enabled/DisabledValue","","Enabled: 1; Disabled: 0","microsoft_edge","SUPPORTED_WIN7_V77","msedge.admx"
"Local","BrowserSignin","Both","Software\Policies\Microsoft\Edge","BrowserSignin","Dropdown","BrowserSignin","BrowserSignin","microsoft_edge","SUPPORTED_WIN7_V77","msedge.admx"
"Local","BrowsingDataLifetime","Both","Software\Policies\Microsoft\Edge","BrowsingDataLifetime","TextBox","BrowsingDataLifetime","BrowsingDataLifetime","microsoft_edge","SUPPORTED_WIN7_V89","msedge.admx"
"Local","BuiltInAIAPIsEnabled","Both","Software\Policies\Microsoft\Edge","BuiltInAIAPIsEnabled","Enabled/DisabledValue","","Enabled: 1; Disabled: 0","microsoft_edge","SUPPORTED_WIN7_V138","msedge.admx"
"Local","BuiltInDnsClientEnabled","Both","Software\Policies\Microsoft\Edge","BuiltInDnsClientEnabled","Enabled/DisabledValue","","Enabled: 1; Disabled: 0","microsoft_edge","SUPPORTED_WIN7_V77","msedge.admx"
"Local","CECPQ2Enabled","Both","Software\Policies\Microsoft\Edge","CECPQ2Enabled","Enabled/DisabledValue","","Enabled: 1; Disabled: 0","microsoft_edge","OBSOLETE_WIN7_V93_V113","msedge.admx"
"Local","CORSNonWildcardRequestHeadersSupport","Both","Software\Policies\Microsoft\Edge","CORSNonWildcardRequestHeadersSupport","Enabled/DisabledValue","","Enabled: 1; Disabled: 0","microsoft_edge","SUPPORTED_WIN7_V97","msedge.admx"
"Local","CSSCustomStateDeprecatedSyntaxEnabled","Both","Software\Policies\Microsoft\Edge","CSSCustomStateDeprecatedSyntaxEnabled","Enabled/DisabledValue","","Enabled: 1; Disabled: 0","microsoft_edge","OBSOLETE_WIN7_V127_V132","msedge.admx"
"Local","CertificateTransparencyEnforcementDisabledForCas","Both","Software\Policies\Microsoft\Edge","CertificateTransparencyEnforcementDisabledForCas","List","Software\Policies\Microsoft\Edge\CertificateTransparencyEnforcementDisabledForCas","CertificateTransparencyEnforcementDisabledForCasDesc","microsoft_edge","SUPPORTED_WIN7_V77","msedge.admx"
"Local","CertificateTransparencyEnforcementDisabledForLegacyCas","Both","Software\Policies\Microsoft\Edge","CertificateTransparencyEnforcementDisabledForLegacyCas","List","Software\Policies\Microsoft\Edge\CertificateTransparencyEnforcementDisabledForLegacyCas","CertificateTransparencyEnforcementDisabledForLegacyCasDesc","microsoft_edge","OBSOLETE_WIN7_V77_V131","msedge.admx"
"Local","CertificateTransparencyEnforcementDisabledForUrls","Both","Software\Policies\Microsoft\Edge","CertificateTransparencyEnforcementDisabledForUrls","List","Software\Policies\Microsoft\Edge\CertificateTransparencyEnforcementDisabledForUrls","CertificateTransparencyEnforcementDisabledForUrlsDesc","microsoft_edge","SUPPORTED_WIN7_V77","msedge.admx"
"Local","ClearBrowsingDataOnExit","Both","Software\Policies\Microsoft\Edge","ClearBrowsingDataOnExit","Enabled/DisabledValue","","Enabled: 1; Disabled: 0","microsoft_edge","SUPPORTED_WIN7_V78","msedge.admx"
"Local","ClearBrowsingDataOnExit_recommended","Both","Software\Policies\Microsoft\Edge\Recommended","ClearBrowsingDataOnExit","Enabled/DisabledValue","","Enabled: 1; Disabled: 0","microsoft_edge_recommended","SUPPORTED_WIN7_V78","msedge.admx"
"Local","ClearCachedImagesAndFilesOnExit","Both","Software\Policies\Microsoft\Edge","ClearCachedImagesAndFilesOnExit","Enabled/DisabledValue","","Enabled: 1; Disabled: 0","microsoft_edge","SUPPORTED_WIN7_V83","msedge.admx"
"Local","ClearCachedImagesAndFilesOnExit_recommended","Both","Software\Policies\Microsoft\Edge\Recommended","ClearCachedImagesAndFilesOnExit","Enabled/DisabledValue","","Enabled: 1; Disabled: 0","microsoft_edge_recommended","SUPPORTED_WIN7_V83","msedge.admx"
"Local","ClickOnceEnabled","Both","Software\Policies\Microsoft\Edge","ClickOnceEnabled","Enabled/DisabledValue","","Enabled: 1; Disabled: 0","microsoft_edge","SUPPORTED_WIN7_V78","msedge.admx"
"Local","ClipboardAllowedForUrls","Both","Software\Policies\Microsoft\Edge","ClipboardAllowedForUrls","List","Software\Policies\Microsoft\Edge\ClipboardAllowedForUrls","ClipboardAllowedForUrlsDesc","microsoft_edge","SUPPORTED_WIN7_V109","msedge.admx"
"Local","ClipboardBlockedForUrls","Both","Software\Policies\Microsoft\Edge","ClipboardBlockedForUrls","List","Software\Policies\Microsoft\Edge\ClipboardBlockedForUrls","ClipboardBlockedForUrlsDesc","microsoft_edge","SUPPORTED_WIN7_V109","msedge.admx"
"Local","CollectionsServicesAndExportsBlockList","Both","Software\Policies\Microsoft\Edge","CollectionsServicesAndExportsBlockList","List","Software\Policies\Microsoft\Edge\CollectionsServicesAndExportsBlockList","CollectionsServicesAndExportsBlockListDesc","microsoft_edge","SUPPORTED_WIN7_V86","msedge.admx"
"Local","CommandLineFlagSecurityWarningsEnabled","Both","Software\Policies\Microsoft\Edge","CommandLineFlagSecurityWarningsEnabled","Enabled/DisabledValue","","Enabled: 1; Disabled: 0","microsoft_edge","SUPPORTED_WIN7_V78","msedge.admx"
"Local","ComponentUpdatesEnabled","Both","Software\Policies\Microsoft\Edge","ComponentUpdatesEnabled","Enabled/DisabledValue","","Enabled: 1; Disabled: 0","microsoft_edge","SUPPORTED_WIN7_V77","msedge.admx"
"Local","ComposeInlineEnabled","Both","Software\Policies\Microsoft\Edge","ComposeInlineEnabled","Enabled/DisabledValue","","Enabled: 1; Disabled: 0","microsoft_edge","SUPPORTED_WIN7_V115","msedge.admx"
"Local","ConfigureDoNotTrack","Both","Software\Policies\Microsoft\Edge","ConfigureDoNotTrack","Enabled/DisabledValue","","Enabled: 1; Disabled: 0","microsoft_edge","SUPPORTED_WIN7_V77","msedge.admx"
"Local","ConfigureFriendlyURLFormat","Both","Software\Policies\Microsoft\Edge","ConfigureFriendlyURLFormat","Dropdown","ConfigureFriendlyURLFormat","ConfigureFriendlyURLFormat","microsoft_edge","SUPPORTED_WIN7_V87","msedge.admx"
"Local","ConfigureFriendlyURLFormat_recommended","Both","Software\Policies\Microsoft\Edge\Recommended","ConfigureFriendlyURLFormat_recommended","Dropdown","ConfigureFriendlyURLFormat","ConfigureFriendlyURLFormat","microsoft_edge_recommended","SUPPORTED_WIN7_V87","msedge.admx"
"Local","ConfigureKeyboardShortcuts","Both","Software\Policies\Microsoft\Edge","ConfigureKeyboardShortcuts","TextBox","ConfigureKeyboardShortcuts","ConfigureKeyboardShortcuts","microsoft_edge","SUPPORTED_WIN7_V101","msedge.admx"
"Local","ConfigureOnPremisesAccountAutoSignIn","Both","Software\Policies\Microsoft\Edge","ConfigureOnPremisesAccountAutoSignIn","Dropdown","ConfigureOnPremisesAccountAutoSignIn","ConfigureOnPremisesAccountAutoSignIn","microsoft_edge","SUPPORTED_WIN7_V81","msedge.admx"
"Local","ConfigureOnlineTextToSpeech","Both","Software\Policies\Microsoft\Edge","ConfigureOnlineTextToSpeech","Enabled/DisabledValue","","Enabled: 1; Disabled: 0","microsoft_edge","SUPPORTED_WIN7_V77","msedge.admx"
"Local","ConfigureShare","Both","Software\Policies\Microsoft\Edge","ConfigureShare","Dropdown","ConfigureShare","ConfigureShare","microsoft_edge","SUPPORTED_WIN7_V83","msedge.admx"
"Local","ConfigureViewInFileExplorer","Both","Software\Policies\Microsoft\Edge","ConfigureViewInFileExplorer","TextBox","ConfigureViewInFileExplorer","ConfigureViewInFileExplorer","microsoft_edge","SUPPORTED_WIN7_V93","msedge.admx"
"Local","CopilotCDPPageContext","Both","Software\Policies\Microsoft\Edge","CopilotCDPPageContext","Enabled/DisabledValue","","Enabled: 1; Disabled: 0","microsoft_edge","OBSOLETE_WIN7_V124_V132","msedge.admx"
"Local","CopilotPageContext","Both","Software\Policies\Microsoft\Edge","CopilotPageContext","Enabled/DisabledValue","","Enabled: 1; Disabled: 0","microsoft_edge","SUPPORTED_WIN7_V124","msedge.admx"
"Local","CrossOriginWebAssemblyModuleSharingEnabled","Both","Software\Policies\Microsoft\Edge","CrossOriginWebAssemblyModuleSharingEnabled","Enabled/DisabledValue","","Enabled: 1; Disabled: 0","microsoft_edge","OBSOLETE_WIN7_V95_V98","msedge.admx"
"Local","CryptoWalletEnabled","Both","Software\Policies\Microsoft\Edge","CryptoWalletEnabled","Enabled/DisabledValue","","Enabled: 1; Disabled: 0","microsoft_edge","OBSOLETE_WIN7_V112_V128","msedge.admx"
"Local","CustomHelpLink","Both","Software\Policies\Microsoft\Edge","CustomHelpLink","TextBox","CustomHelpLink","CustomHelpLink","microsoft_edge","SUPPORTED_WIN7_V79","msedge.admx"
"Local","DNSInterceptionChecksEnabled","Both","Software\Policies\Microsoft\Edge","DNSInterceptionChecksEnabled","Enabled/DisabledValue","","Enabled: 1; Disabled: 0","microsoft_edge","SUPPORTED_WIN7_V80","msedge.admx"
"Local","DefaultBrowserSettingEnabled","Both","Software\Policies\Microsoft\Edge","DefaultBrowserSettingEnabled","Enabled/DisabledValue","","Enabled: 1; Disabled: 0","microsoft_edge","SUPPORTED_WIN7_ONLY_V77","msedge.admx"
"Local","DefaultBrowserSettingsCampaignEnabled","Both","Software\Policies\Microsoft\Edge","DefaultBrowserSettingsCampaignEnabled","Enabled/DisabledValue","","Enabled: 1; Disabled: 0","microsoft_edge","SUPPORTED_WIN7_V113","msedge.admx"
"Local","DefaultClipboardSetting","Both","Software\Policies\Microsoft\Edge","DefaultClipboardSetting","Dropdown","DefaultClipboardSetting","DefaultClipboardSetting","microsoft_edge","SUPPORTED_WIN7_V109","msedge.admx"
"Local","DefaultSearchProviderContextMenuAccessAllowed","Both","Software\Policies\Microsoft\Edge","DefaultSearchProviderContextMenuAccessAllowed","Enabled/DisabledValue","","Enabled: 1; Disabled: 0","microsoft_edge","SUPPORTED_WIN7_V85","msedge.admx"
"Local","DefaultSensorsSetting","Both","Software\Policies\Microsoft\Edge","DefaultSensorsSetting","Dropdown","DefaultSensorsSetting","DefaultSensorsSetting","microsoft_edge","SUPPORTED_WIN7_V86","msedge.admx"
"Local","DefaultSerialGuardSetting","Both","Software\Policies\Microsoft\Edge","DefaultSerialGuardSetting","Dropdown","DefaultSerialGuardSetting","DefaultSerialGuardSetting","microsoft_edge","SUPPORTED_WIN7_V86","msedge.admx"
"Local","DefaultShareAdditionalOSRegionSetting","Both","Software\Policies\Microsoft\Edge","DefaultShareAdditionalOSRegionSetting","Dropdown","DefaultShareAdditionalOSRegionSetting","DefaultShareAdditionalOSRegionSetting","microsoft_edge","SUPPORTED_WIN7_V108","msedge.admx"
"Local","DefaultShareAdditionalOSRegionSetting_recommended","Both","Software\Policies\Microsoft\Edge\Recommended","DefaultShareAdditionalOSRegionSetting_recommended","Dropdown","DefaultShareAdditionalOSRegionSetting","DefaultShareAdditionalOSRegionSetting","microsoft_edge_recommended","SUPPORTED_WIN7_V108","msedge.admx"
"Local","DefinePreferredLanguages","Both","Software\Policies\Microsoft\Edge","DefinePreferredLanguages","TextBox","DefinePreferredLanguages","DefinePreferredLanguages","microsoft_edge","SUPPORTED_WIN7_V89","msedge.admx"
"Local","DelayNavigationsForInitialSiteListDownload","Both","Software\Policies\Microsoft\Edge","DelayNavigationsForInitialSiteListDownload","Dropdown","DelayNavigationsForInitialSiteListDownload","DelayNavigationsForInitialSiteListDownload","microsoft_edge","SUPPORTED_WIN7_V84","msedge.admx"
"Local","DeleteDataOnMigration","Both","Software\Policies\Microsoft\Edge","DeleteDataOnMigration","Enabled/DisabledValue","","Enabled: 1; Disabled: 0","microsoft_edge","SUPPORTED_WIN7_V83","msedge.admx"
"Local","DeveloperToolsAvailability","Both","Software\Policies\Microsoft\Edge","DeveloperToolsAvailability","Dropdown","DeveloperToolsAvailability","DeveloperToolsAvailability","microsoft_edge","SUPPORTED_WIN7_V77","msedge.admx"
"Local","DiagnosticData","Both","Software\Policies\Microsoft\Edge","DiagnosticData","Dropdown","DiagnosticData","DiagnosticData","microsoft_edge","SUPPORTED_WIN7_V122","msedge.admx"
"Local","DirectInvokeEnabled","Both","Software\Policies\Microsoft\Edge","DirectInvokeEnabled","Enabled/DisabledValue","","Enabled: 1; Disabled: 0","microsoft_edge","SUPPORTED_WIN7_V78","msedge.admx"
"Local","Disable3DAPIs","Both","Software\Policies\Microsoft\Edge","Disable3DAPIs","Enabled/DisabledValue","","Enabled: 1; Disabled: 0","microsoft_edge","SUPPORTED_WIN7_V77","msedge.admx"
"Local","DisableScreenshots","Both","Software\Policies\Microsoft\Edge","DisableScreenshots","Enabled/DisabledValue","","Enabled: 1; Disabled: 0","microsoft_edge","SUPPORTED_WIN7_V77","msedge.admx"
"Local","DiscoverPageContextEnabled","Both","Software\Policies\Microsoft\Edge","DiscoverPageContextEnabled","Enabled/DisabledValue","","Enabled: 1; Disabled: 0","microsoft_edge","OBSOLETE_WIN7_V113_V127","msedge.admx"
"Local","DiskCacheDir","Both","Software\Policies\Microsoft\Edge","DiskCacheDir","TextBox","DiskCacheDir","DiskCacheDir","microsoft_edge","SUPPORTED_WIN7_V77","msedge.admx"
"Local","DiskCacheSize","Both","Software\Policies\Microsoft\Edge","DiskCacheSize","Number","","DiskCacheSize","microsoft_edge","SUPPORTED_WIN7_V77","msedge.admx"
"Local","DisplayCapturePermissionsPolicyEnabled","Both","Software\Policies\Microsoft\Edge","DisplayCapturePermissionsPolicyEnabled","Enabled/DisabledValue","","Enabled: 1; Disabled: 0","microsoft_edge","OBSOLETE_WIN7_V95_V109","msedge.admx"
"Local","DnsOverHttpsMode","Both","Software\Policies\Microsoft\Edge","DnsOverHttpsMode","Dropdown","DnsOverHttpsMode","DnsOverHttpsMode","microsoft_edge","SUPPORTED_WIN7_V83","msedge.admx"
"Local","DnsOverHttpsTemplates","Both","Software\Policies\Microsoft\Edge","DnsOverHttpsTemplates","TextBox","DnsOverHttpsTemplates","DnsOverHttpsTemplates","microsoft_edge","SUPPORTED_WIN7_V83","msedge.admx"
"Local","DoNotSilentlyBlockProtocolsFromOrigins","Both","Software\Policies\Microsoft\Edge","DoNotSilentlyBlockProtocolsFromOrigins","TextBox","DoNotSilentlyBlockProtocolsFromOrigins","DoNotSilentlyBlockProtocolsFromOrigins","microsoft_edge","SUPPORTED_WIN7_V99","msedge.admx"
"Local","DoubleClickCloseTabEnabled","Both","Software\Policies\Microsoft\Edge","DoubleClickCloseTabEnabled","Enabled/DisabledValue","","Enabled: 1; Disabled: 0","microsoft_edge","SUPPORTED_WIN7_V104","msedge.admx"
"Local","DownloadDirectory","Both","Software\Policies\Microsoft\Edge","DownloadDirectory","TextBox","DownloadDirectory","DownloadDirectory","microsoft_edge","SUPPORTED_WIN7_V77","msedge.admx"
"Local","DownloadDirectory_recommended","Both","Software\Policies\Microsoft\Edge\Recommended","DownloadDirectory_recommended","TextBox","DownloadDirectory","DownloadDirectory","microsoft_edge_recommended","SUPPORTED_WIN7_V77","msedge.admx"
"Local","DownloadRestrictions","Both","Software\Policies\Microsoft\Edge","DownloadRestrictions","Dropdown","DownloadRestrictions","DownloadRestrictions","microsoft_edge","SUPPORTED_WIN7_V77","msedge.admx"
"Local","DownloadRestrictions_recommended","Both","Software\Policies\Microsoft\Edge\Recommended","DownloadRestrictions_recommended","Dropdown","DownloadRestrictions","DownloadRestrictions","microsoft_edge_recommended","SUPPORTED_WIN7_V77","msedge.admx"
"Local","DynamicCodeSettings","Both","Software\Policies\Microsoft\Edge","DynamicCodeSettings","Dropdown","DynamicCodeSettings","DynamicCodeSettings","microsoft_edge","SUPPORTED_WIN7_V128","msedge.admx"
"Local","Edge3PSerpTelemetryEnabled","Both","Software\Policies\Microsoft\Edge","Edge3PSerpTelemetryEnabled","Enabled/DisabledValue","","Enabled: 1; Disabled: 0","microsoft_edge","SUPPORTED_WIN7_V120","msedge.admx"
"Local","Edge3PSerpTelemetryEnabled_recommended","Both","Software\Policies\Microsoft\Edge\Recommended","Edge3PSerpTelemetryEnabled","Enabled/DisabledValue","","Enabled: 1; Disabled: 0","microsoft_edge_recommended","SUPPORTED_WIN7_V120","msedge.admx"
"Local","EdgeAssetDeliveryServiceEnabled","Both","Software\Policies\Microsoft\Edge","EdgeAssetDeliveryServiceEnabled","Enabled/DisabledValue","","Enabled: 1; Disabled: 0","microsoft_edge","SUPPORTED_WIN7_V101","msedge.admx"
"Local","EdgeAssetDeliveryServiceEnabled_recommended","Both","Software\Policies\Microsoft\Edge\Recommended","EdgeAssetDeliveryServiceEnabled","Enabled/DisabledValue","","Enabled: 1; Disabled: 0","microsoft_edge_recommended","SUPPORTED_WIN7_V101","msedge.admx"
"Local","EdgeAutofillMlEnabled","Both","Software\Policies\Microsoft\Edge","EdgeAutofillMlEnabled","Enabled/DisabledValue","","Enabled: 1; Disabled: 0","microsoft_edge","SUPPORTED_WIN7_V132","msedge.admx"
"Local","EdgeAutofillMlEnabled_recommended","Both","Software\Policies\Microsoft\Edge\Recommended","EdgeAutofillMlEnabled","Enabled/DisabledValue","","Enabled: 1; Disabled: 0","microsoft_edge_recommended","SUPPORTED_WIN7_V132","msedge.admx"
"Local","EdgeCollectionsEnabled","Both","Software\Policies\Microsoft\Edge","EdgeCollectionsEnabled","Enabled/DisabledValue","","Enabled: 1; Disabled: 0","microsoft_edge","SUPPORTED_WIN7_V78","msedge.admx"
"Local","EdgeDiscoverEnabled","Both","Software\Policies\Microsoft\Edge","EdgeDiscoverEnabled","Enabled/DisabledValue","","Enabled: 1; Disabled: 0","microsoft_edge","OBSOLETE_WIN7_V97_V105","msedge.admx"
"Local","EdgeDiscoverEnabled_recommended","Both","Software\Policies\Microsoft\Edge\Recommended","EdgeDiscoverEnabled","Enabled/DisabledValue","","Enabled: 1; Disabled: 0","microsoft_edge_recommended","OBSOLETE_WIN7_V97_V105","msedge.admx"
"Local","EdgeEDropEnabled","Both","Software\Policies\Microsoft\Edge","EdgeEDropEnabled","Enabled/DisabledValue","","Enabled: 1; Disabled: 0","microsoft_edge","SUPPORTED_WIN7_V104","msedge.admx"
"Local","EdgeEnhanceImagesEnabled","Both","Software\Policies\Microsoft\Edge","EdgeEnhanceImagesEnabled","Enabled/DisabledValue","","Enabled: 1; Disabled: 0","microsoft_edge","OBSOLETE_WIN7_V97_V121","msedge.admx"
"Local","EdgeEntraCopilotPageContext","Both","Software\Policies\Microsoft\Edge","EdgeEntraCopilotPageContext","Enabled/DisabledValue","","Enabled: 1; Disabled: 0","microsoft_edge","SUPPORTED_WIN7_V130","msedge.admx"
"Local","EdgeFollowEnabled","Both","Software\Policies\Microsoft\Edge","EdgeFollowEnabled","Enabled/DisabledValue","","Enabled: 1; Disabled: 0","microsoft_edge","OBSOLETE_WIN7_V98_V126","msedge.admx"
"Local","EdgeHistoryAISearchEnabled","Both","Software\Policies\Microsoft\Edge","EdgeHistoryAISearchEnabled","Enabled/DisabledValue","","Enabled: 1; Disabled: 0","microsoft_edge","SUPPORTED_WIN7_V138","msedge.admx"
"Local","EdgeOpenInSidebarEnabled","Both","Software\Policies\Microsoft\Edge","EdgeOpenInSidebarEnabled","Enabled/DisabledValue","","Enabled: 1; Disabled: 0","microsoft_edge","SUPPORTED_WIN7_V122","msedge.admx"
"Local","EdgeShoppingAssistantEnabled","Both","Software\Policies\Microsoft\Edge","EdgeShoppingAssistantEnabled","Enabled/DisabledValue","","Enabled: 1; Disabled: 0","microsoft_edge","SUPPORTED_WIN7_V87","msedge.admx"
"Local","EdgeShoppingAssistantEnabled_recommended","Both","Software\Policies\Microsoft\Edge\Recommended","EdgeShoppingAssistantEnabled","Enabled/DisabledValue","","Enabled: 1; Disabled: 0","microsoft_edge_recommended","SUPPORTED_WIN7_V87","msedge.admx"
"Local","EdgeSidebarAppUrlHostAllowList","Both","Software\Policies\Microsoft\Edge","EdgeSidebarAppUrlHostAllowList","List","Software\Policies\Microsoft\Edge\EdgeSidebarAppUrlHostAllowList","EdgeSidebarAppUrlHostAllowListDesc","microsoft_edge","SUPPORTED_WIN7_V131","msedge.admx"
"Local","EdgeSidebarAppUrlHostBlockList","Both","Software\Policies\Microsoft\Edge","EdgeSidebarAppUrlHostBlockList","List","Software\Policies\Microsoft\Edge\EdgeSidebarAppUrlHostBlockList","EdgeSidebarAppUrlHostBlockListDesc","microsoft_edge","SUPPORTED_WIN7_V127","msedge.admx"
"Local","EdgeSidebarAppUrlHostForceList","Both","Software\Policies\Microsoft\Edge","EdgeSidebarAppUrlHostForceList","List","Software\Policies\Microsoft\Edge\EdgeSidebarAppUrlHostForceList","EdgeSidebarAppUrlHostForceListDesc","microsoft_edge","SUPPORTED_WIN7_V133","msedge.admx"
"Local","EdgeSidebarCustomizeEnabled","Both","Software\Policies\Microsoft\Edge","EdgeSidebarCustomizeEnabled","Enabled/DisabledValue","","Enabled: 1; Disabled: 0","microsoft_edge","SUPPORTED_WIN7_V122","msedge.admx"
"Local","EdgeWalletCheckoutEnabled","Both","Software\Policies\Microsoft\Edge","EdgeWalletCheckoutEnabled","Enabled/DisabledValue","","Enabled: 1; Disabled: 0","microsoft_edge","SUPPORTED_WIN7_V114","msedge.admx"
"Local","EdgeWalletCheckoutEnabled_recommended","Both","Software\Policies\Microsoft\Edge\Recommended","EdgeWalletCheckoutEnabled","Enabled/DisabledValue","","Enabled: 1; Disabled: 0","microsoft_edge_recommended","SUPPORTED_WIN7_V114","msedge.admx"
"Local","EdgeWalletEtreeEnabled","Both","Software\Policies\Microsoft\Edge","EdgeWalletEtreeEnabled","Enabled/DisabledValue","","Enabled: 1; Disabled: 0","microsoft_edge","SUPPORTED_WIN7_V117","msedge.admx"
"Local","EdgeWalletEtreeEnabled_recommended","Both","Software\Policies\Microsoft\Edge\Recommended","EdgeWalletEtreeEnabled","Enabled/DisabledValue","","Enabled: 1; Disabled: 0","microsoft_edge_recommended","SUPPORTED_WIN7_V117","msedge.admx"
"Local","EditFavoritesEnabled","Both","Software\Policies\Microsoft\Edge","EditFavoritesEnabled","Enabled/DisabledValue","","Enabled: 1; Disabled: 0","microsoft_edge","SUPPORTED_WIN7_V77","msedge.admx"
"Local","EnableDeprecatedWebPlatformFeatures","Both","Software\Policies\Microsoft\Edge","EnableDeprecatedWebPlatformFeatures","List","Software\Policies\Microsoft\Edge\EnableDeprecatedWebPlatformFeatures","EnableDeprecatedWebPlatformFeaturesDesc","microsoft_edge","OBSOLETE_WIN7_V77_V86","msedge.admx"
"Local","EnableDomainActionsDownload","Both","Software\Policies\Microsoft\Edge","EnableDomainActionsDownload","Enabled/DisabledValue","","Enabled: 1; Disabled: 0","microsoft_edge","OBSOLETE_WIN7_V77_V84","msedge.admx"
"Local","EnableOnlineRevocationChecks","Both","Software\Policies\Microsoft\Edge","EnableOnlineRevocationChecks","Enabled/DisabledValue","","Enabled: 1; Disabled: 0","microsoft_edge","SUPPORTED_WIN7_V77","msedge.admx"
"Local","EnableSha1ForLocalAnchors","Both","Software\Policies\Microsoft\Edge","EnableSha1ForLocalAnchors","Enabled/DisabledValue","","Enabled: 1; Disabled: 0","microsoft_edge","OBSOLETE_WIN7_V85_V91","msedge.admx"
"Local","EnableUnsafeSwiftShader","Both","Software\Policies\Microsoft\Edge","EnableUnsafeSwiftShader","Enabled/DisabledValue","","Enabled: 1; Disabled: 0","microsoft_edge","SUPPORTED_WIN7_V139","msedge.admx"
"Local","EncryptedClientHelloEnabled","Both","Software\Policies\Microsoft\Edge","EncryptedClientHelloEnabled","Enabled/DisabledValue","","Enabled: 1; Disabled: 0","microsoft_edge","SUPPORTED_WIN7_V108","msedge.admx"
"Local","EnforceLocalAnchorConstraintsEnabled","Both","Software\Policies\Microsoft\Edge","EnforceLocalAnchorConstraintsEnabled","Enabled/DisabledValue","","Enabled: 1; Disabled: 0","microsoft_edge","OBSOLETE_WIN7_V113_V127","msedge.admx"
"Local","EnhanceSecurityMode","Both","Software\Policies\Microsoft\Edge","EnhanceSecurityMode","Dropdown","EnhanceSecurityMode","EnhanceSecurityMode","microsoft_edge","SUPPORTED_WIN7_V98","msedge.admx"
"Local","EnhanceSecurityModeAllowUserBypass","Both","Software\Policies\Microsoft\Edge","EnhanceSecurityModeAllowUserBypass","Enabled/DisabledValue","","Enabled: 1; Disabled: 0","microsoft_edge","SUPPORTED_WIN7_V122","msedge.admx"
"Local","EnhanceSecurityModeBypassIntranet","Both","Software\Policies\Microsoft\Edge","EnhanceSecurityModeBypassIntranet","Enabled/DisabledValue","","Enabled: 1; Disabled: 0","microsoft_edge","SUPPORTED_WIN7_V107","msedge.admx"
"Local","EnhanceSecurityModeBypassListDomains","Both","Software\Policies\Microsoft\Edge","EnhanceSecurityModeBypassListDomains","List","Software\Policies\Microsoft\Edge\EnhanceSecurityModeBypassListDomains","EnhanceSecurityModeBypassListDomainsDesc","microsoft_edge","SUPPORTED_WIN7_V98","msedge.admx"
"Local","EnhanceSecurityModeEnforceListDomains","Both","Software\Policies\Microsoft\Edge","EnhanceSecurityModeEnforceListDomains","List","Software\Policies\Microsoft\Edge\EnhanceSecurityModeEnforceListDomains","EnhanceSecurityModeEnforceListDomainsDesc","microsoft_edge","SUPPORTED_WIN7_V98","msedge.admx"
"Local","EnhanceSecurityModeIndicatorUIEnabled","Both","Software\Policies\Microsoft\Edge","EnhanceSecurityModeIndicatorUIEnabled","Enabled/DisabledValue","","Enabled: 1; Disabled: 0","microsoft_edge","SUPPORTED_WIN7_V115","msedge.admx"
"Local","EnhanceSecurityModeOptOutUXEnabled","Both","Software\Policies\Microsoft\Edge","EnhanceSecurityModeOptOutUXEnabled","Enabled/DisabledValue","","Enabled: 1; Disabled: 0","microsoft_edge","OBSOLETE_WIN7_V115_V135","msedge.admx"
"Local","EnterpriseHardwarePlatformAPIEnabled","Both","Software\Policies\Microsoft\Edge","EnterpriseHardwarePlatformAPIEnabled","Enabled/DisabledValue","","Enabled: 1; Disabled: 0","microsoft_edge","SUPPORTED_WIN7_V78","msedge.admx"
"Local","EnterpriseModeSiteListManagerAllowed","Both","Software\Policies\Microsoft\Edge","EnterpriseModeSiteListManagerAllowed","Enabled/DisabledValue","","Enabled: 1; Disabled: 0","microsoft_edge","SUPPORTED_WIN7_V86","msedge.admx"
"Local","EventPathEnabled","Both","Software\Policies\Microsoft\Edge","EventPathEnabled","Enabled/DisabledValue","","Enabled: 1; Disabled: 0","microsoft_edge","OBSOLETE_WIN7_V107_V115","msedge.admx"
"Local","ExemptDomainFileTypePairsFromFileTypeDownloadWarnings","Both","Software\Policies\Microsoft\Edge","ExemptDomainFileTypePairsFromFileTypeDownloadWarnings","List","Software\Policies\Microsoft\Edge\ExemptDomainFileTypePairsFromFileTypeDownloadWarnings","ExemptDomainFileTypePairsFromFileTypeDownloadWarningsDesc","microsoft_edge","OBSOLETE_WIN7_V85_V109","msedge.admx"
"Local","ExemptFileTypeDownloadWarnings","Both","Software\Policies\Microsoft\Edge","ExemptFileTypeDownloadWarnings","TextBox","ExemptFileTypeDownloadWarnings","ExemptFileTypeDownloadWarnings","microsoft_edge","SUPPORTED_WIN7_V105","msedge.admx"
"Local","ExperimentationAndConfigurationServiceControl","Both","Software\Policies\Microsoft\Edge","ExperimentationAndConfigurationServiceControl","Dropdown","ExperimentationAndConfigurationServiceControl","ExperimentationAndConfigurationServiceControl","microsoft_edge","SUPPORTED_WIN7_V77","msedge.admx"
"Local","ExplicitlyAllowedNetworkPorts","Both","Software\Policies\Microsoft\Edge","ExplicitlyAllowedNetworkPorts","List","Software\Policies\Microsoft\Edge\ExplicitlyAllowedNetworkPorts","ExplicitlyAllowedNetworkPortsDesc","microsoft_edge","SUPPORTED_WIN7_V91","msedge.admx"
"Local","ExternalProtocolDialogShowAlwaysOpenCheckbox","Both","Software\Policies\Microsoft\Edge","ExternalProtocolDialogShowAlwaysOpenCheckbox","Enabled/DisabledValue","","Enabled: 1; Disabled: 0","microsoft_edge","SUPPORTED_WIN7_V79","msedge.admx"
"Local","FamilySafetySettingsEnabled","Both","Software\Policies\Microsoft\Edge","FamilySafetySettingsEnabled","Enabled/DisabledValue","","Enabled: 1; Disabled: 0","microsoft_edge","SUPPORTED_WIN7_V83","msedge.admx"
"Local","FetchKeepaliveDurationSecondsOnShutdown","Both","Software\Policies\Microsoft\Edge","FetchKeepaliveDurationSecondsOnShutdown","Number","","FetchKeepaliveDurationSecondsOnShutdown","microsoft_edge","SUPPORTED_WIN7_V90","msedge.admx"
"Local","FileOrDirectoryPickerWithoutGestureAllowedForOrigins","Both","Software\Policies\Microsoft\Edge","FileOrDirectoryPickerWithoutGestureAllowedForOrigins","List","Software\Policies\Microsoft\Edge\FileOrDirectoryPickerWithoutGestureAllowedForOrigins","FileOrDirectoryPickerWithoutGestureAllowedForOriginsDesc","microsoft_edge","SUPPORTED_WIN7_V123","msedge.admx"
"Local","ForceBingSafeSearch","Both","Software\Policies\Microsoft\Edge","ForceBingSafeSearch","Dropdown","ForceBingSafeSearch","ForceBingSafeSearch","microsoft_edge","SUPPORTED_WIN7_V77","msedge.admx"
"Local","ForceBuiltInPushMessagingClient","Both","Software\Policies\Microsoft\Edge","ForceBuiltInPushMessagingClient","Enabled/DisabledValue","","Enabled: 1; Disabled: 0","microsoft_edge","SUPPORTED_WIN7_V118","msedge.admx"
"Local","ForceCertificatePromptsOnMultipleMatches","Both","Software\Policies\Microsoft\Edge","ForceCertificatePromptsOnMultipleMatches","Enabled/DisabledValue","","Enabled: 1; Disabled: 0","microsoft_edge","SUPPORTED_WIN7_V81","msedge.admx"
"Local","ForceEphemeralProfiles","Both","Software\Policies\Microsoft\Edge","ForceEphemeralProfiles","Enabled/DisabledValue","","Enabled: 1; Disabled: 0","microsoft_edge","SUPPORTED_WIN7_V77","msedge.admx"
"Local","ForceGoogleSafeSearch","Both","Software\Policies\Microsoft\Edge","ForceGoogleSafeSearch","Enabled/DisabledValue","","Enabled: 1; Disabled: 0","microsoft_edge","SUPPORTED_WIN7_V77","msedge.admx"
"Local","ForceLegacyDefaultReferrerPolicy","Both","Software\Policies\Microsoft\Edge","ForceLegacyDefaultReferrerPolicy","Enabled/DisabledValue","","Enabled: 1; Disabled: 0","microsoft_edge","OBSOLETE_WIN7_V81_V88","msedge.admx"
"Local","ForceMajorVersionToMinorPositionInUserAgent","Both","Software\Policies\Microsoft\Edge","ForceMajorVersionToMinorPositionInUserAgent","Dropdown","ForceMajorVersionToMinorPositionInUserAgent","ForceMajorVersionToMinorPositionInUserAgent","microsoft_edge","OBSOLETE_WIN7_V99_V117","msedge.admx"
"Local","ForceNetworkInProcess","Both","Software\Policies\Microsoft\Edge","ForceNetworkInProcess","Enabled/DisabledValue","","Enabled: 1; Disabled: 0","microsoft_edge","OBSOLETE_WIN7_V78_V83","msedge.admx"
"Local","ForcePermissionPolicyUnloadDefaultEnabled","Both","Software\Policies\Microsoft\Edge","ForcePermissionPolicyUnloadDefaultEnabled","Enabled/DisabledValue","","Enabled: 1; Disabled: 0","microsoft_edge","SUPPORTED_WIN7_V118","msedge.admx"
"Local","ForceSync","Both","Software\Policies\Microsoft\Edge","ForceSync","Enabled/DisabledValue","","Enabled: 1; Disabled: 0","microsoft_edge","SUPPORTED_WIN7_V86","msedge.admx"
"Local","ForceSyncTypes","Both","Software\Policies\Microsoft\Edge","ForceSyncTypes","List","Software\Policies\Microsoft\Edge\ForceSyncTypes","ForceSyncTypesDesc","microsoft_edge","SUPPORTED_WIN7_V96","msedge.admx"
"Local","ForceYouTubeRestrict","Both","Software\Policies\Microsoft\Edge","ForceYouTubeRestrict","Dropdown","ForceYouTubeRestrict","ForceYouTubeRestrict","microsoft_edge","SUPPORTED_WIN7_V77","msedge.admx"
"Local","FullscreenAllowed","Both","Software\Policies\Microsoft\Edge","FullscreenAllowed","Enabled/DisabledValue","","Enabled: 1; Disabled: 0","microsoft_edge","SUPPORTED_WIN7_V77","msedge.admx"
"Local","GloballyScopeHTTPAuthCacheEnabled","Both","Software\Policies\Microsoft\Edge","GloballyScopeHTTPAuthCacheEnabled","Enabled/DisabledValue","","Enabled: 1; Disabled: 0","microsoft_edge","SUPPORTED_WIN7_V81","msedge.admx"
"Local","GoToIntranetSiteForSingleWordEntryInAddressBar","Both","Software\Policies\Microsoft\Edge","GoToIntranetSiteForSingleWordEntryInAddressBar","Enabled/DisabledValue","","Enabled: 1; Disabled: 0","microsoft_edge","SUPPORTED_WIN7_V78","msedge.admx"
"Local","HSTSPolicyBypassList","Both","Software\Policies\Microsoft\Edge","HSTSPolicyBypassList","List","Software\Policies\Microsoft\Edge\HSTSPolicyBypassList","HSTSPolicyBypassListDesc","microsoft_edge","SUPPORTED_WIN7_V79","msedge.admx"
"Local","HardwareAccelerationModeEnabled","Both","Software\Policies\Microsoft\Edge","HardwareAccelerationModeEnabled","Enabled/DisabledValue","","Enabled: 1; Disabled: 0","microsoft_edge","SUPPORTED_WIN7_V77","msedge.admx"
"Local","HeadlessModeEnabled","Both","Software\Policies\Microsoft\Edge","HeadlessModeEnabled","Enabled/DisabledValue","","Enabled: 1; Disabled: 0","microsoft_edge","SUPPORTED_WIN7_V92","msedge.admx"
"Local","HideFirstRunExperience","Both","Software\Policies\Microsoft\Edge","HideFirstRunExperience","Enabled/DisabledValue","","Enabled: 1; Disabled: 0","microsoft_edge","SUPPORTED_WIN7_V80","msedge.admx"
"Local","HideInternetExplorerRedirectUXForIncompatibleSitesEnabled","Both","Software\Policies\Microsoft\Edge","HideInternetExplorerRedirectUXForIncompatibleSitesEnabled","Enabled/DisabledValue","","Enabled: 1; Disabled: 0","microsoft_edge","SUPPORTED_WIN7_V87","msedge.admx"
"Local","HideRestoreDialogEnabled","Both","Software\Policies\Microsoft\Edge","HideRestoreDialogEnabled","Enabled/DisabledValue","","Enabled: 1; Disabled: 0","microsoft_edge","SUPPORTED_WIN7_V100","msedge.admx"
"Local","HttpAllowlist","Both","Software\Policies\Microsoft\Edge","HttpAllowlist","List","Software\Policies\Microsoft\Edge\HttpAllowlist","HttpAllowlistDesc","microsoft_edge","SUPPORTED_WIN7_V123","msedge.admx"
"Local","HttpsOnlyMode","Both","Software\Policies\Microsoft\Edge","HttpsOnlyMode","Dropdown","HttpsOnlyMode","HttpsOnlyMode","microsoft_edge","SUPPORTED_WIN7_V140","msedge.admx"
"Local","HttpsUpgradesEnabled","Both","Software\Policies\Microsoft\Edge","HttpsUpgradesEnabled","Enabled/DisabledValue","","Enabled: 1; Disabled: 0","microsoft_edge","SUPPORTED_WIN7_V136","msedge.admx"
"Local","HubsSidebarEnabled","Both","Software\Policies\Microsoft\Edge","HubsSidebarEnabled","Enabled/DisabledValue","","Enabled: 1; Disabled: 0","microsoft_edge","SUPPORTED_WIN7_V99","msedge.admx"
"Local","HubsSidebarEnabled_recommended","Both","Software\Policies\Microsoft\Edge\Recommended","HubsSidebarEnabled","Enabled/DisabledValue","","Enabled: 1; Disabled: 0","microsoft_edge_recommended","SUPPORTED_WIN7_V99","msedge.admx"
"Local","ImportAutofillFormData","Both","Software\Policies\Microsoft\Edge","ImportAutofillFormData","Enabled/DisabledValue","","Enabled: 1; Disabled: 0","microsoft_edge","SUPPORTED_WIN7_V77","msedge.admx"
"Local","ImportAutofillFormData_recommended","Both","Software\Policies\Microsoft\Edge\Recommended","ImportAutofillFormData","Enabled/DisabledValue","","Enabled: 1; Disabled: 0","microsoft_edge_recommended","SUPPORTED_WIN7_V77","msedge.admx"
"Local","ImportFavorites","Both","Software\Policies\Microsoft\Edge","ImportFavorites","Enabled/DisabledValue","","Enabled: 1; Disabled: 0","microsoft_edge","SUPPORTED_WIN7_V77","msedge.admx"
"Local","ImportFavorites_recommended","Both","Software\Policies\Microsoft\Edge\Recommended","ImportFavorites","Enabled/DisabledValue","","Enabled: 1; Disabled: 0","microsoft_edge_recommended","SUPPORTED_WIN7_V77","msedge.admx"
"Local","ImportBrowserSettings","Both","Software\Policies\Microsoft\Edge","ImportBrowserSettings","Enabled/DisabledValue","","Enabled: 1; Disabled: 0","microsoft_edge","SUPPORTED_WIN7_V78","msedge.admx"
"Local","ImportBrowserSettings_recommended","Both","Software\Policies\Microsoft\Edge\Recommended","ImportBrowserSettings","Enabled/DisabledValue","","Enabled: 1; Disabled: 0","microsoft_edge_recommended","SUPPORTED_WIN7_V78","msedge.admx"
"Local","ImportCookies","Both","Software\Policies\Microsoft\Edge","ImportCookies","Enabled/DisabledValue","","Enabled: 1; Disabled: 0","microsoft_edge","SUPPORTED_WIN7_V81","msedge.admx"
"Local","ImportCookies_recommended","Both","Software\Policies\Microsoft\Edge\Recommended","ImportCookies","Enabled/DisabledValue","","Enabled: 1; Disabled: 0","microsoft_edge_recommended","SUPPORTED_WIN7_V81","msedge.admx"
"Local","ImportExtensions","Both","Software\Policies\Microsoft\Edge","ImportExtensions","Enabled/DisabledValue","","Enabled: 1; Disabled: 0","microsoft_edge","SUPPORTED_WIN7_V81","msedge.admx"
"Local","ImportExtensions_recommended","Both","Software\Policies\Microsoft\Edge\Recommended","ImportExtensions","Enabled/DisabledValue","","Enabled: 1; Disabled: 0","microsoft_edge_recommended","SUPPORTED_WIN7_V81","msedge.admx"
"Local","ImportHistory","Both","Software\Policies\Microsoft\Edge","ImportHistory","Enabled/DisabledValue","","Enabled: 1; Disabled: 0","microsoft_edge","SUPPORTED_WIN7_V77","msedge.admx"
"Local","ImportHistory_recommended","Both","Software\Policies\Microsoft\Edge\Recommended","ImportHistory","Enabled/DisabledValue","","Enabled: 1; Disabled: 0","microsoft_edge_recommended","SUPPORTED_WIN7_V77","msedge.admx"
"Local","ImportHomepage","Both","Software\Policies\Microsoft\Edge","ImportHomepage","Enabled/DisabledValue","","Enabled: 1; Disabled: 0","microsoft_edge","SUPPORTED_WIN7_V77","msedge.admx"
"Local","ImportOnEachLaunch","Both","Software\Policies\Microsoft\Edge","ImportOnEachLaunch","Enabled/DisabledValue","","Enabled: 1; Disabled: 0","microsoft_edge","SUPPORTED_WIN7_V104","msedge.admx"
"Local","ImportOpenTabs","Both","Software\Policies\Microsoft\Edge","ImportOpenTabs","Enabled/DisabledValue","","Enabled: 1; Disabled: 0","microsoft_edge","SUPPORTED_WIN7_V79","msedge.admx"
"Local","ImportOpenTabs_recommended","Both","Software\Policies\Microsoft\Edge\Recommended","ImportOpenTabs","Enabled/DisabledValue","","Enabled: 1; Disabled: 0","microsoft_edge_recommended","SUPPORTED_WIN7_V79","msedge.admx"
"Local","ImportPaymentInfo","Both","Software\Policies\Microsoft\Edge","ImportPaymentInfo","Enabled/DisabledValue","","Enabled: 1; Disabled: 0","microsoft_edge","SUPPORTED_WIN7_V77","msedge.admx"
"Local","ImportPaymentInfo_recommended","Both","Software\Policies\Microsoft\Edge\Recommended","ImportPaymentInfo","Enabled/DisabledValue","","Enabled: 1; Disabled: 0","microsoft_edge_recommended","SUPPORTED_WIN7_V77","msedge.admx"
"Local","ImportSavedPasswords","Both","Software\Policies\Microsoft\Edge","ImportSavedPasswords","Enabled/DisabledValue","","Enabled: 1; Disabled: 0","microsoft_edge","SUPPORTED_WIN7_V77","msedge.admx"
"Local","ImportSavedPasswords_recommended","Both","Software\Policies\Microsoft\Edge\Recommended","ImportSavedPasswords","Enabled/DisabledValue","","Enabled: 1; Disabled: 0","microsoft_edge_recommended","SUPPORTED_WIN7_V77","msedge.admx"
"Local","ImportSearchEngine","Both","Software\Policies\Microsoft\Edge","ImportSearchEngine","Enabled/DisabledValue","","Enabled: 1; Disabled: 0","microsoft_edge","SUPPORTED_WIN7_V77","msedge.admx"
"Local","ImportSearchEngine_recommended","Both","Software\Policies\Microsoft\Edge\Recommended","ImportSearchEngine","Enabled/DisabledValue","","Enabled: 1; Disabled: 0","microsoft_edge_recommended","SUPPORTED_WIN7_V77","msedge.admx"
"Local","ImportShortcuts","Both","Software\Policies\Microsoft\Edge","ImportShortcuts","Enabled/DisabledValue","","Enabled: 1; Disabled: 0","microsoft_edge","SUPPORTED_WIN7_V81","msedge.admx"
"Local","ImportShortcuts_recommended","Both","Software\Policies\Microsoft\Edge\Recommended","ImportShortcuts","Enabled/DisabledValue","","Enabled: 1; Disabled: 0","microsoft_edge_recommended","SUPPORTED_WIN7_V81","msedge.admx"
"Local","ImportStartupPageSettings","Both","Software\Policies\Microsoft\Edge","ImportStartupPageSettings","Enabled/DisabledValue","","Enabled: 1; Disabled: 0","microsoft_edge","SUPPORTED_WIN7_V91","msedge.admx"
"Local","ImportStartupPageSettings_recommended","Both","Software\Policies\Microsoft\Edge\Recommended","ImportStartupPageSettings","Enabled/DisabledValue","","Enabled: 1; Disabled: 0","microsoft_edge_recommended","SUPPORTED_WIN7_V91","msedge.admx"
"Local","InAppSupportEnabled","Both","Software\Policies\Microsoft\Edge","InAppSupportEnabled","Enabled/DisabledValue","","Enabled: 1; Disabled: 0","microsoft_edge","SUPPORTED_WIN7_V98","msedge.admx"
"Local","InPrivateModeAvailability","Both","Software\Policies\Microsoft\Edge","InPrivateModeAvailability","Dropdown","InPrivateModeAvailability","InPrivateModeAvailability","microsoft_edge","SUPPORTED_WIN7_V77","msedge.admx"
"Local","InsecureFormsWarningsEnabled","Both","Software\Policies\Microsoft\Edge","InsecureFormsWarningsEnabled","Enabled/DisabledValue","","Enabled: 1; Disabled: 0","microsoft_edge","SUPPORTED_WIN7_V86","msedge.admx"
"Local","IntensiveWakeUpThrottlingEnabled","Both","Software\Policies\Microsoft\Edge","IntensiveWakeUpThrottlingEnabled","Enabled/DisabledValue","","Enabled: 1; Disabled: 0","microsoft_edge","SUPPORTED_WIN7_V85","msedge.admx"
"Local","InternetExplorerIntegrationAlwaysUseOSCapture","Both","Software\Policies\Microsoft\Edge","InternetExplorerIntegrationAlwaysUseOSCapture","Enabled/DisabledValue","","Enabled: 1; Disabled: 0","microsoft_edge","SUPPORTED_WIN7_V106","msedge.admx"
"Local","InternetExplorerIntegrationAlwaysWaitForUnload","Both","Software\Policies\Microsoft\Edge","InternetExplorerIntegrationAlwaysWaitForUnload","Enabled/DisabledValue","","Enabled: 1; Disabled: 0","microsoft_edge","SUPPORTED_WIN7_V105","msedge.admx"
"Local","InternetExplorerIntegrationCloudNeutralSitesReporting","Both","Software\Policies\Microsoft\Edge","InternetExplorerIntegrationCloudNeutralSitesReporting","TextBox","InternetExplorerIntegrationCloudNeutralSitesReporting","InternetExplorerIntegrationCloudNeutralSitesReporting","microsoft_edge","SUPPORTED_WIN7_V99","msedge.admx"
"Local","InternetExplorerIntegrationCloudSiteList","Both","Software\Policies\Microsoft\Edge","InternetExplorerIntegrationCloudSiteList","TextBox","InternetExplorerIntegrationCloudSiteList","InternetExplorerIntegrationCloudSiteList","microsoft_edge","SUPPORTED_WIN7_V93","msedge.admx"
"Local","InternetExplorerIntegrationCloudUserSitesReporting","Both","Software\Policies\Microsoft\Edge","InternetExplorerIntegrationCloudUserSitesReporting","TextBox","InternetExplorerIntegrationCloudUserSitesReporting","InternetExplorerIntegrationCloudUserSitesReporting","microsoft_edge","SUPPORTED_WIN7_V99","msedge.admx"
"Local","InternetExplorerIntegrationComplexNavDataTypes","Both","Software\Policies\Microsoft\Edge","InternetExplorerIntegrationComplexNavDataTypes","Dropdown","InternetExplorerIntegrationComplexNavDataTypes","InternetExplorerIntegrationComplexNavDataTypes","microsoft_edge","SUPPORTED_WIN7_V96","msedge.admx"
"Local","InternetExplorerIntegrationEnhancedHangDetection","Both","Software\Policies\Microsoft\Edge","InternetExplorerIntegrationEnhancedHangDetection","Dropdown","InternetExplorerIntegrationEnhancedHangDetection","InternetExplorerIntegrationEnhancedHangDetection","microsoft_edge","SUPPORTED_WIN7_V84","msedge.admx"
"Local","InternetExplorerIntegrationLevel","Both","Software\Policies\Microsoft\Edge","InternetExplorerIntegrationLevel","Dropdown","InternetExplorerIntegrationLevel","InternetExplorerIntegrationLevel","microsoft_edge","SUPPORTED_WIN7_V77","msedge.admx"
"Local","InternetExplorerIntegrationLocalFileAllowed","Both","Software\Policies\Microsoft\Edge","InternetExplorerIntegrationLocalFileAllowed","Enabled/DisabledValue","","Enabled: 1; Disabled: 0","microsoft_edge","SUPPORTED_WIN7_V88","msedge.admx"
"Local","InternetExplorerIntegrationLocalFileExtensionAllowList","Both","Software\Policies\Microsoft\Edge","InternetExplorerIntegrationLocalFileExtensionAllowList","List","Software\Policies\Microsoft\Edge\InternetExplorerIntegrationLocalFileExtensionAllowList","InternetExplorerIntegrationLocalFileExtensionAllowListDesc","microsoft_edge","SUPPORTED_WIN7_V88","msedge.admx"
"Local","InternetExplorerIntegrationLocalFileShowContextMenu","Both","Software\Policies\Microsoft\Edge","InternetExplorerIntegrationLocalFileShowContextMenu","Enabled/DisabledValue","","Enabled: 1; Disabled: 0","microsoft_edge","SUPPORTED_WIN7_V88","msedge.admx"
"Local","InternetExplorerIntegrationLocalMhtFileAllowed","Both","Software\Policies\Microsoft\Edge","InternetExplorerIntegrationLocalMhtFileAllowed","Enabled/DisabledValue","","Enabled: 1; Disabled: 0","microsoft_edge","SUPPORTED_WIN7_V107","msedge.admx"
"Local","InternetExplorerIntegrationLocalSiteListExpirationDays","Both","Software\Policies\Microsoft\Edge","InternetExplorerIntegrationLocalSiteListExpirationDays","Number","","InternetExplorerIntegrationLocalSiteListExpirationDays","microsoft_edge","SUPPORTED_WIN7_V92","msedge.admx"
"Local","InternetExplorerIntegrationReloadInIEModeAllowed","Both","Software\Policies\Microsoft\Edge","InternetExplorerIntegrationReloadInIEModeAllowed","Enabled/DisabledValue","","Enabled: 1; Disabled: 0","microsoft_edge","SUPPORTED_WIN7_V92","msedge.admx"
"Local","InternetExplorerIntegrationReloadInIEModeAllowed_recommended","Both","Software\Policies\Microsoft\Edge\Recommended","InternetExplorerIntegrationReloadInIEModeAllowed","Enabled/DisabledValue","","Enabled: 1; Disabled: 0","microsoft_edge_recommended","SUPPORTED_WIN7_V92","msedge.admx"
"Local","InternetExplorerIntegrationSiteList","Both","Software\Policies\Microsoft\Edge","InternetExplorerIntegrationSiteList","TextBox","InternetExplorerIntegrationSiteList","InternetExplorerIntegrationSiteList","microsoft_edge","SUPPORTED_WIN7_V78","msedge.admx"
"Local","InternetExplorerIntegrationSiteListRefreshInterval","Both","Software\Policies\Microsoft\Edge","InternetExplorerIntegrationSiteListRefreshInterval","Number","","InternetExplorerIntegrationSiteListRefreshInterval","microsoft_edge","SUPPORTED_WIN7_V93","msedge.admx"
"Local","InternetExplorerIntegrationSiteRedirect","Both","Software\Policies\Microsoft\Edge","InternetExplorerIntegrationSiteRedirect","Dropdown","InternetExplorerIntegrationSiteRedirect","InternetExplorerIntegrationSiteRedirect","microsoft_edge","SUPPORTED_WIN7_V81","msedge.admx"
"Local","InternetExplorerIntegrationTestingAllowed","Both","Software\Policies\Microsoft\Edge","InternetExplorerIntegrationTestingAllowed","Enabled/DisabledValue","","Enabled: 1; Disabled: 0","microsoft_edge","OBSOLETE_WIN7_V86_V94","msedge.admx"
"Local","InternetExplorerIntegrationWindowOpenHeightAdjustment","Both","Software\Policies\Microsoft\Edge","InternetExplorerIntegrationWindowOpenHeightAdjustment","Number","","InternetExplorerIntegrationWindowOpenHeightAdjustment","microsoft_edge","SUPPORTED_WIN7_V95","msedge.admx"
"Local","InternetExplorerIntegrationWindowOpenWidthAdjustment","Both","Software\Policies\Microsoft\Edge","InternetExplorerIntegrationWindowOpenWidthAdjustment","Number","","InternetExplorerIntegrationWindowOpenWidthAdjustment","microsoft_edge","SUPPORTED_WIN7_V95","msedge.admx"
"Local","InternetExplorerIntegrationZoneIdentifierMhtFileAllowed","Both","Software\Policies\Microsoft\Edge","InternetExplorerIntegrationZoneIdentifierMhtFileAllowed","Enabled/DisabledValue","","Enabled: 1; Disabled: 0","microsoft_edge","SUPPORTED_WIN7_V117","msedge.admx"
"Local","InternetExplorerModeClearDataOnExitEnabled","Both","Software\Policies\Microsoft\Edge","InternetExplorerModeClearDataOnExitEnabled","Enabled/DisabledValue","","Enabled: 1; Disabled: 0","microsoft_edge","SUPPORTED_WIN7_V111","msedge.admx"
"Local","InternetExplorerModeEnableSavePageAs","Both","Software\Policies\Microsoft\Edge","InternetExplorerModeEnableSavePageAs","Enabled/DisabledValue","","Enabled: 1; Disabled: 0","microsoft_edge","SUPPORTED_WIN7_V101","msedge.admx"
"Local","InternetExplorerModeTabInEdgeModeAllowed","Both","Software\Policies\Microsoft\Edge","InternetExplorerModeTabInEdgeModeAllowed","Enabled/DisabledValue","","Enabled: 1; Disabled: 0","microsoft_edge","SUPPORTED_WIN7_V97","msedge.admx"
"Local","InternetExplorerModeToolbarButtonEnabled","Both","Software\Policies\Microsoft\Edge","InternetExplorerModeToolbarButtonEnabled","Enabled/DisabledValue","","Enabled: 1; Disabled: 0","microsoft_edge","SUPPORTED_WIN7_V96","msedge.admx"
"Local","InternetExplorerModeToolbarButtonEnabled_recommended","Both","Software\Policies\Microsoft\Edge\Recommended","InternetExplorerModeToolbarButtonEnabled","Enabled/DisabledValue","","Enabled: 1; Disabled: 0","microsoft_edge_recommended","SUPPORTED_WIN7_V96","msedge.admx"
"Local","InternetExplorerSetForegroundWhenActive","Both","Software\Policies\Microsoft\Edge","InternetExplorerSetForegroundWhenActive","Enabled/DisabledValue","","Enabled: 1; Disabled: 0","microsoft_edge","SUPPORTED_WIN7_V126","msedge.admx"
"Local","InternetExplorerZoomDisplay","Both","Software\Policies\Microsoft\Edge","InternetExplorerZoomDisplay","Enabled/DisabledValue","","Enabled: 1; Disabled: 0","microsoft_edge","SUPPORTED_WIN7_V103","msedge.admx"
"Local","IntranetRedirectBehavior","Both","Software\Policies\Microsoft\Edge","IntranetRedirectBehavior","Dropdown","IntranetRedirectBehavior","IntranetRedirectBehavior","microsoft_edge","SUPPORTED_WIN7_V88","msedge.admx"
"Local","IsolateOrigins","Both","Software\Policies\Microsoft\Edge","IsolateOrigins","TextBox","IsolateOrigins","IsolateOrigins","microsoft_edge","SUPPORTED_WIN7_V77","msedge.admx"
"Local","KeyboardFocusableScrollersEnabled","Both","Software\Policies\Microsoft\Edge","KeyboardFocusableScrollersEnabled","Enabled/DisabledValue","","Enabled: 1; Disabled: 0","microsoft_edge","OBSOLETE_WIN7_V128_V138","msedge.admx"
"Local","LiveCaptionsAllowed","Both","Software\Policies\Microsoft\Edge","LiveCaptionsAllowed","Enabled/DisabledValue","","Enabled: 1; Disabled: 0","microsoft_edge","SUPPORTED_WIN7_V103","msedge.admx"
"Local","LiveVideoTranslationEnabled","Both","Software\Policies\Microsoft\Edge","LiveVideoTranslationEnabled","Enabled/DisabledValue","","Enabled: 1; Disabled: 0","microsoft_edge","SUPPORTED_WIN7_V141","msedge.admx"
"Local","LocalBrowserDataShareEnabled","Both","Software\Policies\Microsoft\Edge","LocalBrowserDataShareEnabled","Enabled/DisabledValue","","Enabled: 1; Disabled: 0","microsoft_edge","SUPPORTED_WIN7_V93","msedge.admx"
"Local","LocalBrowserDataShareEnabled_recommended","Both","Software\Policies\Microsoft\Edge\Recommended","LocalBrowserDataShareEnabled","Enabled/DisabledValue","","Enabled: 1; Disabled: 0","microsoft_edge_recommended","SUPPORTED_WIN7_V93","msedge.admx"
"Local","LocalProvidersEnabled","Both","Software\Policies\Microsoft\Edge","LocalProvidersEnabled","Enabled/DisabledValue","","Enabled: 1; Disabled: 0","microsoft_edge","SUPPORTED_WIN7_V83","msedge.admx"
"Local","LocalProvidersEnabled_recommended","Both","Software\Policies\Microsoft\Edge\Recommended","LocalProvidersEnabled","Enabled/DisabledValue","","Enabled: 1; Disabled: 0","microsoft_edge_recommended","SUPPORTED_WIN7_V83","msedge.admx"
"Local","MSAWebSiteSSOUsingThisProfileAllowed","Both","Software\Policies\Microsoft\Edge","MSAWebSiteSSOUsingThisProfileAllowed","Enabled/DisabledValue","","Enabled: 1; Disabled: 0","microsoft_edge","SUPPORTED_WIN7_V93","msedge.admx"
"Local","MSAWebSiteSSOUsingThisProfileAllowed_recommended","Both","Software\Policies\Microsoft\Edge\Recommended","MSAWebSiteSSOUsingThisProfileAllowed","Enabled/DisabledValue","","Enabled: 1; Disabled: 0","microsoft_edge_recommended","SUPPORTED_WIN7_V93","msedge.admx"
"Local","ManagedFavorites","Both","Software\Policies\Microsoft\Edge","ManagedFavorites","TextBox","ManagedFavorites","ManagedFavorites","microsoft_edge","SUPPORTED_WIN7_V77","msedge.admx"
"Local","ManagedConfigurationPerOrigin","Both","Software\Policies\Microsoft\Edge","ManagedConfigurationPerOrigin","TextBox","ManagedConfigurationPerOrigin","ManagedConfigurationPerOrigin","microsoft_edge","SUPPORTED_WIN7_V90","msedge.admx"
"Local","ManagedSearchEngines","Both","Software\Policies\Microsoft\Edge","ManagedSearchEngines","TextBox","ManagedSearchEngines","ManagedSearchEngines","microsoft_edge","SUPPORTED_WIN7_V77","msedge.admx"
"Local","ManagedSearchEngines_recommended","Both","Software\Policies\Microsoft\Edge\Recommended","ManagedSearchEngines_recommended","TextBox","ManagedSearchEngines","ManagedSearchEngines","microsoft_edge_recommended","SUPPORTED_WIN7_V77","msedge.admx"
"Local","MathSolverEnabled","Both","Software\Policies\Microsoft\Edge","MathSolverEnabled","Enabled/DisabledValue","","Enabled: 1; Disabled: 0","microsoft_edge","OBSOLETE_WIN7_V91_V125","msedge.admx"
"Local","MaxConnectionsPerProxy","Both","Software\Policies\Microsoft\Edge","MaxConnectionsPerProxy","Number","","MaxConnectionsPerProxy","microsoft_edge","SUPPORTED_WIN7_V77","msedge.admx"
"Local","MediaRouterCastAllowAllIPs","Both","Software\Policies\Microsoft\Edge","MediaRouterCastAllowAllIPs","Enabled/DisabledValue","","Enabled: 1; Disabled: 0","microsoft_edge","SUPPORTED_WIN7_V77","msedge.admx"
"Local","MetricsReportingEnabled","Both","Software\Policies\Microsoft\Edge","MetricsReportingEnabled","Enabled/DisabledValue","","Enabled: 1; Disabled: 0","microsoft_edge","OBSOLETE_WIN7_V77_V88","msedge.admx"
"Local","Microsoft365CopilotChatIconEnabled","Both","Software\Policies\Microsoft\Edge","Microsoft365CopilotChatIconEnabled","Enabled/DisabledValue","","Enabled: 1; Disabled: 0","microsoft_edge","SUPPORTED_WIN7_V139","msedge.admx"
"Local","Microsoft365CopilotChatIconEnabled_recommended","Both","Software\Policies\Microsoft\Edge\Recommended","Microsoft365CopilotChatIconEnabled","Enabled/DisabledValue","","Enabled: 1; Disabled: 0","microsoft_edge_recommended","SUPPORTED_WIN7_V139","msedge.admx"
"Local","MicrosoftEdgeInsiderPromotionEnabled","Both","Software\Policies\Microsoft\Edge","MicrosoftEdgeInsiderPromotionEnabled","Enabled/DisabledValue","","Enabled: 1; Disabled: 0","microsoft_edge","SUPPORTED_WIN7_V98","msedge.admx"
"Local","MicrosoftEditorProofingEnabled","Both","Software\Policies\Microsoft\Edge","MicrosoftEditorProofingEnabled","Enabled/DisabledValue","","Enabled: 1; Disabled: 0","microsoft_edge","SUPPORTED_WIN7_V105","msedge.admx"
"Local","MicrosoftEditorSynonymsEnabled","Both","Software\Policies\Microsoft\Edge","MicrosoftEditorSynonymsEnabled","Enabled/DisabledValue","","Enabled: 1; Disabled: 0","microsoft_edge","SUPPORTED_WIN7_V105","msedge.admx"
"Local","MicrosoftOfficeMenuEnabled","Both","Software\Policies\Microsoft\Edge","MicrosoftOfficeMenuEnabled","Enabled/DisabledValue","","Enabled: 1; Disabled: 0","microsoft_edge","SUPPORTED_WIN7_V100","msedge.admx"
"Local","MicrosoftRootStoreEnabled","Both","Software\Policies\Microsoft\Edge","MicrosoftRootStoreEnabled","Enabled/DisabledValue","","Enabled: 1; Disabled: 0","microsoft_edge","OBSOLETE_WIN7_V109_V114","msedge.admx"
"Local","MouseGestureEnabled","Both","Software\Policies\Microsoft\Edge","MouseGestureEnabled","Enabled/DisabledValue","","Enabled: 1; Disabled: 0","microsoft_edge","SUPPORTED_WIN7_V112","msedge.admx"
"Local","MutationEventsEnabled","Both","Software\Policies\Microsoft\Edge","MutationEventsEnabled","Enabled/DisabledValue","","Enabled: 1; Disabled: 0","microsoft_edge","OBSOLETE_WIN7_V124_V136","msedge.admx"
"Local","NativeHostsExecutablesLaunchDirectly","Both","Software\Policies\Microsoft\Edge","NativeHostsExecutablesLaunchDirectly","Enabled/DisabledValue","","Enabled: 1; Disabled: 0","microsoft_edge","SUPPORTED_WIN7_V121","msedge.admx"
"Local","NativeWindowOcclusionEnabled","Both","Software\Policies\Microsoft\Edge","NativeWindowOcclusionEnabled","Enabled/DisabledValue","","Enabled: 1; Disabled: 0","microsoft_edge","SUPPORTED_WIN7_V84","msedge.admx"
"Local","NavigationDelayForInitialSiteListDownloadTimeout","Both","Software\Policies\Microsoft\Edge","NavigationDelayForInitialSiteListDownloadTimeout","Number","","NavigationDelayForInitialSiteListDownloadTimeout","microsoft_edge","SUPPORTED_WIN7_V84","msedge.admx"
"Local","NetworkPredictionOptions","Both","Software\Policies\Microsoft\Edge","NetworkPredictionOptions","Dropdown","NetworkPredictionOptions","NetworkPredictionOptions","microsoft_edge","SUPPORTED_WIN7_V77","msedge.admx"
"Local","NetworkPredictionOptions_recommended","Both","Software\Policies\Microsoft\Edge\Recommended","NetworkPredictionOptions_recommended","Dropdown","NetworkPredictionOptions","NetworkPredictionOptions","microsoft_edge_recommended","SUPPORTED_WIN7_V77","msedge.admx"
"Local","NetworkServiceSandboxEnabled","Both","Software\Policies\Microsoft\Edge","NetworkServiceSandboxEnabled","Enabled/DisabledValue","","Enabled: 1; Disabled: 0","microsoft_edge","SUPPORTED_WIN7_V102","msedge.admx"
"Local","NewBaseUrlInheritanceBehaviorAllowed","Both","Software\Policies\Microsoft\Edge","NewBaseUrlInheritanceBehaviorAllowed","Enabled/DisabledValue","","Enabled: 1; Disabled: 0","microsoft_edge","OBSOLETE_WIN7_V123_V135","msedge.admx"
"Local","NewPDFReaderEnabled","Both","Software\Policies\Microsoft\Edge","NewPDFReaderEnabled","Enabled/DisabledValue","","Enabled: 1; Disabled: 0","microsoft_edge","SUPPORTED_WIN7_V111","msedge.admx"
"Local","NewPDFReaderEnabled_recommended","Both","Software\Policies\Microsoft\Edge\Recommended","NewPDFReaderEnabled","Enabled/DisabledValue","","Enabled: 1; Disabled: 0","microsoft_edge_recommended","SUPPORTED_WIN7_V111","msedge.admx"
"Local","NonRemovableProfileEnabled","Both","Software\Policies\Microsoft\Edge","NonRemovableProfileEnabled","Enabled/DisabledValue","","Enabled: 1; Disabled: 0","microsoft_edge","SUPPORTED_WIN7_V78","msedge.admx"
"Local","OnBulkDataEntryEnterpriseConnector","Both","Software\Policies\Microsoft\Edge","OnBulkDataEntryEnterpriseConnector","TextBox","OnBulkDataEntryEnterpriseConnector","OnBulkDataEntryEnterpriseConnector","microsoft_edge","SUPPORTED_WIN7_V137","msedge.admx"
"Local","OnFileAttachedEnterpriseConnector","Both","Software\Policies\Microsoft\Edge","OnFileAttachedEnterpriseConnector","TextBox","OnFileAttachedEnterpriseConnector","OnFileAttachedEnterpriseConnector","microsoft_edge","SUPPORTED_WIN7_V137","msedge.admx"
"Local","OnPrintEnterpriseConnector","Both","Software\Policies\Microsoft\Edge","OnPrintEnterpriseConnector","TextBox","OnPrintEnterpriseConnector","OnPrintEnterpriseConnector","microsoft_edge","SUPPORTED_WIN7_V137","msedge.admx"
"Local","OnSecurityEventEnterpriseConnector","Both","Software\Policies\Microsoft\Edge","OnSecurityEventEnterpriseConnector","TextBox","OnSecurityEventEnterpriseConnector","OnSecurityEventEnterpriseConnector","microsoft_edge","SUPPORTED_WIN7_V139","msedge.admx"
"Local","OrganizationLogoOverlayOnAppIconEnabled_recommended","Both","Software\Policies\Microsoft\Edge\Recommended","OrganizationLogoOverlayOnAppIconEnabled","Enabled/DisabledValue","","Enabled: 1; Disabled: 0","microsoft_edge_recommended","SUPPORTED_WIN7_V120","msedge.admx"
"Local","OrganizationalBrandingOnWorkProfileUIEnabled_recommended","Both","Software\Policies\Microsoft\Edge\Recommended","OrganizationalBrandingOnWorkProfileUIEnabled","Enabled/DisabledValue","","Enabled: 1; Disabled: 0","microsoft_edge_recommended","SUPPORTED_WIN7_V119","msedge.admx"
"Local","OriginAgentClusterDefaultEnabled","Both","Software\Policies\Microsoft\Edge","OriginAgentClusterDefaultEnabled","Enabled/DisabledValue","","Enabled: 1; Disabled: 0","microsoft_edge","SUPPORTED_WIN7_V103","msedge.admx"
"Local","OriginKeyedProcessesEnabled_recommended","Both","Software\Policies\Microsoft\Edge\Recommended","OriginKeyedProcessesEnabled","Enabled/DisabledValue","","Enabled: 1; Disabled: 0","microsoft_edge_recommended","SUPPORTED_WIN7_V141","msedge.admx"
"Local","OutlookHubMenuEnabled","Both","Software\Policies\Microsoft\Edge","OutlookHubMenuEnabled","Enabled/DisabledValue","","Enabled: 1; Disabled: 0","microsoft_edge","OBSOLETE_WIN7_V102_V105","msedge.admx"
"Local","OutlookHubMenuEnabled_recommended","Both","Software\Policies\Microsoft\Edge\Recommended","OutlookHubMenuEnabled","Enabled/DisabledValue","","Enabled: 1; Disabled: 0","microsoft_edge_recommended","OBSOLETE_WIN7_V102_V105","msedge.admx"
"Local","OverrideSecurityRestrictionsOnInsecureOrigin","Both","Software\Policies\Microsoft\Edge","OverrideSecurityRestrictionsOnInsecureOrigin","List","Software\Policies\Microsoft\Edge\OverrideSecurityRestrictionsOnInsecureOrigin","OverrideSecurityRestrictionsOnInsecureOriginDesc","microsoft_edge","SUPPORTED_WIN7_V77","msedge.admx"
"Local","PDFSecureMode","Both","Software\Policies\Microsoft\Edge","PDFSecureMode","Enabled/DisabledValue","","Enabled: 1; Disabled: 0","microsoft_edge","SUPPORTED_WIN7_V100","msedge.admx"
"Local","PDFXFAEnabled","Both","Software\Policies\Microsoft\Edge","PDFXFAEnabled","Enabled/DisabledValue","","Enabled: 1; Disabled: 0","microsoft_edge","SUPPORTED_WIN7_V104","msedge.admx"
"Local","PaymentMethodQueryEnabled","Both","Software\Policies\Microsoft\Edge","PaymentMethodQueryEnabled","Enabled/DisabledValue","","Enabled: 1; Disabled: 0","microsoft_edge","SUPPORTED_WIN7_V80","msedge.admx"
"Local","PdfViewerOutOfProcessIframeEnabled","Both","Software\Policies\Microsoft\Edge","PdfViewerOutOfProcessIframeEnabled","Enabled/DisabledValue","","Enabled: 1; Disabled: 0","microsoft_edge","SUPPORTED_WIN7_V133","msedge.admx"
"Local","PersonalizationReportingEnabled","Both","Software\Policies\Microsoft\Edge","PersonalizationReportingEnabled","Enabled/DisabledValue","","Enabled: 1; Disabled: 0","microsoft_edge","SUPPORTED_WIN7_V80","msedge.admx"
"Local","PersonalizeTopSitesInCustomizeSidebarEnabled","Both","Software\Policies\Microsoft\Edge","PersonalizeTopSitesInCustomizeSidebarEnabled","Enabled/DisabledValue","","Enabled: 1; Disabled: 0","microsoft_edge","SUPPORTED_WIN7_V132","msedge.admx"
"Local","PictureInPictureOverlayEnabled","Both","Software\Policies\Microsoft\Edge","PictureInPictureOverlayEnabled","Enabled/DisabledValue","","Enabled: 1; Disabled: 0","microsoft_edge","SUPPORTED_WIN7_V118","msedge.admx"
"Local","PinningWizardAllowed","Both","Software\Policies\Microsoft\Edge","PinningWizardAllowed","Enabled/DisabledValue","","Enabled: 1; Disabled: 0","microsoft_edge","SUPPORTED_WIN7_V80","msedge.admx"
"Local","PostQuantumKeyAgreementEnabled","Both","Software\Policies\Microsoft\Edge","PostQuantumKeyAgreementEnabled","Enabled/DisabledValue","","Enabled: 1; Disabled: 0","microsoft_edge","SUPPORTED_WIN7_V120","msedge.admx"
"Local","PrefetchWithServiceWorkerEnabled","Both","Software\Policies\Microsoft\Edge","PrefetchWithServiceWorkerEnabled","Enabled/DisabledValue","","Enabled: 1; Disabled: 0","microsoft_edge","SUPPORTED_WIN7_V138","msedge.admx"
"Local","ProactiveAuthEnabled","Both","Software\Policies\Microsoft\Edge","ProactiveAuthEnabled","Enabled/DisabledValue","","Enabled: 1; Disabled: 0","microsoft_edge","OBSOLETE_WIN7_V77_V90","msedge.admx"
"Local","PromotionalTabsEnabled","Both","Software\Policies\Microsoft\Edge","PromotionalTabsEnabled","Enabled/DisabledValue","","Enabled: 1; Disabled: 0","microsoft_edge","SUPPORTED_WIN7_V77","msedge.admx"
"Local","PromptForDownloadLocation","Both","Software\Policies\Microsoft\Edge","PromptForDownloadLocation","Enabled/DisabledValue","","Enabled: 1; Disabled: 0","microsoft_edge","SUPPORTED_WIN7_V77","msedge.admx"
"Local","PromptOnMultipleMatchingCertificates","Both","Software\Policies\Microsoft\Edge","PromptOnMultipleMatchingCertificates","Enabled/DisabledValue","","Enabled: 1; Disabled: 0","microsoft_edge","SUPPORTED_WIN7_V100","msedge.admx"
"Local","QRCodeGeneratorEnabled","Both","Software\Policies\Microsoft\Edge","QRCodeGeneratorEnabled","Enabled/DisabledValue","","Enabled: 1; Disabled: 0","microsoft_edge","SUPPORTED_WIN7_V125","msedge.admx"
"Local","QuicAllowed","Both","Software\Policies\Microsoft\Edge","QuicAllowed","Enabled/DisabledValue","","Enabled: 1; Disabled: 0","microsoft_edge","SUPPORTED_WIN7_V77","msedge.admx"
"Local","QuickSearchShowMiniMenu","Both","Software\Policies\Microsoft\Edge","QuickSearchShowMiniMenu","Enabled/DisabledValue","","Enabled: 1; Disabled: 0","microsoft_edge","SUPPORTED_WIN7_V104","msedge.admx"
"Local","QuickSearchShowMiniMenu_recommended","Both","Software\Policies\Microsoft\Edge\Recommended","QuickSearchShowMiniMenu","Enabled/DisabledValue","","Enabled: 1; Disabled: 0","microsoft_edge_recommended","SUPPORTED_WIN7_V104","msedge.admx"
"Local","QuickViewOfficeFilesEnabled","Both","Software\Policies\Microsoft\Edge","QuickViewOfficeFilesEnabled","Enabled/DisabledValue","","Enabled: 1; Disabled: 0","microsoft_edge","SUPPORTED_WIN7_V90","msedge.admx"
"Local","RSAKeyUsageForLocalAnchorsEnabled","Both","Software\Policies\Microsoft\Edge","RSAKeyUsageForLocalAnchorsEnabled","Enabled/DisabledValue","","Enabled: 1; Disabled: 0","microsoft_edge","OBSOLETE_WIN7_V123_V135","msedge.admx"
"Local","ReadAloudEnabled","Both","Software\Policies\Microsoft\Edge","ReadAloudEnabled","Enabled/DisabledValue","","Enabled: 1; Disabled: 0","microsoft_edge","SUPPORTED_WIN7_V113","msedge.admx"
"Local","RedirectSitesFromInternetExplorerPreventBHOInstall","Both","Software\Policies\Microsoft\Edge","RedirectSitesFromInternetExplorerPreventBHOInstall","Enabled/DisabledValue","","Enabled: 1; Disabled: 0","microsoft_edge","SUPPORTED_WIN7_V87","msedge.admx"
"Local","RedirectSitesFromInternetExplorerRedirectMode","Both","Software\Policies\Microsoft\Edge","RedirectSitesFromInternetExplorerRedirectMode","Dropdown","RedirectSitesFromInternetExplorerRedirectMode","RedirectSitesFromInternetExplorerRedirectMode","microsoft_edge","SUPPORTED_WIN7_V87","msedge.admx"
"Local","RedirectSitesFromInternetExplorerRedirectMode_recommended","Both","Software\Policies\Microsoft\Edge\Recommended","RedirectSitesFromInternetExplorerRedirectMode_recommended","Dropdown","RedirectSitesFromInternetExplorerRedirectMode","RedirectSitesFromInternetExplorerRedirectMode","microsoft_edge_recommended","SUPPORTED_WIN7_V87","msedge.admx"
"Local","RelatedMatchesCloudServiceEnabled","Both","Software\Policies\Microsoft\Edge","RelatedMatchesCloudServiceEnabled","Enabled/DisabledValue","","Enabled: 1; Disabled: 0","microsoft_edge","OBSOLETE_WIN7_V99_V134","msedge.admx"
"Local","RelaunchFastIfOutdated","Both","Software\Policies\Microsoft\Edge","RelaunchFastIfOutdated","Number","","RelaunchFastIfOutdated","microsoft_edge","SUPPORTED_WIN7_V141","msedge.admx"
"Local","RelaunchNotification","Both","Software\Policies\Microsoft\Edge","RelaunchNotification","Dropdown","RelaunchNotification","RelaunchNotification","microsoft_edge","SUPPORTED_WIN7_V77","msedge.admx"
"Local","RelaunchNotificationPeriod","Both","Software\Policies\Microsoft\Edge","RelaunchNotificationPeriod","Number","","RelaunchNotificationPeriod","microsoft_edge","SUPPORTED_WIN7_V77","msedge.admx"
"Local","RelaunchWindow","Both","Software\Policies\Microsoft\Edge","RelaunchWindow","TextBox","RelaunchWindow","RelaunchWindow","microsoft_edge","SUPPORTED_WIN7_V93","msedge.admx"
"Local","RemoteDebuggingAllowed","Both","Software\Policies\Microsoft\Edge","RemoteDebuggingAllowed","Enabled/DisabledValue","","Enabled: 1; Disabled: 0","microsoft_edge","SUPPORTED_WIN7_V93","msedge.admx"
"Local","RendererAppContainerEnabled","Both","Software\Policies\Microsoft\Edge","RendererAppContainerEnabled","Enabled/DisabledValue","","Enabled: 1; Disabled: 0","microsoft_edge","SUPPORTED_WIN7_V96","msedge.admx"
"Local","RendererCodeIntegrityEnabled","Both","Software\Policies\Microsoft\Edge","RendererCodeIntegrityEnabled","Enabled/DisabledValue","","Enabled: 1; Disabled: 0","microsoft_edge","SUPPORTED_WIN7_V78","msedge.admx"
"Local","RequireOnlineRevocationChecksForLocalAnchors","Both","Software\Policies\Microsoft\Edge","RequireOnlineRevocationChecksForLocalAnchors","Enabled/DisabledValue","","Enabled: 1; Disabled: 0","microsoft_edge","SUPPORTED_WIN7_V123","msedge.admx"
"Local","ResolveNavigationErrorsUseWebService","Both","Software\Policies\Microsoft\Edge","ResolveNavigationErrorsUseWebService","Enabled/DisabledValue","","Enabled: 1; Disabled: 0","microsoft_edge","SUPPORTED_WIN7_V77","msedge.admx"
"Local","ResolveNavigationErrorsUseWebService_recommended","Both","Software\Policies\Microsoft\Edge\Recommended","ResolveNavigationErrorsUseWebService","Enabled/DisabledValue","","Enabled: 1; Disabled: 0","microsoft_edge_recommended","SUPPORTED_WIN7_V77","msedge.admx"
"Local","RestorePdfView","Both","Software\Policies\Microsoft\Edge","RestorePdfView","Enabled/DisabledValue","","Enabled: 1; Disabled: 0","microsoft_edge","SUPPORTED_WIN7_V113","msedge.admx"
"Local","RestrictCoreSharingOnRenderer","Both","Software\Policies\Microsoft\Edge","RestrictCoreSharingOnRenderer","Enabled/DisabledValue","","Enabled: 1; Disabled: 0","microsoft_edge","SUPPORTED_WIN7_V140","msedge.admx"
"Local","RestrictSigninToPattern","Both","Software\Policies\Microsoft\Edge","RestrictSigninToPattern","TextBox","RestrictSigninToPattern","RestrictSigninToPattern","microsoft_edge","SUPPORTED_WIN7_V77","msedge.admx"
"Local","RoamingProfileLocation","Both","Software\Policies\Microsoft\Edge","RoamingProfileLocation","TextBox","RoamingProfileLocation","RoamingProfileLocation","microsoft_edge","SUPPORTED_WIN7_V85","msedge.admx"
"Local","RoamingProfileSupportEnabled","Both","Software\Policies\Microsoft\Edge","RoamingProfileSupportEnabled","Enabled/DisabledValue","","Enabled: 1; Disabled: 0","microsoft_edge","SUPPORTED_WIN7_V85","msedge.admx"
"Local","RunAllFlashInAllowMode","Both","Software\Policies\Microsoft\Edge","RunAllFlashInAllowMode","Enabled/DisabledValue","","Enabled: 1; Disabled: 0","microsoft_edge","OBSOLETE_WIN7_V77_V88","msedge.admx"
"Local","SSLErrorOverrideAllowed","Both","Software\Policies\Microsoft\Edge","SSLErrorOverrideAllowed","Enabled/DisabledValue","","Enabled: 1; Disabled: 0","microsoft_edge","SUPPORTED_WIN7_V77","msedge.admx"
"Local","SSLErrorOverrideAllowedForOrigins","Both","Software\Policies\Microsoft\Edge","SSLErrorOverrideAllowedForOrigins","List","Software\Policies\Microsoft\Edge\SSLErrorOverrideAllowedForOrigins","SSLErrorOverrideAllowedForOriginsDesc","microsoft_edge","SUPPORTED_WIN7_V90","msedge.admx"
"Local","SSLVersionMin","Both","Software\Policies\Microsoft\Edge","SSLVersionMin","Dropdown","SSLVersionMin","SSLVersionMin","microsoft_edge","OBSOLETE_WIN7_V77_V97","msedge.admx"
"Local","SandboxExternalProtocolBlocked","Both","Software\Policies\Microsoft\Edge","SandboxExternalProtocolBlocked","Enabled/DisabledValue","","Enabled: 1; Disabled: 0","microsoft_edge","SUPPORTED_WIN7_V99","msedge.admx"
"Local","SaveCookiesOnExit","Both","Software\Policies\Microsoft\Edge","SaveCookiesOnExit","List","Software\Policies\Microsoft\Edge\SaveCookiesOnExit","SaveCookiesOnExitDesc","microsoft_edge","SUPPORTED_WIN7_V86","msedge.admx"
"Local","SavingBrowserHistoryDisabled","Both","Software\Policies\Microsoft\Edge","SavingBrowserHistoryDisabled","Enabled/DisabledValue","","Enabled: 1; Disabled: 0","microsoft_edge","SUPPORTED_WIN7_V77","msedge.admx"
"Local","ScreenCaptureAllowed","Both","Software\Policies\Microsoft\Edge","ScreenCaptureAllowed","Enabled/DisabledValue","","Enabled: 1; Disabled: 0","microsoft_edge","SUPPORTED_WIN7_V83","msedge.admx"
"Local","ScreenCaptureWithoutGestureAllowedForOrigins","Both","Software\Policies\Microsoft\Edge","ScreenCaptureWithoutGestureAllowedForOrigins","List","Software\Policies\Microsoft\Edge\ScreenCaptureWithoutGestureAllowedForOrigins","ScreenCaptureWithoutGestureAllowedForOriginsDesc","microsoft_edge","SUPPORTED_WIN7_V123","msedge.admx"
"Local","ScrollToTextFragmentEnabled","Both","Software\Policies\Microsoft\Edge","ScrollToTextFragmentEnabled","Enabled/DisabledValue","","Enabled: 1; Disabled: 0","microsoft_edge","SUPPORTED_WIN7_V83","msedge.admx"
"Local","SearchFiltersEnabled","Both","Software\Policies\Microsoft\Edge","SearchFiltersEnabled","Enabled/DisabledValue","","Enabled: 1; Disabled: 0","microsoft_edge","SUPPORTED_WIN7_V109","msedge.admx"
"Local","SearchFiltersEnabled_recommended","Both","Software\Policies\Microsoft\Edge\Recommended","SearchFiltersEnabled","Enabled/DisabledValue","","Enabled: 1; Disabled: 0","microsoft_edge_recommended","SUPPORTED_WIN7_V109","msedge.admx"
"Local","SearchForImageEnabled","Both","Software\Policies\Microsoft\Edge","SearchForImageEnabled","Enabled/DisabledValue","","Enabled: 1; Disabled: 0","microsoft_edge","SUPPORTED_WIN7_V115","msedge.admx"
"Local","SearchInSidebarEnabled","Both","Software\Policies\Microsoft\Edge","SearchInSidebarEnabled","Dropdown","SearchInSidebarEnabled","SearchInSidebarEnabled","microsoft_edge","SUPPORTED_WIN7_V110","msedge.admx"
"Local","SearchSuggestEnabled","Both","Software\Policies\Microsoft\Edge","SearchSuggestEnabled","Enabled/DisabledValue","","Enabled: 1; Disabled: 0","microsoft_edge","SUPPORTED_WIN7_V77","msedge.admx"
"Local","SearchSuggestEnabled_recommended","Both","Software\Policies\Microsoft\Edge\Recommended","SearchSuggestEnabled","Enabled/DisabledValue","","Enabled: 1; Disabled: 0","microsoft_edge_recommended","SUPPORTED_WIN7_V77","msedge.admx"
"Local","SearchbarAllowed","Both","Software\Policies\Microsoft\Edge","SearchbarAllowed","Enabled/DisabledValue","","Enabled: 1; Disabled: 0","microsoft_edge","SUPPORTED_WIN7_V117","msedge.admx"
"Local","SearchbarIsEnabledOnStartup","Both","Software\Policies\Microsoft\Edge","SearchbarIsEnabledOnStartup","Enabled/DisabledValue","","Enabled: 1; Disabled: 0","microsoft_edge","SUPPORTED_WIN7_V117","msedge.admx"
"Local","SecurityKeyPermitAttestation","Both","Software\Policies\Microsoft\Edge","SecurityKeyPermitAttestation","List","Software\Policies\Microsoft\Edge\SecurityKeyPermitAttestation","SecurityKeyPermitAttestationDesc","microsoft_edge","SUPPORTED_WIN7_V77","msedge.admx"
"Local","SelectParserRelaxationEnabled","Both","Software\Policies\Microsoft\Edge","SelectParserRelaxationEnabled","Enabled/DisabledValue","","Enabled: 1; Disabled: 0","microsoft_edge","OBSOLETE_WIN7_V132_V138","msedge.admx"
"Local","SendIntranetToInternetExplorer","Both","Software\Policies\Microsoft\Edge","SendIntranetToInternetExplorer","Enabled/DisabledValue","","Enabled: 1; Disabled: 0","microsoft_edge","SUPPORTED_WIN7_V77","msedge.admx"
"Local","SendMouseEventsDisabledFormControlsEnabled","Both","Software\Policies\Microsoft\Edge","SendMouseEventsDisabledFormControlsEnabled","Enabled/DisabledValue","","Enabled: 1; Disabled: 0","microsoft_edge","OBSOLETE_WIN7_V109_V120","msedge.admx"
"Local","SendSiteInfoToImproveServices","Both","Software\Policies\Microsoft\Edge","SendSiteInfoToImproveServices","Enabled/DisabledValue","","Enabled: 1; Disabled: 0","microsoft_edge","OBSOLETE_WIN7_V77_V88","msedge.admx"
"Local","SensorsAllowedForUrls","Both","Software\Policies\Microsoft\Edge","SensorsAllowedForUrls","List","Software\Policies\Microsoft\Edge\SensorsAllowedForUrls","SensorsAllowedForUrlsDesc","microsoft_edge","SUPPORTED_WIN7_V86","msedge.admx"
"Local","SensorsBlockedForUrls","Both","Software\Policies\Microsoft\Edge","SensorsBlockedForUrls","List","Software\Policies\Microsoft\Edge\SensorsBlockedForUrls","SensorsBlockedForUrlsDesc","microsoft_edge","SUPPORTED_WIN7_V86","msedge.admx"
"Local","SerialAskForUrls","Both","Software\Policies\Microsoft\Edge","SerialAskForUrls","List","Software\Policies\Microsoft\Edge\SerialAskForUrls","SerialAskForUrlsDesc","microsoft_edge","SUPPORTED_WIN7_V86","msedge.admx"
"Local","SerialBlockedForUrls","Both","Software\Policies\Microsoft\Edge","SerialBlockedForUrls","List","Software\Policies\Microsoft\Edge\SerialBlockedForUrls","SerialBlockedForUrlsDesc","microsoft_edge","SUPPORTED_WIN7_V86","msedge.admx"
"Local","ServiceWorkerAutoPreloadEnabled","Both","Software\Policies\Microsoft\Edge","ServiceWorkerAutoPreloadEnabled","Enabled/DisabledValue","","Enabled: 1; Disabled: 0","microsoft_edge","SUPPORTED_WIN7_V140","msedge.admx"
"Local","ServiceWorkerToControlSrcdocIframeEnabled","Both","Software\Policies\Microsoft\Edge","ServiceWorkerToControlSrcdocIframeEnabled","Enabled/DisabledValue","","Enabled: 1; Disabled: 0","microsoft_edge","SUPPORTED_WIN7_V134","msedge.admx"
"Local","SetTimeoutWithout1MsClampEnabled","Both","Software\Policies\Microsoft\Edge","SetTimeoutWithout1MsClampEnabled","Enabled/DisabledValue","","Enabled: 1; Disabled: 0","microsoft_edge","OBSOLETE_WIN7_V101_V109","msedge.admx"
"Local","ShadowStackCrashRollbackBehavior","Both","Software\Policies\Microsoft\Edge","ShadowStackCrashRollbackBehavior","Dropdown","ShadowStackCrashRollbackBehavior","ShadowStackCrashRollbackBehavior","microsoft_edge","OBSOLETE_WIN7_V95_V109","msedge.admx"
"Local","SharedArrayBufferUnrestrictedAccessAllowed","Both","Software\Policies\Microsoft\Edge","SharedArrayBufferUnrestrictedAccessAllowed","Enabled/DisabledValue","","Enabled: 1; Disabled: 0","microsoft_edge","SUPPORTED_WIN7_V92","msedge.admx"
"Local","SharedLinksEnabled","Both","Software\Policies\Microsoft\Edge","SharedLinksEnabled","Enabled/DisabledValue","","Enabled: 1; Disabled: 0","microsoft_edge","SUPPORTED_WIN7_V96","msedge.admx"
"Local","SharedWorkerBlobURLFixEnabled","Both","Software\Policies\Microsoft\Edge","SharedWorkerBlobURLFixEnabled","Enabled/DisabledValue","","Enabled: 1; Disabled: 0","microsoft_edge","SUPPORTED_WIN7_V134","msedge.admx"
"Local","ShowAcrobatSubscriptionButton","Both","Software\Policies\Microsoft\Edge","ShowAcrobatSubscriptionButton","Enabled/DisabledValue","","Enabled: 1; Disabled: 0","microsoft_edge","SUPPORTED_WIN7_V111","msedge.admx"
"Local","ShowDownloadsToolbarButton","Both","Software\Policies\Microsoft\Edge","ShowDownloadsToolbarButton","Enabled/DisabledValue","","Enabled: 1; Disabled: 0","microsoft_edge","SUPPORTED_WIN7_V114","msedge.admx"
"Local","ShowHistoryThumbnails","Both","Software\Policies\Microsoft\Edge","ShowHistoryThumbnails","Enabled/DisabledValue","","Enabled: 1; Disabled: 0","microsoft_edge","SUPPORTED_WIN7_V117","msedge.admx"
"Local","ShowMicrosoftRewards","Both","Software\Policies\Microsoft\Edge","ShowMicrosoftRewards","Enabled/DisabledValue","","Enabled: 1; Disabled: 0","microsoft_edge","SUPPORTED_WIN7_V88","msedge.admx"
"Local","ShowMicrosoftRewards_recommended","Both","Software\Policies\Microsoft\Edge\Recommended","ShowMicrosoftRewards","Enabled/DisabledValue","","Enabled: 1; Disabled: 0","microsoft_edge_recommended","SUPPORTED_WIN7_V88","msedge.admx"
"Local","ShowOfficeShortcutInFavoritesBar","Both","Software\Policies\Microsoft\Edge","ShowOfficeShortcutInFavoritesBar","Enabled/DisabledValue","","Enabled: 1; Disabled: 0","microsoft_edge","SUPPORTED_WIN7_V77","msedge.admx"
"Local","ShowRecommendationsEnabled","Both","Software\Policies\Microsoft\Edge","ShowRecommendationsEnabled","Enabled/DisabledValue","","Enabled: 1; Disabled: 0","microsoft_edge","SUPPORTED_WIN7_V89","msedge.admx"
"Local","ShowTabPreviewEnabled","Both","Software\Policies\Microsoft\Edge","ShowTabPreviewEnabled","Enabled/DisabledValue","","Enabled: 1; Disabled: 0","microsoft_edge","SUPPORTED_WIN7_V141","msedge.admx"
"Local","ShowTabPreviewEnabled_recommended","Both","Software\Policies\Microsoft\Edge\Recommended","ShowTabPreviewEnabled","Enabled/DisabledValue","","Enabled: 1; Disabled: 0","microsoft_edge_recommended","SUPPORTED_WIN7_V141","msedge.admx"
"Local","SignedHTTPExchangeEnabled","Both","Software\Policies\Microsoft\Edge","SignedHTTPExchangeEnabled","Enabled/DisabledValue","","Enabled: 1; Disabled: 0","microsoft_edge","SUPPORTED_WIN7_V78","msedge.admx"
"Local","SitePerProcess","Both","Software\Policies\Microsoft\Edge","SitePerProcess","Enabled/DisabledValue","","Enabled: 1; Disabled: 0","microsoft_edge","SUPPORTED_WIN7_V77","msedge.admx"
"Local","SiteSafetyServicesEnabled","Both","Software\Policies\Microsoft\Edge","SiteSafetyServicesEnabled","Enabled/DisabledValue","","Enabled: 1; Disabled: 0","microsoft_edge","OBSOLETE_WIN7_V101_V127","msedge.admx"
"Local","SiteSafetyServicesEnabled_recommended","Both","Software\Policies\Microsoft\Edge\Recommended","SiteSafetyServicesEnabled","Enabled/DisabledValue","","Enabled: 1; Disabled: 0","microsoft_edge_recommended","OBSOLETE_WIN7_V101_V127","msedge.admx"
"Local","SmartActionsBlockList","Both","Software\Policies\Microsoft\Edge","SmartActionsBlockList","List","Software\Policies\Microsoft\Edge\SmartActionsBlockList","SmartActionsBlockListDesc","microsoft_edge","SUPPORTED_WIN7_V89","msedge.admx"
"Local","SmartActionsBlockList_recommended","Both","Software\Policies\Microsoft\Edge\Recommended","SmartActionsBlockList_recommended","List","Software\Policies\Microsoft\Edge\Recommended\SmartActionsBlockList","SmartActionsBlockListDesc","microsoft_edge_recommended","SUPPORTED_WIN7_V89","msedge.admx"
"Local","SpeechRecognitionEnabled","Both","Software\Policies\Microsoft\Edge","SpeechRecognitionEnabled","Enabled/DisabledValue","","Enabled: 1; Disabled: 0","microsoft_edge","SUPPORTED_WIN7_V87","msedge.admx"
"Local","SpellcheckEnabled","Both","Software\Policies\Microsoft\Edge","SpellcheckEnabled","Enabled/DisabledValue","","Enabled: 1; Disabled: 0","microsoft_edge","SUPPORTED_WIN7_V77","msedge.admx"
"Local","SpellcheckLanguage","Both","Software\Policies\Microsoft\Edge","SpellcheckLanguage","List","Software\Policies\Microsoft\Edge\SpellcheckLanguage","SpellcheckLanguageDesc","microsoft_edge","SUPPORTED_WIN7_V77","msedge.admx"
"Local","SpellcheckLanguageBlocklist","Both","Software\Policies\Microsoft\Edge","SpellcheckLanguageBlocklist","List","Software\Policies\Microsoft\Edge\SpellcheckLanguageBlocklist","SpellcheckLanguageBlocklistDesc","microsoft_edge","SUPPORTED_WIN7_V78","msedge.admx"
"Local","SplitScreenEnabled","Both","Software\Policies\Microsoft\Edge","SplitScreenEnabled","Enabled/DisabledValue","","Enabled: 1; Disabled: 0","microsoft_edge","SUPPORTED_WIN7_V117","msedge.admx"
"Local","StandaloneHubsSidebarEnabled","Both","Software\Policies\Microsoft\Edge","StandaloneHubsSidebarEnabled","Enabled/DisabledValue","","Enabled: 1; Disabled: 0","microsoft_edge","SUPPORTED_WIN7_V114","msedge.admx"
"Local","StricterMixedContentTreatmentEnabled","Both","Software\Policies\Microsoft\Edge","StricterMixedContentTreatmentEnabled","Enabled/DisabledValue","","Enabled: 1; Disabled: 0","microsoft_edge","OBSOLETE_WIN7_V81_V84","msedge.admx"
"Local","SuperDragDropEnabled","Both","Software\Policies\Microsoft\Edge","SuperDragDropEnabled","Enabled/DisabledValue","","Enabled: 1; Disabled: 0","microsoft_edge","SUPPORTED_WIN7_V122","msedge.admx"
"Local","SuppressUnsupportedOSWarning","Both","Software\Policies\Microsoft\Edge","SuppressUnsupportedOSWarning","Enabled/DisabledValue","","Enabled: 1; Disabled: 0","microsoft_edge","SUPPORTED_WIN7_V77","msedge.admx"
"Local","SyncDisabled","Both","Software\Policies\Microsoft\Edge","SyncDisabled","Enabled/DisabledValue","","Enabled: 1; Disabled: 0","microsoft_edge","SUPPORTED_WIN7_V77","msedge.admx"
"Local","SyncDisabled_recommended","Both","Software\Policies\Microsoft\Edge\Recommended","SyncDisabled","Enabled/DisabledValue","","Enabled: 1; Disabled: 0","microsoft_edge_recommended","SUPPORTED_WIN7_V77","msedge.admx"
"Local","SyncTypesListDisabled","Both","Software\Policies\Microsoft\Edge","SyncTypesListDisabled","List","Software\Policies\Microsoft\Edge\SyncTypesListDisabled","SyncTypesListDisabledDesc","microsoft_edge","SUPPORTED_WIN7_V83","msedge.admx"
"Local","TLS13EarlyDataEnabled","Both","Software\Policies\Microsoft\Edge","TLS13EarlyDataEnabled","Enabled/DisabledValue","","Enabled: 1; Disabled: 0","microsoft_edge","SUPPORTED_WIN7_V138","msedge.admx"
"Local","TLS13HardeningForLocalAnchorsEnabled","Both","Software\Policies\Microsoft\Edge","TLS13HardeningForLocalAnchorsEnabled","Enabled/DisabledValue","","Enabled: 1; Disabled: 0","microsoft_edge","OBSOLETE_WIN7_V81_V85","msedge.admx"
"Local","TLSCipherSuiteDenyList","Both","Software\Policies\Microsoft\Edge","TLSCipherSuiteDenyList","List","Software\Policies\Microsoft\Edge\TLSCipherSuiteDenyList","TLSCipherSuiteDenyListDesc","microsoft_edge","SUPPORTED_WIN7_V85","msedge.admx"
"Local","TabFreezingEnabled","Both","Software\Policies\Microsoft\Edge","TabFreezingEnabled","Enabled/DisabledValue","","Enabled: 1; Disabled: 0","microsoft_edge","OBSOLETE_WIN7_V79_V86","msedge.admx"
"Local","TabServicesEnabled","Both","Software\Policies\Microsoft\Edge","TabServicesEnabled","Enabled/DisabledValue","","Enabled: 1; Disabled: 0","microsoft_edge","SUPPORTED_WIN7_V113","msedge.admx"
"Local","TargetBlankImpliesNoOpener","Both","Software\Policies\Microsoft\Edge","TargetBlankImpliesNoOpener","Enabled/DisabledValue","","Enabled: 1; Disabled: 0","microsoft_edge","OBSOLETE_WIN7_V88_V102","msedge.admx"
"Local","TaskManagerEndProcessEnabled","Both","Software\Policies\Microsoft\Edge","TaskManagerEndProcessEnabled","Enabled/DisabledValue","","Enabled: 1; Disabled: 0","microsoft_edge","SUPPORTED_WIN7_V77","msedge.admx"
"Local","TextPredictionEnabled","Both","Software\Policies\Microsoft\Edge","TextPredictionEnabled","Enabled/DisabledValue","","Enabled: 1; Disabled: 0","microsoft_edge","SUPPORTED_WIN7_V104","msedge.admx"
"Local","ThrottleNonVisibleCrossOriginIframesAllowed","Both","Software\Policies\Microsoft\Edge","ThrottleNonVisibleCrossOriginIframesAllowed","Enabled/DisabledValue","","Enabled: 1; Disabled: 0","microsoft_edge","OBSOLETE_WIN7_V116_V123","msedge.admx"
"Local","TotalMemoryLimitMb","Both","Software\Policies\Microsoft\Edge","TotalMemoryLimitMb","Number","","TotalMemoryLimitMb","microsoft_edge","SUPPORTED_WIN7_V80","msedge.admx"
"Local","TrackingPrevention","Both","Software\Policies\Microsoft\Edge","TrackingPrevention","Dropdown","TrackingPrevention","TrackingPrevention","microsoft_edge","SUPPORTED_WIN7_V78","msedge.admx"
"Local","TranslateEnabled","Both","Software\Policies\Microsoft\Edge","TranslateEnabled","Enabled/DisabledValue","","Enabled: 1; Disabled: 0","microsoft_edge","SUPPORTED_WIN7_V77","msedge.admx"
"Local","TranslateEnabled_recommended","Both","Software\Policies\Microsoft\Edge\Recommended","TranslateEnabled","Enabled/DisabledValue","","Enabled: 1; Disabled: 0","microsoft_edge_recommended","SUPPORTED_WIN7_V77","msedge.admx"
"Local","TravelAssistanceEnabled","Both","Software\Policies\Microsoft\Edge","TravelAssistanceEnabled","Enabled/DisabledValue","","Enabled: 1; Disabled: 0","microsoft_edge","OBSOLETE_WIN7_V93_V105","msedge.admx"
"Local","TravelAssistanceEnabled_recommended","Both","Software\Policies\Microsoft\Edge\Recommended","TravelAssistanceEnabled","Enabled/DisabledValue","","Enabled: 1; Disabled: 0","microsoft_edge_recommended","OBSOLETE_WIN7_V93_V105","msedge.admx"
"Local","TripleDESEnabled","Both","Software\Policies\Microsoft\Edge","TripleDESEnabled","Enabled/DisabledValue","","Enabled: 1; Disabled: 0","microsoft_edge","OBSOLETE_WIN7_V93_V96","msedge.admx"
"Local","U2fSecurityKeyApiEnabled","Both","Software\Policies\Microsoft\Edge","U2fSecurityKeyApiEnabled","Enabled/DisabledValue","","Enabled: 1; Disabled: 0","microsoft_edge","OBSOLETE_WIN7_V98_V103","msedge.admx"
"Local","URLAllowlist","Both","Software\Policies\Microsoft\Edge","URLAllowlist","List","Software\Policies\Microsoft\Edge\URLAllowlist","URLAllowlistDesc","microsoft_edge","SUPPORTED_WIN7_V77","msedge.admx"
"Local","URLBlocklist","Both","Software\Policies\Microsoft\Edge","URLBlocklist","List","Software\Policies\Microsoft\Edge\URLBlocklist","URLBlocklistDesc","microsoft_edge","SUPPORTED_WIN7_V77","msedge.admx"
"Local","UnthrottledNestedTimeoutEnabled","Both","Software\Policies\Microsoft\Edge","UnthrottledNestedTimeoutEnabled","Enabled/DisabledValue","","Enabled: 1; Disabled: 0","microsoft_edge","SUPPORTED_WIN7_V105","msedge.admx"
"Local","UploadFromPhoneEnabled","Both","Software\Policies\Microsoft\Edge","UploadFromPhoneEnabled","Enabled/DisabledValue","","Enabled: 1; Disabled: 0","microsoft_edge","SUPPORTED_WIN7_V117","msedge.admx"
"Local","UrlDiagnosticDataEnabled","Both","Software\Policies\Microsoft\Edge","UrlDiagnosticDataEnabled","Enabled/DisabledValue","","Enabled: 1; Disabled: 0","microsoft_edge","SUPPORTED_WIN7_V122","msedge.admx"
"Local","UserAgentClientHintsEnabled","Both","Software\Policies\Microsoft\Edge","UserAgentClientHintsEnabled","Enabled/DisabledValue","","Enabled: 1; Disabled: 0","microsoft_edge","OBSOLETE_WIN7_V86_V93","msedge.admx"
"Local","UserAgentClientHintsGREASEUpdateEnabled","Both","Software\Policies\Microsoft\Edge","UserAgentClientHintsGREASEUpdateEnabled","Enabled/DisabledValue","","Enabled: 1; Disabled: 0","microsoft_edge","OBSOLETE_WIN7_V102_V133","msedge.admx"
"Local","UserAgentReduction","Both","Software\Policies\Microsoft\Edge","UserAgentReduction","Dropdown","UserAgentReduction","UserAgentReduction","microsoft_edge","SUPPORTED_WIN7_V99","msedge.admx"
"Local","UserDataDir","Both","Software\Policies\Microsoft\Edge","UserDataDir","TextBox","UserDataDir","UserDataDir","microsoft_edge","SUPPORTED_WIN7_V77","msedge.admx"
"Local","UserDataSnapshotRetentionLimit","Both","Software\Policies\Microsoft\Edge","UserDataSnapshotRetentionLimit","Number","","UserDataSnapshotRetentionLimit","microsoft_edge","SUPPORTED_WIN7_V86","msedge.admx"
"Local","UserFeedbackAllowed","Both","Software\Policies\Microsoft\Edge","UserFeedbackAllowed","Enabled/DisabledValue","","Enabled: 1; Disabled: 0","microsoft_edge","SUPPORTED_WIN7_V77","msedge.admx"
"Local","VerticalTabsAllowed","Both","Software\Policies\Microsoft\Edge","VerticalTabsAllowed","Enabled/DisabledValue","","Enabled: 1; Disabled: 0","microsoft_edge","SUPPORTED_WIN7_V88","msedge.admx"
"Local","VideoCaptureAllowed","Both","Software\Policies\Microsoft\Edge","VideoCaptureAllowed","Enabled/DisabledValue","","Enabled: 1; Disabled: 0","microsoft_edge","SUPPORTED_WIN7_V77","msedge.admx"
"Local","VideoCaptureAllowedUrls","Both","Software\Policies\Microsoft\Edge","VideoCaptureAllowedUrls","List","Software\Policies\Microsoft\Edge\VideoCaptureAllowedUrls","VideoCaptureAllowedUrlsDesc","microsoft_edge","SUPPORTED_WIN7_V77","msedge.admx"
"Local","VisualSearchEnabled","Both","Software\Policies\Microsoft\Edge","VisualSearchEnabled","Enabled/DisabledValue","","Enabled: 1; Disabled: 0","microsoft_edge","SUPPORTED_WIN7_V95","msedge.admx"
"Local","VisualSearchEnabled_recommended","Both","Software\Policies\Microsoft\Edge\Recommended","VisualSearchEnabled","Enabled/DisabledValue","","Enabled: 1; Disabled: 0","microsoft_edge_recommended","SUPPORTED_WIN7_V95","msedge.admx"
"Local","WPADQuickCheckEnabled","Both","Software\Policies\Microsoft\Edge","WPADQuickCheckEnabled","Enabled/DisabledValue","","Enabled: 1; Disabled: 0","microsoft_edge","SUPPORTED_WIN7_V77","msedge.admx"
"Local","WalletDonationEnabled","Both","Software\Policies\Microsoft\Edge","WalletDonationEnabled","Enabled/DisabledValue","","Enabled: 1; Disabled: 0","microsoft_edge","SUPPORTED_WIN7_V115","msedge.admx"
"Local","WalletDonationEnabled_recommended","Both","Software\Policies\Microsoft\Edge\Recommended","WalletDonationEnabled","Enabled/DisabledValue","","Enabled: 1; Disabled: 0","microsoft_edge_recommended","SUPPORTED_WIN7_V115","msedge.admx"
"Local","WebAppInstallForceList","Both","Software\Policies\Microsoft\Edge","WebAppInstallForceList","TextBox","WebAppInstallForceList","WebAppInstallForceList","microsoft_edge","SUPPORTED_WIN7_V80","msedge.admx"
"Local","WebAppSettings","Both","Software\Policies\Microsoft\Edge","WebAppSettings","TextBox","WebAppSettings","WebAppSettings","microsoft_edge","SUPPORTED_WIN7_V120","msedge.admx"
"Local","WebAudioOutputBufferingEnabled","Both","Software\Policies\Microsoft\Edge","WebAudioOutputBufferingEnabled","Enabled/DisabledValue","","Enabled: 1; Disabled: 0","microsoft_edge","SUPPORTED_WIN7_V134","msedge.admx"
"Local","WebAuthenticationRemoteDesktopAllowedOrigins","Both","Software\Policies\Microsoft\Edge","WebAuthenticationRemoteDesktopAllowedOrigins","List","Software\Policies\Microsoft\Edge\WebAuthenticationRemoteDesktopAllowedOrigins","WebAuthenticationRemoteDesktopAllowedOriginsDesc","microsoft_edge","SUPPORTED_WIN7_V137","msedge.admx"
"Local","WebCaptureEnabled","Both","Software\Policies\Microsoft\Edge","WebCaptureEnabled","Enabled/DisabledValue","","Enabled: 1; Disabled: 0","microsoft_edge","SUPPORTED_WIN7_V87","msedge.admx"
"Local","WebComponentsV0Enabled","Both","Software\Policies\Microsoft\Edge","WebComponentsV0Enabled","Enabled/DisabledValue","","Enabled: 1; Disabled: 0","microsoft_edge","OBSOLETE_WIN7_V80_V84","msedge.admx"
"Local","WebContentFilteringBlockedCategories","Both","Software\Policies\Microsoft\Edge","WebContentFilteringBlockedCategories","List","Software\Policies\Microsoft\Edge\WebContentFilteringBlockedCategories","WebContentFilteringBlockedCategoriesDesc","microsoft_edge","SUPPORTED_WIN7_V135","msedge.admx"
"Local","WebDriverOverridesIncompatiblePolicies","Both","Software\Policies\Microsoft\Edge","WebDriverOverridesIncompatiblePolicies","Enabled/DisabledValue","","Enabled: 1; Disabled: 0","microsoft_edge","OBSOLETE_WIN7_V77_V84","msedge.admx"
"Local","WebRtcAllowLegacyTLSProtocols","Both","Software\Policies\Microsoft\Edge","WebRtcAllowLegacyTLSProtocols","Enabled/DisabledValue","","Enabled: 1; Disabled: 0","microsoft_edge","OBSOLETE_WIN7_V88_V120","msedge.admx"
"Local","WebRtcLocalIpsAllowedUrls","Both","Software\Policies\Microsoft\Edge","WebRtcLocalIpsAllowedUrls","List","Software\Policies\Microsoft\Edge\WebRtcLocalIpsAllowedUrls","WebRtcLocalIpsAllowedUrlsDesc","microsoft_edge","SUPPORTED_WIN7_V80","msedge.admx"
"Local","WebRtcRespectOsRoutingTableEnabled","Both","Software\Policies\Microsoft\Edge","WebRtcRespectOsRoutingTableEnabled","Enabled/DisabledValue","","Enabled: 1; Disabled: 0","microsoft_edge","SUPPORTED_WIN7_V94","msedge.admx"
"Local","WebRtcUdpPortRange","Both","Software\Policies\Microsoft\Edge","WebRtcUdpPortRange","TextBox","WebRtcUdpPortRange","WebRtcUdpPortRange","microsoft_edge","SUPPORTED_WIN7_V77","msedge.admx"
"Local","WebSQLAccess","Both","Software\Policies\Microsoft\Edge","WebSQLAccess","Enabled/DisabledValue","","Enabled: 1; Disabled: 0","microsoft_edge","OBSOLETE_WIN7_V107_V123","msedge.admx"
"Local","WebSQLInThirdPartyContextEnabled","Both","Software\Policies\Microsoft\Edge","WebSQLInThirdPartyContextEnabled","Enabled/DisabledValue","","Enabled: 1; Disabled: 0","microsoft_edge","OBSOLETE_WIN7_V97_V100","msedge.admx"
"Local","WebSQLNonSecureContextEnabled","Both","Software\Policies\Microsoft\Edge","WebSQLNonSecureContextEnabled","Enabled/DisabledValue","","Enabled: 1; Disabled: 0","microsoft_edge","OBSOLETE_WIN7_V107_V112","msedge.admx"
"Local","WebSelectEnabled","Both","Software\Policies\Microsoft\Edge","WebSelectEnabled","Enabled/DisabledValue","","Enabled: 1; Disabled: 0","microsoft_edge","OBSOLETE_WIN7_V107_V116","msedge.admx"
"Local","WebWidgetAllowed","Both","Software\Policies\Microsoft\Edge","WebWidgetAllowed","Enabled/DisabledValue","","Enabled: 1; Disabled: 0","microsoft_edge","SUPPORTED_WIN7_V88","msedge.admx"
"Local","WebWidgetIsEnabledOnStartup","Both","Software\Policies\Microsoft\Edge","WebWidgetIsEnabledOnStartup","Enabled/DisabledValue","","Enabled: 1; Disabled: 0","microsoft_edge","OBSOLETE_WIN7_V88_V119","msedge.admx"
"Local","WinHttpProxyResolverEnabled","Both","Software\Policies\Microsoft\Edge","WinHttpProxyResolverEnabled","Enabled/DisabledValue","","Enabled: 1; Disabled: 0","microsoft_edge","SUPPORTED_WIN7_V84","msedge.admx"
"Local","WindowOcclusionEnabled","Both","Software\Policies\Microsoft\Edge","WindowOcclusionEnabled","Enabled/DisabledValue","","Enabled: 1; Disabled: 0","microsoft_edge","SUPPORTED_WIN7_V89","msedge.admx"
"Local","Pol_AutoUpdateCheckPeriod","Machine","Software\Policies\Microsoft\EdgeUpdate","Pol_AutoUpdateCheckPeriod","Number","","AutoUpdateCheckPeriodMinutes","Cat_Preferences","Sup_GoogleUpdate1_2_145_5","msedgeupdate.admx"
"Local","Pol_UpdateCheckSuppressedPeriod","Machine","Software\Policies\Microsoft\EdgeUpdate","Pol_UpdateCheckSuppressedPeriod","Number","","UpdatesSuppressedStartHour","Cat_Preferences","Sup_GoogleUpdate1_3_33_5","msedgeupdate.admx"
"Local","Pol_UpdateCheckSuppressedPeriod","Machine","Software\Policies\Microsoft\EdgeUpdate","Pol_UpdateCheckSuppressedPeriod","Number","","UpdatesSuppressedStartMin","Cat_Preferences","Sup_GoogleUpdate1_3_33_5","msedgeupdate.admx"
"Local","Pol_UpdateCheckSuppressedPeriod","Machine","Software\Policies\Microsoft\EdgeUpdate","Pol_UpdateCheckSuppressedPeriod","Number","","UpdatesSuppressedDurationMin","Cat_Preferences","Sup_GoogleUpdate1_3_33_5","msedgeupdate.admx"
"Local","Pol_ProxyMode","Machine","Software\Policies\Microsoft\EdgeUpdate","Pol_ProxyMode","Dropdown","Part_ProxyMode","ProxyMode","Cat_ProxyServer","Sup_GoogleUpdate1_3_21_81","msedgeupdate.admx"
"Local","Pol_ProxyServer","Machine","Software\Policies\Microsoft\EdgeUpdate","Pol_ProxyServer","TextBox","Part_ProxyServer","ProxyServer","Cat_ProxyServer","Sup_GoogleUpdate1_3_21_81","msedgeupdate.admx"
"Local","Pol_ProxyPacUrl","Machine","Software\Policies\Microsoft\EdgeUpdate","Pol_ProxyPacUrl","TextBox","Part_ProxyPacUrl","ProxyPacUrl","Cat_ProxyServer","Sup_GoogleUpdate1_3_21_81","msedgeupdate.admx"
"Local","Pol_DefaultAllowInstallation","Machine","Software\Policies\Microsoft\EdgeUpdate","Pol_DefaultAllowInstallation","Dropdown","Part_InstallPolicy","InstallDefault","Cat_Applications","Sup_GoogleUpdate1_2_145_5","msedgeupdate.admx"
"Local","Pol_DefaultUpdatePolicy","Machine","Software\Policies\Microsoft\EdgeUpdate","Pol_DefaultUpdatePolicy","Dropdown","Part_UpdatePolicy","UpdateDefault","Cat_Applications","Sup_GoogleUpdate1_2_145_5","msedgeupdate.admx"
"Local","Pol_AllowSideBySideExperience","Machine","Software\Policies\Microsoft\EdgeUpdate","Allowsxs","Enabled/DisabledValue","","Enabled: 1; Disabled: 0","Cat_Applications","Sup_GoogleUpdate1_2_145_5","msedgeupdate.admx"
"Local","Pol_DefaultCreateDesktopShortcut","Machine","Software\Policies\Microsoft\EdgeUpdate","CreateDesktopShortcutDefault","Enabled/DisabledValue","","Enabled: 1; Disabled: 0","Cat_Applications","Sup_EdgeUpdate1_3_128_0","msedgeupdate.admx"
"Local","Pol_DefaultMeteredUpdates","Machine","Software\Policies\Microsoft\EdgeUpdate","Pol_DefaultMeteredUpdates","Dropdown","Part_DefaultMeteredUpdatesPolicy","MeteredUpdatesDefault","Cat_Applications","Sup_EdgeUpdate1_3_179_5","msedgeupdate.admx"
"Local","Pol_DefaultRemoveDesktopShortcut","Machine","Software\Policies\Microsoft\EdgeUpdate","RemoveDesktopShortcutDefault","Dropdown","Part_RemoveDesktopShortcut","RemoveDesktopShortcutDefault","Cat_Applications","Sup_EdgeUpdate1_3_155_1","msedgeupdate.admx"
"Local","Pol_ECSControl","Machine","Software\Policies\Microsoft\EdgeUpdate","Pol_ECSControl","Dropdown","Part_ECSControl","UpdaterExperimentationAndConfigurationServiceControl","Cat_EdgeUpdate","Sup_EdgeUpdate1_3_145_1","msedgeupdate.admx"
"Local","Pol_AllowInstallationMicrosoftEdge","Machine","Software\Policies\Microsoft\EdgeUpdate","Pol_AllowInstallationMicrosoftEdge","Dropdown","Part_InstallPolicy","Install{56EB18F8-B008-4CBD-B6D2-8C97FE7E9062}","Cat_MicrosoftEdge","Sup_GoogleUpdate1_2_145_5","msedgeupdate.admx"
"Local","Pol_UpdatePolicyMicrosoftEdge","Machine","Software\Policies\Microsoft\EdgeUpdate","Pol_UpdatePolicyMicrosoftEdge","Dropdown","Part_UpdatePolicy","Update{56EB18F8-B008-4CBD-B6D2-8C97FE7E9062}","Cat_MicrosoftEdge","Sup_GoogleUpdate1_2_145_5","msedgeupdate.admx"
"Local","Pol_CreateDesktopShortcutMicrosoftEdge","Machine","Software\Policies\Microsoft\EdgeUpdate","CreateDesktopShortcut{56EB18F8-B008-4CBD-B6D2-8C97FE7E9062}","Enabled/DisabledValue","","Enabled: 1; Disabled: 0","Cat_MicrosoftEdge","Sup_EdgeUpdate1_3_128_0","msedgeupdate.admx"
"Local","Pol_RemoveDesktopShortcutMicrosoftEdge","Machine","Software\Policies\Microsoft\EdgeUpdate","RemoveDesktopShortcut{56EB18F8-B008-4CBD-B6D2-8C97FE7E9062}","Dropdown","Part_RemoveDesktopShortcut","RemoveDesktopShortcut{56EB18F8-B008-4CBD-B6D2-8C97FE7E9062}","Cat_MicrosoftEdge","Sup_EdgeUpdate1_3_155_1","msedgeupdate.admx"
"Local","Pol_TargetVersionPrefixMicrosoftEdge","Machine","Software\Policies\Microsoft\EdgeUpdate","Pol_TargetVersionPrefixMicrosoftEdge","TextBox","Part_TargetVersionPrefix","TargetVersionPrefix{56EB18F8-B008-4CBD-B6D2-8C97FE7E9062}","Cat_MicrosoftEdge","Sup_EdgeUpdate1_3_119_43","msedgeupdate.admx"
"Local","Pol_RollbackToTargetVersionMicrosoftEdge","Machine","Software\Policies\Microsoft\EdgeUpdate","RollbackToTargetVersion{56EB18F8-B008-4CBD-B6D2-8C97FE7E9062}","Enabled/DisabledValue","","Enabled: 1; Disabled: 0","Cat_MicrosoftEdge","Sup_EdgeUpdate1_3_133_3","msedgeupdate.admx"
"Local","Pol_MeteredUpdatesMicrosoftEdge","Machine","Software\Policies\Microsoft\EdgeUpdate","MeteredUpdates{56EB18F8-B008-4CBD-B6D2-8C97FE7E9062}","Dropdown","Part_MeteredUpdatesPolicy","MeteredUpdates{56EB18F8-B008-4CBD-B6D2-8C97FE7E9062}","Cat_MicrosoftEdge","Sup_EdgeUpdate1_3_179_5","msedgeupdate.admx"
"Local","Pol_TargetChannelMicrosoftEdge","Machine","Software\Policies\Microsoft\EdgeUpdate","Pol_TargetChannelMicrosoftEdge","Dropdown","Part_TargetChannel","TargetChannel{56EB18F8-B008-4CBD-B6D2-8C97FE7E9062}","Cat_MicrosoftEdge","Sup_EdgeUpdate1_3_147_1","msedgeupdate.admx"
"Local","Pol_EdgePreviewMicrosoftEdge","Machine","Software\Policies\Microsoft\EdgeUpdate","EdgePreview{56EB18F8-B008-4CBD-B6D2-8C97FE7E9062}","Enabled/DisabledValue","","Enabled: 1; Disabled: 0","Cat_MicrosoftEdge","Sup_EdgeUpdate1_3_168_21","msedgeupdate.admx"
"Local","Pol_EdgePreviewEnrollmentTypeMicrosoftEdge","Machine","Software\Policies\Microsoft\EdgeUpdate","EdgePreviewEnrollmentType{56EB18F8-B008-4CBD-B6D2-8C97FE7E9062}","Dropdown","Part_EdgePreviewEnrollmentType","EdgePreviewEnrollmentType{56EB18F8-B008-4CBD-B6D2-8C97FE7E9062}","Cat_MicrosoftEdge","Sup_EdgeUpdate1_3_195_63","msedgeupdate.admx"
"Local","Pol_UninstallEdgeMicrosoftEdge","Machine","Software\Policies\Microsoft\EdgeUpdate","Uninstall{56EB18F8-B008-4CBD-B6D2-8C97FE7E9062}","Dropdown","Part_UninstallEdgePolicy","Uninstall{56EB18F8-B008-4CBD-B6D2-8C97FE7E9062}","Cat_MicrosoftEdge","Sup_EdgeUpdate1_3_193_5","msedgeupdate.admx"
"Local","Pol_AllowInstallationMicrosoftEdgeBeta","Machine","Software\Policies\Microsoft\EdgeUpdate","Pol_AllowInstallationMicrosoftEdgeBeta","Dropdown","Part_InstallPolicy","Install{2CD8A007-E189-409D-A2C8-9AF4EF3C72AA}","Cat_MicrosoftEdgeBeta","Sup_GoogleUpdate1_2_145_5","msedgeupdate.admx"
"Local","Pol_UpdatePolicyMicrosoftEdgeBeta","Machine","Software\Policies\Microsoft\EdgeUpdate","Pol_UpdatePolicyMicrosoftEdgeBeta","Dropdown","Part_UpdatePolicy","Update{2CD8A007-E189-409D-A2C8-9AF4EF3C72AA}","Cat_MicrosoftEdgeBeta","Sup_GoogleUpdate1_2_145_5","msedgeupdate.admx"
"Local","Pol_CreateDesktopShortcutMicrosoftEdgeBeta","Machine","Software\Policies\Microsoft\EdgeUpdate","CreateDesktopShortcut{2CD8A007-E189-409D-A2C8-9AF4EF3C72AA}","Enabled/DisabledValue","","Enabled: 1; Disabled: 0","Cat_MicrosoftEdgeBeta","Sup_EdgeUpdate1_3_128_0","msedgeupdate.admx"
"Local","Pol_RemoveDesktopShortcutMicrosoftEdgeBeta","Machine","Software\Policies\Microsoft\EdgeUpdate","RemoveDesktopShortcut{2CD8A007-E189-409D-A2C8-9AF4EF3C72AA}","Dropdown","Part_RemoveDesktopShortcut","RemoveDesktopShortcut{2CD8A007-E189-409D-A2C8-9AF4EF3C72AA}","Cat_MicrosoftEdgeBeta","Sup_EdgeUpdate1_3_155_1","msedgeupdate.admx"
"Local","Pol_TargetVersionPrefixMicrosoftEdgeBeta","Machine","Software\Policies\Microsoft\EdgeUpdate","Pol_TargetVersionPrefixMicrosoftEdgeBeta","TextBox","Part_TargetVersionPrefix","TargetVersionPrefix{2CD8A007-E189-409D-A2C8-9AF4EF3C72AA}","Cat_MicrosoftEdgeBeta","Sup_EdgeUpdate1_3_119_43","msedgeupdate.admx"
"Local","Pol_RollbackToTargetVersionMicrosoftEdgeBeta","Machine","Software\Policies\Microsoft\EdgeUpdate","RollbackToTargetVersion{2CD8A007-E189-409D-A2C8-9AF4EF3C72AA}","Enabled/DisabledValue","","Enabled: 1; Disabled: 0","Cat_MicrosoftEdgeBeta","Sup_EdgeUpdate1_3_133_3","msedgeupdate.admx"
"Local","Pol_MeteredUpdatesMicrosoftEdgeBeta","Machine","Software\Policies\Microsoft\EdgeUpdate","MeteredUpdates{2CD8A007-E189-409D-A2C8-9AF4EF3C72AA}","Dropdown","Part_MeteredUpdatesPolicy","MeteredUpdates{2CD8A007-E189-409D-A2C8-9AF4EF3C72AA}","Cat_MicrosoftEdgeBeta","Sup_EdgeUpdate1_3_179_5","msedgeupdate.admx"
"Local","Pol_AllowInstallationMicrosoftEdgeDev","Machine","Software\Policies\Microsoft\EdgeUpdate","Pol_AllowInstallationMicrosoftEdgeDev","Dropdown","Part_InstallPolicy","Install{0D50BFEC-CD6A-4F9A-964C-C7416E3ACB10}","Cat_MicrosoftEdgeDev","Sup_GoogleUpdate1_2_145_5","msedgeupdate.admx"
"Local","Pol_UpdatePolicyMicrosoftEdgeDev","Machine","Software\Policies\Microsoft\EdgeUpdate","Pol_UpdatePolicyMicrosoftEdgeDev","Dropdown","Part_UpdatePolicy","Update{0D50BFEC-CD6A-4F9A-964C-C7416E3ACB10}","Cat_MicrosoftEdgeDev","Sup_GoogleUpdate1_2_145_5","msedgeupdate.admx"
"Local","Pol_CreateDesktopShortcutMicrosoftEdgeDev","Machine","Software\Policies\Microsoft\EdgeUpdate","CreateDesktopShortcut{0D50BFEC-CD6A-4F9A-964C-C7416E3ACB10}","Enabled/DisabledValue","","Enabled: 1; Disabled: 0","Cat_MicrosoftEdgeDev","Sup_EdgeUpdate1_3_128_0","msedgeupdate.admx"
"Local","Pol_RemoveDesktopShortcutMicrosoftEdgeDev","Machine","Software\Policies\Microsoft\EdgeUpdate","RemoveDesktopShortcut{0D50BFEC-CD6A-4F9A-964C-C7416E3ACB10}","Dropdown","Part_RemoveDesktopShortcut","RemoveDesktopShortcut{0D50BFEC-CD6A-4F9A-964C-C7416E3ACB10}","Cat_MicrosoftEdgeDev","Sup_EdgeUpdate1_3_155_1","msedgeupdate.admx"
"Local","Pol_TargetVersionPrefixMicrosoftEdgeDev","Machine","Software\Policies\Microsoft\EdgeUpdate","Pol_TargetVersionPrefixMicrosoftEdgeDev","TextBox","Part_TargetVersionPrefix","TargetVersionPrefix{0D50BFEC-CD6A-4F9A-964C-C7416E3ACB10}","Cat_MicrosoftEdgeDev","Sup_EdgeUpdate1_3_119_43","msedgeupdate.admx"
"Local","Pol_RollbackToTargetVersionMicrosoftEdgeDev","Machine","Software\Policies\Microsoft\EdgeUpdate","RollbackToTargetVersion{0D50BFEC-CD6A-4F9A-964C-C7416E3ACB10}","Enabled/DisabledValue","","Enabled: 1; Disabled: 0","Cat_MicrosoftEdgeDev","Sup_EdgeUpdate1_3_133_3","msedgeupdate.admx"
"Local","Pol_MeteredUpdatesMicrosoftEdgeDev","Machine","Software\Policies\Microsoft\EdgeUpdate","MeteredUpdates{0D50BFEC-CD6A-4F9A-964C-C7416E3ACB10}","Dropdown","Part_MeteredUpdatesPolicy","MeteredUpdates{0D50BFEC-CD6A-4F9A-964C-C7416E3ACB10}","Cat_MicrosoftEdgeDev","Sup_EdgeUpdate1_3_179_5","msedgeupdate.admx"
"Local","Pol_AllowInstallationMicrosoftEdgeCanary","Machine","Software\Policies\Microsoft\EdgeUpdate","Pol_AllowInstallationMicrosoftEdgeCanary","Dropdown","Part_InstallPolicy","Install{65C35B14-6C1D-4122-AC46-7148CC9D6497}","Cat_MicrosoftEdgeCanary","Sup_GoogleUpdate1_2_145_5","msedgeupdate.admx"
"Local","Pol_UpdatePolicyMicrosoftEdgeCanary","Machine","Software\Policies\Microsoft\EdgeUpdate","Pol_UpdatePolicyMicrosoftEdgeCanary","Dropdown","Part_UpdatePolicy","Update{65C35B14-6C1D-4122-AC46-7148CC9D6497}","Cat_MicrosoftEdgeCanary","Sup_GoogleUpdate1_2_145_5","msedgeupdate.admx"
"Local","Pol_CreateDesktopShortcutMicrosoftEdgeCanary","Machine","Software\Policies\Microsoft\EdgeUpdate","CreateDesktopShortcut{65C35B14-6C1D-4122-AC46-7148CC9D6497}","Enabled/DisabledValue","","Enabled: 1; Disabled: 0","Cat_MicrosoftEdgeCanary","Sup_EdgeUpdate1_3_128_0","msedgeupdate.admx"
"Local","Pol_RemoveDesktopShortcutMicrosoftEdgeCanary","Machine","Software\Policies\Microsoft\EdgeUpdate","RemoveDesktopShortcut{65C35B14-6C1D-4122-AC46-7148CC9D6497}","Dropdown","Part_RemoveDesktopShortcut","RemoveDesktopShortcut{65C35B14-6C1D-4122-AC46-7148CC9D6497}","Cat_MicrosoftEdgeCanary","Sup_EdgeUpdate1_3_155_1","msedgeupdate.admx"
"Local","Pol_TargetVersionPrefixMicrosoftEdgeCanary","Machine","Software\Policies\Microsoft\EdgeUpdate","Pol_TargetVersionPrefixMicrosoftEdgeCanary","TextBox","Part_TargetVersionPrefix","TargetVersionPrefix{65C35B14-6C1D-4122-AC46-7148CC9D6497}","Cat_MicrosoftEdgeCanary","Sup_EdgeUpdate1_3_119_43","msedgeupdate.admx"
"Local","Pol_RollbackToTargetVersionMicrosoftEdgeCanary","Machine","Software\Policies\Microsoft\EdgeUpdate","RollbackToTargetVersion{65C35B14-6C1D-4122-AC46-7148CC9D6497}","Enabled/DisabledValue","","Enabled: 1; Disabled: 0","Cat_MicrosoftEdgeCanary","Sup_EdgeUpdate1_3_133_3","msedgeupdate.admx"
"Local","Pol_MeteredUpdatesMicrosoftEdgeCanary","Machine","Software\Policies\Microsoft\EdgeUpdate","MeteredUpdates{65C35B14-6C1D-4122-AC46-7148CC9D6497}","Dropdown","Part_MeteredUpdatesPolicy","MeteredUpdates{65C35B14-6C1D-4122-AC46-7148CC9D6497}","Cat_MicrosoftEdgeCanary","Sup_EdgeUpdate1_3_179_5","msedgeupdate.admx"
"Local","Pol_AllowInstallationMicrosoftEdgeWebView","Machine","Software\Policies\Microsoft\EdgeUpdate","Pol_AllowInstallationMicrosoftEdgeWebView","Dropdown","Part_InstallPolicy","Install{F3017226-FE2A-4295-8BDF-00C3A9A7E4C5}","Cat_WebView","Sup_EdgeUpdate1_3_127_1","msedgeupdate.admx"
"Local","Pol_UpdatePolicyMicrosoftEdgeWebView","Machine","Software\Policies\Microsoft\EdgeUpdate","Pol_UpdatePolicyMicrosoftEdgeWebView","Dropdown","Part_UpdatePolicy","Update{F3017226-FE2A-4295-8BDF-00C3A9A7E4C5}","Cat_WebView","Sup_EdgeUpdate1_3_127_1","msedgeupdate.admx"
"Local","BrowserExecutableFolder","Both","Software\Policies\Microsoft\Edge\WebView2","BrowserExecutableFolder","List","Software\Policies\Microsoft\Edge\WebView2\BrowserExecutableFolder","BrowserExecutableFolderDesc","WebView2LoaderOverrideSettings","SUPPORTED_WIN7_V87","msedgewebview2.admx"
"Local","ChannelSearchKind","Both","Software\Policies\Microsoft\Edge\WebView2","ChannelSearchKind","List","Software\Policies\Microsoft\Edge\WebView2\ChannelSearchKind","ChannelSearchKindDesc","WebView2LoaderOverrideSettings","SUPPORTED_WIN7_V121","msedgewebview2.admx"
"Local","ReleaseChannelPreference","Both","Software\Policies\Microsoft\Edge\WebView2","ReleaseChannelPreference","List","Software\Policies\Microsoft\Edge\WebView2\ReleaseChannelPreference","ReleaseChannelPreferenceDesc","WebView2LoaderOverrideSettings","SUPPORTED_WIN7_V87","msedgewebview2.admx"
"Local","ReleaseChannels","Both","Software\Policies\Microsoft\Edge\WebView2","ReleaseChannels","List","Software\Policies\Microsoft\Edge\WebView2\ReleaseChannels","ReleaseChannelsDesc","WebView2LoaderOverrideSettings","SUPPORTED_WIN7_V121","msedgewebview2.admx"
"Local","AccessControlAllowMethodsInCORSPreflightSpecConformant","Both","Software\Policies\Microsoft\Edge\WebView2","AccessControlAllowMethodsInCORSPreflightSpecConformant","Enabled/DisabledValue","","Enabled: 1; Disabled: 0","Network","SUPPORTED_WIN7_V123","msedgewebview2.admx"
"Local","BlockTruncatedCookies","Both","Software\Policies\Microsoft\Edge\WebView2","BlockTruncatedCookies","Enabled/DisabledValue","","Enabled: 1; Disabled: 0","Network","OBSOLETE_WIN7_V123_V131","msedgewebview2.admx"
"Local","ZstdContentEncodingEnabled","Both","Software\Policies\Microsoft\Edge\WebView2","ZstdContentEncodingEnabled","Enabled/DisabledValue","","Enabled: 1; Disabled: 0","Network","OBSOLETE_WIN7_V125_V137","msedgewebview2.admx"
"Local","ExperimentationAndConfigurationServiceControl","Both","Software\Policies\Microsoft\Edge\WebView2","ExperimentationAndConfigurationServiceControl","Dropdown","ExperimentationAndConfigurationServiceControl","ExperimentationAndConfigurationServiceControl","microsoft_edge_webview2","SUPPORTED_WIN7_V97","msedgewebview2.admx"
"Local","ForcePermissionPolicyUnloadDefaultEnabled","Both","Software\Policies\Microsoft\Edge\WebView2","ForcePermissionPolicyUnloadDefaultEnabled","Enabled/DisabledValue","","Enabled: 1; Disabled: 0","microsoft_edge_webview2","SUPPORTED_WIN7_V118","msedgewebview2.admx"
"Local","HttpAllowlist","Both","Software\Policies\Microsoft\Edge\WebView2","HttpAllowlist","List","Software\Policies\Microsoft\Edge\WebView2\HttpAllowlist","HttpAllowlistDesc","microsoft_edge_webview2","SUPPORTED_WIN7_V123","msedgewebview2.admx"
"Local","NewBaseUrlInheritanceBehaviorAllowed","Both","Software\Policies\Microsoft\Edge\WebView2","NewBaseUrlInheritanceBehaviorAllowed","Enabled/DisabledValue","","Enabled: 1; Disabled: 0","microsoft_edge_webview2","OBSOLETE_WIN7_V123_V135","msedgewebview2.admx"
"Local","NewPDFReaderWebView2List","Both","Software\Policies\Microsoft\Edge\WebView2","NewPDFReaderWebView2List","List","Software\Policies\Microsoft\Edge\WebView2\NewPDFReaderWebView2List","NewPDFReaderWebView2ListDesc","microsoft_edge_webview2","SUPPORTED_WIN7_V116","msedgewebview2.admx"
"Local","RSAKeyUsageForLocalAnchorsEnabled","Both","Software\Policies\Microsoft\Edge\WebView2","RSAKeyUsageForLocalAnchorsEnabled","Enabled/DisabledValue","","Enabled: 1; Disabled: 0","microsoft_edge_webview2","OBSOLETE_WIN7_V123_V135","msedgewebview2.admx"
