"Policy","Setting","SubSetting","Value","InfoUrl","SupportedPlatform","SupportedSKUs","UnsupportedSKUs","Unique","Duplicate","Conflicting"
"CIS (L1) Admin Templates - System (4.10) - Windows 11 Intune 4.0.0","Include command line in process creation events","","Enabled","https://docs.microsoft.com/windows/client-management/mdm/policy-csp-admx-auditsettings#admx-auditsettings-includecmdline","windows10","Professional; Enterprise; Education; MultiSession; CloudN; 11SE; iotEnterprise; iotEnterpriseSEval; holographicForBusiness","Home; CPC; surfaceHub; hololens; hololensEnterprise","","x",""
"CIS (L1) Admin Templates - System (4.10) - Windows 11 Intune 4.0.0","Encryption Oracle Remediation","","Enabled","https://docs.microsoft.com/windows/client-management/mdm/policy-csp-admx-credssp#admx-credssp-allowencryptionoracle","windows10","Professional; Enterprise; Education; MultiSession; CloudN; 11SE; iotEnterprise; iotEnterpriseSEval; holographicForBusiness","Home; CPC; surfaceHub; hololens; hololensEnterprise","","x",""
"CIS (L1) Admin Templates - System (4.10) - Windows 11 Intune 4.0.0","","Protection Level: (Device)","Force Updated Clients","","windows10","Professional; Enterprise; Education; MultiSession; CloudN; 11SE; iotEnterprise; iotEnterpriseSEval; holographicForBusiness","Home; CPC; surfaceHub; hololens; hololensEnterprise","","x",""
"CIS (L1) Admin Templates - System (4.10) - Windows 11 Intune 4.0.0","Remote host allows delegation of non-exportable credentials","","Enabled","https://docs.microsoft.com/windows/client-management/mdm/policy-csp-credentialsdelegation#credentialsdelegation-remotehostallowsdelegationofnonexportablecredentials","windows10","Professional; Enterprise; Education; MultiSession; CloudN; 11SE; iotEnterprise; iotEnterpriseSEval","Home; CPC; surfaceHub; hololens; hololensEnterprise; holographicForBusiness","","x",""
"CIS (L1) Admin Templates - System (4.10) - Windows 11 Intune 4.0.0","Prevent automatic download of applications associated with device metadata","","Enabled","https://docs.microsoft.com/en-us/windows/client-management/mdm/policy-csp-deviceinstallation","windows10","Professional; Enterprise; Education; CloudN; 11SE; iotEnterprise; iotEnterpriseSEval","Home; MultiSession; CPC; surfaceHub; hololens; hololensEnterprise; holographicForBusiness","x","",""
"CIS (L1) Admin Templates - System (4.10) - Windows 11 Intune 4.0.0","Boot-Start Driver Initialization Policy","","Enabled","https://docs.microsoft.com/windows/client-management/mdm/policy-csp-system#system-bootstartdriverinitialization","windows10","Professional; Enterprise; Education; MultiSession; CloudN; CPC; 11SE; iotEnterprise; iotEnterpriseSEval","Home; surfaceHub; hololens; hololensEnterprise; holographicForBusiness","","x",""
"CIS (L1) Admin Templates - System (4.10) - Windows 11 Intune 4.0.0","","Choose the boot-start drivers that can be initialized:","Good, unknown and bad but critical","","windows10","Professional; Enterprise; Education; MultiSession; CloudN; CPC; 11SE; iotEnterprise; iotEnterpriseSEval","Home; surfaceHub; hololens; hololensEnterprise; holographicForBusiness","","x",""
"CIS (L1) Admin Templates - System (4.10) - Windows 11 Intune 4.0.0","Continue experiences on this device","","Disabled","https://docs.microsoft.com/windows/client-management/mdm/policy-csp-admx-grouppolicy#admx-grouppolicy-enablecdp","windows10","Professional; Enterprise; Education; MultiSession; CloudN; 11SE; iotEnterprise; iotEnterpriseSEval; holographicForBusiness","Home; CPC; surfaceHub; hololens; hololensEnterprise","x","",""
"CIS (L1) Admin Templates - System (4.10) - Windows 11 Intune 4.0.0","Turn off background refresh of Group Policy","","Disabled","https://docs.microsoft.com/windows/client-management/mdm/policy-csp-admx-grouppolicy#admx-grouppolicy-disablebackgroundpolicy","windows10","Professional; Enterprise; Education; MultiSession; CloudN; 11SE; iotEnterprise; iotEnterpriseSEval; holographicForBusiness","Home; CPC; surfaceHub; hololens; hololensEnterprise","x","",""
"CIS (L1) Admin Templates - System (4.10) - Windows 11 Intune 4.0.0","Turn off downloading of print drivers over HTTP","","Enabled","https://docs.microsoft.com/en-us/windows/client-management/mdm/policy-csp-connectivity#connectivity-disabledownloadingofprintdriversoverhttp","windows10","Professional; Enterprise; Education; CloudN; CPC; 11SE; iotEnterprise; iotEnterpriseSEval","Home; MultiSession; surfaceHub; hololens; hololensEnterprise; holographicForBusiness","","x",""
"CIS (L1) Admin Templates - System (4.10) - Windows 11 Intune 4.0.0","Turn off Internet download for Web publishing and online ordering wizards","","Enabled","https://docs.microsoft.com/en-us/windows/client-management/mdm/policy-csp-connectivity#connectivity-disableinternetdownloadforwebpublishingandonlineorderingwizards","windows10","Professional; Enterprise; Education; CloudN; CPC; 11SE; iotEnterprise; iotEnterpriseSEval","Home; MultiSession; surfaceHub; hololens; hololensEnterprise; holographicForBusiness","","x",""
"CIS (L1) Admin Templates - System (4.10) - Windows 11 Intune 4.0.0","Block user from showing account details on sign-in","","Enabled","https://docs.microsoft.com/windows/client-management/mdm/policy-csp-admx-logon#admx-logon-blockuserfromshowingaccountdetailsonsignin","windows10","Professional; Enterprise; Education; MultiSession; CloudN; 11SE; iotEnterprise; iotEnterpriseSEval; holographicForBusiness","Home; CPC; surfaceHub; hololens; hololensEnterprise","x","",""
"CIS (L1) Admin Templates - System (4.10) - Windows 11 Intune 4.0.0","Do not display network selection UI","","Enabled","https://docs.microsoft.com/windows/client-management/mdm/policy-csp-windowslogon#windowslogon-dontdisplaynetworkselectionui","windows10","Professional; Enterprise; Education; CloudN; 11SE; iotEnterprise; iotEnterpriseSEval","Home; MultiSession; CPC; surfaceHub; hololens; hololensEnterprise; holographicForBusiness","x","",""
"CIS (L1) Admin Templates - System (4.10) - Windows 11 Intune 4.0.0","Do not enumerate connected users on domain-joined computers","","Enabled","https://docs.microsoft.com/windows/client-management/mdm/policy-csp-admx-logon#admx-logon-dontenumerateconnectedusers","windows10","Professional; Enterprise; Education; MultiSession; CloudN; 11SE; iotEnterprise; iotEnterpriseSEval; holographicForBusiness","Home; CPC; surfaceHub; hololens; hololensEnterprise","x","",""
"CIS (L1) Admin Templates - System (4.10) - Windows 11 Intune 4.0.0","Enumerate local users on domain-joined computers","","Disabled","https://docs.microsoft.com/windows/client-management/mdm/policy-csp-windowslogon#windowslogon-enumeratelocalusersondomainjoinedcomputers","windows10","Professional; Enterprise; Education; CloudN; 11SE; iotEnterprise; iotEnterpriseSEval","Home; MultiSession; CPC; surfaceHub; hololens; hololensEnterprise; holographicForBusiness","x","",""
"CIS (L1) Admin Templates - System (4.10) - Windows 11 Intune 4.0.0","Turn off app notifications on the lock screen","","Enabled","https://docs.microsoft.com/windows/client-management/mdm/policy-csp-windowslogon#windowslogon-disablelockscreenappnotifications","windows10","Professional; Enterprise; Education; CloudN; 11SE; iotEnterprise; iotEnterpriseSEval","Home; MultiSession; CPC; surfaceHub; hololens; hololensEnterprise; holographicForBusiness","x","",""
"CIS (L1) Admin Templates - System (4.10) - Windows 11 Intune 4.0.0","Turn off picture password sign-in","","Enabled","https://docs.microsoft.com/windows/client-management/mdm/policy-csp-credentialproviders#credentialproviders-blockpicturepassword","windows10","Professional; Enterprise; Education; MultiSession; CloudN; 11SE; iotEnterprise; iotEnterpriseSEval","Home; CPC; surfaceHub; hololens; hololensEnterprise; holographicForBusiness","x","",""
"CIS (L1) Admin Templates - System (4.10) - Windows 11 Intune 4.0.0","Turn on convenience PIN sign-in","","Disabled","https://docs.microsoft.com/windows/client-management/mdm/policy-csp-credentialproviders#credentialproviders-allowpinlogon","windows10","Professional; Enterprise; Education; MultiSession; CloudN; 11SE; iotEnterprise; iotEnterpriseSEval","Home; CPC; surfaceHub; hololens; hololensEnterprise; holographicForBusiness","x","",""
"CIS (L1) Admin Templates - System (4.10) - Windows 11 Intune 4.0.0","Require a password when a computer wakes (on battery)","","Enabled","https://docs.microsoft.com/windows/client-management/mdm/policy-csp-power#power-requirepasswordwhencomputerwakesonbattery","windows10","Professional; Enterprise; Education; CloudN; CPC; 11SE; iotEnterprise; iotEnterpriseSEval","Home; MultiSession; surfaceHub; hololens; hololensEnterprise; holographicForBusiness","","x",""
"CIS (L1) Admin Templates - System (4.10) - Windows 11 Intune 4.0.0","Require a password when a computer wakes (plugged in)","","Enabled","https://docs.microsoft.com/windows/client-management/mdm/policy-csp-power#power-requirepasswordwhencomputerwakespluggedin","windows10","Professional; Enterprise; Education; CloudN; CPC; 11SE; iotEnterprise; iotEnterpriseSEval","Home; MultiSession; surfaceHub; hololens; hololensEnterprise; holographicForBusiness","","x",""
"CIS (L1) Admin Templates - System (4.10) - Windows 11 Intune 4.0.0","Configure Offer Remote Assistance","","Disabled","https://docs.microsoft.com/windows/client-management/mdm/policy-csp-remoteassistance#remoteassistance-unsolicitedremoteassistance","windows10","Professional; Enterprise; Education; MultiSession; CloudN; 11SE; iotEnterprise; iotEnterpriseSEval","Home; CPC; surfaceHub; hololens; hololensEnterprise; holographicForBusiness","x","",""
"CIS (L1) Admin Templates - System (4.10) - Windows 11 Intune 4.0.0","Configure Solicited Remote Assistance","","Disabled","https://docs.microsoft.com/windows/client-management/mdm/policy-csp-remoteassistance#remoteassistance-solicitedremoteassistance","windows10","Professional; Enterprise; Education; MultiSession; CloudN; 11SE; iotEnterprise; iotEnterpriseSEval","Home; CPC; surfaceHub; hololens; hololensEnterprise; holographicForBusiness","","x",""
"CIS (L1) Admin Templates - System (4.10) - Windows 11 Intune 4.0.0","Enable RPC Endpoint Mapper Client Authentication","","Enabled","https://docs.microsoft.com/windows/client-management/mdm/policy-csp-remoteprocedurecall#remoteprocedurecall-rpcendpointmapperclientauthentication","windows10","Professional; Enterprise; Education; MultiSession; CloudN; 11SE; iotEnterprise; iotEnterpriseSEval","Home; CPC; surfaceHub; hololens; hololensEnterprise; holographicForBusiness","x","",""
"CIS (L1) Admin Templates - System (4.10) - Windows 11 Intune 4.0.0","Restrict Unauthenticated RPC clients","","Enabled","https://docs.microsoft.com/windows/client-management/mdm/policy-csp-remoteprocedurecall#remoteprocedurecall-restrictunauthenticatedrpcclients","windows10","Professional; Enterprise; Education; MultiSession; CloudN; 11SE; iotEnterprise; iotEnterpriseSEval","Home; CPC; surfaceHub; hololens; hololensEnterprise; holographicForBusiness","","x",""
"CIS (L1) Admin Templates - System (4.10) - Windows 11 Intune 4.0.0","","RPC Runtime Unauthenticated Client Restriction to Apply:","Authenticated","","windows10","Professional; Enterprise; Education; MultiSession; CloudN; 11SE; iotEnterprise; iotEnterpriseSEval","Home; CPC; surfaceHub; hololens; hololensEnterprise; holographicForBusiness","","x",""
"CIS (L1) Admin Templates - System (4.10) - Windows 11 Intune 4.0.0","Enable Windows NTP Client","","Enabled","https://docs.microsoft.com/windows/client-management/mdm/policy-csp-admx-w32time#admx-w32time-w32time-policy-enable-ntpclient","windows10","Professional; Enterprise; Education; MultiSession; CloudN; 11SE; iotEnterprise; iotEnterpriseSEval; holographicForBusiness","Home; CPC; surfaceHub; hololens; hololensEnterprise","x","",""
"CIS (L1) Admin Templates - System (4.10) - Windows 11 Intune 4.0.0","Enable Windows NTP Server","","Disabled","https://docs.microsoft.com/windows/client-management/mdm/policy-csp-admx-w32time#admx-w32time-w32time-policy-enable-ntpserver","windows10","Professional; Enterprise; Education; MultiSession; CloudN; 11SE; iotEnterprise; iotEnterpriseSEval; holographicForBusiness","Home; CPC; surfaceHub; hololens; hololensEnterprise","x","",""
"CIS (L1) Admin Templates - Windows Components (4.11) - Windows 11 Intune 4.0.0","Allow Microsoft accounts to be optional","","Enabled","https://docs.microsoft.com/en-us/windows/client-management/mdm/policy-csp-appruntime#appruntime-allowmicrosoftaccountstobeoptional","windows10","Professional; Enterprise; Education; MultiSession; CloudN; 11SE; iotEnterprise; iotEnterpriseSEval","Home; CPC; surfaceHub; hololens; hololensEnterprise; holographicForBusiness","","x",""
"CIS (L1) Admin Templates - Windows Components (4.11) - Windows 11 Intune 4.0.0","Do not preserve zone information in file attachments (User)","","Disabled","https://docs.microsoft.com/windows/client-management/mdm/policy-csp-attachmentmanager#attachmentmanager-donotpreservezoneinformation","windows10","Professional; Enterprise; Education; CloudN; 11SE; iotEnterprise; iotEnterpriseSEval","Home; MultiSession; CPC; surfaceHub; hololens; hololensEnterprise; holographicForBusiness","x","",""
"CIS (L1) Admin Templates - Windows Components (4.11) - Windows 11 Intune 4.0.0","Notify antivirus programs when opening attachments (User)","","Enabled","https://docs.microsoft.com/windows/client-management/mdm/policy-csp-attachmentmanager#attachmentmanager-notifyantivirusprograms","windows10","Professional; Enterprise; Education; CloudN; 11SE; iotEnterprise; iotEnterpriseSEval","Home; MultiSession; CPC; surfaceHub; hololens; hololensEnterprise; holographicForBusiness","x","",""
"CIS (L1) Admin Templates - Windows Components (4.11) - Windows 11 Intune 4.0.0","Disallow Autoplay for non-volume devices","","Enabled","https://docs.microsoft.com/windows/client-management/mdm/policy-csp-autoplay#autoplay-disallowautoplayfornonvolumedevices","windows10","Professional; Enterprise; Education; CloudN; 11SE; iotEnterprise; iotEnterpriseSEval","Home; MultiSession; CPC; surfaceHub; hololens; hololensEnterprise; holographicForBusiness","","x",""
"CIS (L1) Admin Templates - Windows Components (4.11) - Windows 11 Intune 4.0.0","Set the default behavior for AutoRun","","Enabled","https://docs.microsoft.com/windows/client-management/mdm/policy-csp-autoplay#autoplay-setdefaultautorunbehavior","windows10","Professional; Enterprise; Education; CloudN; 11SE; iotEnterprise; iotEnterpriseSEval","Home; MultiSession; CPC; surfaceHub; hololens; hololensEnterprise; holographicForBusiness","","x",""
"CIS (L1) Admin Templates - Windows Components (4.11) - Windows 11 Intune 4.0.0","","Default AutoRun Behavior","Do not execute any autorun commands","","windows10","Professional; Enterprise; Education; CloudN; 11SE; iotEnterprise; iotEnterpriseSEval","Home; MultiSession; CPC; surfaceHub; hololens; hololensEnterprise; holographicForBusiness","","x",""
"CIS (L1) Admin Templates - Windows Components (4.11) - Windows 11 Intune 4.0.0","Turn off Autoplay","","Enabled","https://docs.microsoft.com/windows/client-management/mdm/policy-csp-autoplay#autoplay-turnoffautoplay","windows10","Professional; Enterprise; Education; CloudN; 11SE; iotEnterprise; iotEnterpriseSEval","Home; MultiSession; CPC; surfaceHub; hololens; hololensEnterprise; holographicForBusiness","","x",""
"CIS (L1) Admin Templates - Windows Components (4.11) - Windows 11 Intune 4.0.0","","Turn off Autoplay on:","All drives","","windows10","Professional; Enterprise; Education; CloudN; 11SE; iotEnterprise; iotEnterpriseSEval","Home; MultiSession; CPC; surfaceHub; hololens; hololensEnterprise; holographicForBusiness","","x",""
"CIS (L1) Admin Templates - Windows Components (4.11) - Windows 11 Intune 4.0.0","Do not display the password reveal button","","Enabled","https://docs.microsoft.com/windows/client-management/mdm/policy-csp-credentialsui#credentialsui-disablepasswordreveal","windows10","Professional; Enterprise; Education; MultiSession; CloudN; 11SE; iotEnterprise; iotEnterpriseSEval","Home; CPC; surfaceHub; hololens; hololensEnterprise; holographicForBusiness","x","",""
"CIS (L1) Admin Templates - Windows Components (4.11) - Windows 11 Intune 4.0.0","Enumerate administrator accounts on elevation","","Disabled","https://docs.microsoft.com/windows/client-management/mdm/policy-csp-credentialsui#credentialsui-enumerateadministrators","windows10","Professional; Enterprise; Education; MultiSession; CloudN; 11SE; iotEnterprise; iotEnterpriseSEval","Home; CPC; surfaceHub; hololens; hololensEnterprise; holographicForBusiness","","x",""
"CIS (L1) Admin Templates - Windows Components (4.11) - Windows 11 Intune 4.0.0","Prevent the use of security questions for local accounts","","Enabled","https://docs.microsoft.com/windows/client-management/mdm/policy-csp-admx-credui#admx-credui-nolocalpasswordresetquestions","windows10","Professional; Enterprise; Education; MultiSession; CloudN; 11SE; iotEnterprise; iotEnterpriseSEval; holographicForBusiness","Home; CPC; surfaceHub; hololens; hololensEnterprise","x","",""
"CIS (L1) Admin Templates - Windows Components (4.11) - Windows 11 Intune 4.0.0","Enable App Installer Experimental Features","","Disabled","https://docs.microsoft.com/windows/client-management/mdm/policy-csp-desktopappinstaller#desktopappinstaller-enableexperimentalfeatures","windows10","Professional; Enterprise; Education; CloudN; 11SE; iotEnterprise; iotEnterpriseSEval","Home; MultiSession; CPC; surfaceHub; hololens; hololensEnterprise; holographicForBusiness","x","",""
"CIS (L1) Admin Templates - Windows Components (4.11) - Windows 11 Intune 4.0.0","Enable App Installer Hash Override","","Disabled","https://docs.microsoft.com/windows/client-management/mdm/policy-csp-desktopappinstaller#desktopappinstaller-enablehashoverride","windows10","Professional; Enterprise; Education; CloudN; 11SE; iotEnterprise; iotEnterpriseSEval","Home; MultiSession; CPC; surfaceHub; hololens; hololensEnterprise; holographicForBusiness","x","",""
"CIS (L1) Admin Templates - Windows Components (4.11) - Windows 11 Intune 4.0.0","Enable App Installer ms-appinstaller protocol","","Disabled","https://docs.microsoft.com/windows/client-management/mdm/policy-csp-desktopappinstaller#desktopappinstaller-enablemsappinstallerprotocol","windows10","Professional; Enterprise; Education; CloudN; 11SE; iotEnterprise; iotEnterpriseSEval","Home; MultiSession; CPC; surfaceHub; hololens; hololensEnterprise; holographicForBusiness","x","",""
"CIS (L1) Admin Templates - Windows Components (4.11) - Windows 11 Intune 4.0.0","Control Event Log behavior when the log file reaches its maximum size","","Disabled","https://docs.microsoft.com/windows/client-management/mdm/policy-csp-eventlogservice#eventlogservice-controleventlogbehavior","windows10","Professional; Enterprise; Education; MultiSession; CloudN; 11SE; iotEnterprise; iotEnterpriseSEval","Home; CPC; surfaceHub; hololens; hololensEnterprise; holographicForBusiness","x","",""
"CIS (L1) Admin Templates - Windows Components (4.11) - Windows 11 Intune 4.0.0","Specify the maximum log file size (KB)","","Enabled","https://docs.microsoft.com/windows/client-management/mdm/policy-csp-eventlogservice#eventlogservice-specifymaximumfilesizeapplicationlog","windows10","Professional; Enterprise; Education; MultiSession; CloudN; 11SE; iotEnterprise; iotEnterpriseSEval","Home; CPC; surfaceHub; hololens; hololensEnterprise; holographicForBusiness","","x",""
"CIS (L1) Admin Templates - Windows Components (4.11) - Windows 11 Intune 4.0.0","","Maximum Log Size (KB)","32768","","windows10","Professional; Enterprise; Education; MultiSession; CloudN; 11SE; iotEnterprise; iotEnterpriseSEval","Home; CPC; surfaceHub; hololens; hololensEnterprise; holographicForBusiness","","x",""
"CIS (L1) Admin Templates - Windows Components (4.11) - Windows 11 Intune 4.0.0","Control Event Log behavior when the log file reaches its maximum size","","Disabled","https://docs.microsoft.com/windows/client-management/mdm/policy-csp-admx-eventlog#admx-eventlog-channel-log-retention-2","windows10","Professional; Enterprise; Education; MultiSession; CloudN; 11SE; iotEnterprise; iotEnterpriseSEval; holographicForBusiness","Home; CPC; surfaceHub; hololens; hololensEnterprise","x","",""
"CIS (L1) Admin Templates - Windows Components (4.11) - Windows 11 Intune 4.0.0","Specify the maximum log file size (KB)","","Enabled","https://docs.microsoft.com/windows/client-management/mdm/policy-csp-eventlogservice#eventlogservice-specifymaximumfilesizesecuritylog","windows10","Professional; Enterprise; Education; MultiSession; CloudN; 11SE; iotEnterprise; iotEnterpriseSEval","Home; CPC; surfaceHub; hololens; hololensEnterprise; holographicForBusiness","","x",""
"CIS (L1) Admin Templates - Windows Components (4.11) - Windows 11 Intune 4.0.0","","Maximum Log Size (KB)","196608","","windows10","Professional; Enterprise; Education; MultiSession; CloudN; 11SE; iotEnterprise; iotEnterpriseSEval","Home; CPC; surfaceHub; hololens; hololensEnterprise; holographicForBusiness","","x",""
"CIS (L1) Admin Templates - Windows Components (4.11) - Windows 11 Intune 4.0.0","Control Event Log behavior when the log file reaches its maximum size","","Disabled","https://docs.microsoft.com/windows/client-management/mdm/policy-csp-admx-eventlog#admx-eventlog-channel-log-retention-3","windows10","Professional; Enterprise; Education; MultiSession; CloudN; 11SE; iotEnterprise; iotEnterpriseSEval; holographicForBusiness","Home; CPC; surfaceHub; hololens; hololensEnterprise","x","",""
"CIS (L1) Admin Templates - Windows Components (4.11) - Windows 11 Intune 4.0.0","Specify the maximum log file size (KB)","","Enabled","https://docs.microsoft.com/windows/client-management/mdm/policy-csp-admx-eventlog#admx-eventlog-channel-logmaxsize-3","windows10","Professional; Enterprise; Education; MultiSession; CloudN; 11SE; iotEnterprise; iotEnterpriseSEval; holographicForBusiness","Home; CPC; surfaceHub; hololens; hololensEnterprise","x","",""
"CIS (L1) Admin Templates - Windows Components (4.11) - Windows 11 Intune 4.0.0","","Maximum Log Size (KB) (Device)","32768","","windows10","Professional; Enterprise; Education; MultiSession; CloudN; 11SE; iotEnterprise; iotEnterpriseSEval; holographicForBusiness","Home; CPC; surfaceHub; hololens; hololensEnterprise","x","",""
"CIS (L1) Admin Templates - Windows Components (4.11) - Windows 11 Intune 4.0.0","Control Event Log behavior when the log file reaches its maximum size","","Disabled","https://docs.microsoft.com/windows/client-management/mdm/policy-csp-admx-eventlog#admx-eventlog-channel-log-retention-4","windows10","Professional; Enterprise; Education; MultiSession; CloudN; 11SE; iotEnterprise; iotEnterpriseSEval; holographicForBusiness","Home; CPC; surfaceHub; hololens; hololensEnterprise","x","",""
"CIS (L1) Admin Templates - Windows Components (4.11) - Windows 11 Intune 4.0.0","Specify the maximum log file size (KB)","","Enabled","https://docs.microsoft.com/windows/client-management/mdm/policy-csp-eventlogservice#eventlogservice-specifymaximumfilesizesystemlog","windows10","Professional; Enterprise; Education; MultiSession; CloudN; 11SE; iotEnterprise; iotEnterpriseSEval","Home; CPC; surfaceHub; hololens; hololensEnterprise; holographicForBusiness","","x",""
"CIS (L1) Admin Templates - Windows Components (4.11) - Windows 11 Intune 4.0.0","","Maximum Log Size (KB)","32768","","windows10","Professional; Enterprise; Education; MultiSession; CloudN; 11SE; iotEnterprise; iotEnterpriseSEval","Home; CPC; surfaceHub; hololens; hololensEnterprise; holographicForBusiness","","x",""
"CIS (L1) Admin Templates - Windows Components (4.11) - Windows 11 Intune 4.0.0","Configure Windows Defender SmartScreen","","Enabled","https://docs.microsoft.com/windows/client-management/mdm/policy-csp-admx-windowsexplorer#admx-windowsexplorer-enablesmartscreen","windows10","Professional; Enterprise; Education; MultiSession; CloudN; 11SE; iotEnterprise; iotEnterpriseSEval; holographicForBusiness","Home; CPC; surfaceHub; hololens; hololensEnterprise","","x",""
"CIS (L1) Admin Templates - Windows Components (4.11) - Windows 11 Intune 4.0.0","","Pick one of the following settings: (Device)","Warn and prevent bypass","","windows10","Professional; Enterprise; Education; MultiSession; CloudN; 11SE; iotEnterprise; iotEnterpriseSEval; holographicForBusiness","Home; CPC; surfaceHub; hololens; hololensEnterprise","","x",""
"CIS (L1) Admin Templates - Windows Components (4.11) - Windows 11 Intune 4.0.0","Turn off Data Execution Prevention for Explorer","","Disabled","https://docs.microsoft.com/windows/client-management/mdm/policy-csp-fileexplorer#fileexplorer-turnoffdataexecutionpreventionforexplorer","windows10","Professional; Enterprise; Education; MultiSession; CloudN; 11SE; iotEnterprise; iotEnterpriseSEval","Home; CPC; surfaceHub; hololens; hololensEnterprise; holographicForBusiness","","x",""
"CIS (L1) Admin Templates - Windows Components (4.11) - Windows 11 Intune 4.0.0","Turn off heap termination on corruption","","Disabled","https://docs.microsoft.com/windows/client-management/mdm/policy-csp-fileexplorer#fileexplorer-turnoffheapterminationoncorruption","windows10","Professional; Enterprise; Education; MultiSession; CloudN; 11SE; iotEnterprise; iotEnterpriseSEval","Home; CPC; surfaceHub; hololens; hololensEnterprise; holographicForBusiness","","x",""
"CIS (L1) Admin Templates - Windows Components (4.11) - Windows 11 Intune 4.0.0","Turn off shell protocol protected mode","","Disabled","https://docs.microsoft.com/windows/client-management/mdm/policy-csp-admx-windowsexplorer#admx-windowsexplorer-shellprotocolprotectedmodetitle-2","windows10","Professional; Enterprise; Education; MultiSession; CloudN; 11SE; iotEnterprise; iotEnterpriseSEval; holographicForBusiness","Home; CPC; surfaceHub; hololens; hololensEnterprise","x","",""
"CIS (L1) Admin Templates - Windows Components (4.11) - Windows 11 Intune 4.0.0","Block all consumer Microsoft account user authentication","","Enabled","https://docs.microsoft.com/windows/client-management/mdm/policy-csp-admx-msapolicy#admx-msapolicy-microsoftaccount-disableuserauth","windows10","Professional; Enterprise; Education; MultiSession; CloudN; 11SE; iotEnterprise; iotEnterpriseSEval; holographicForBusiness","Home; CPC; surfaceHub; hololens; hololensEnterprise","x","",""
"CIS (L1) Admin Templates - Windows Components (4.11) - Windows 11 Intune 4.0.0","Prevent users from sharing files within their profile. (User)","","Enabled","https://docs.microsoft.com/windows/client-management/mdm/policy-csp-admx-sharing#admx-sharing-noinplacesharing","windows10","Professional; Enterprise; Education; MultiSession; CloudN; 11SE; iotEnterprise; iotEnterpriseSEval; holographicForBusiness","Home; CPC; surfaceHub; hololens; hololensEnterprise","x","",""
"CIS (L1) Admin Templates - Windows Components (4.11) - Windows 11 Intune 4.0.0","Do not allow passwords to be saved","","Enabled","https://docs.microsoft.com/windows/client-management/mdm/policy-csp-remotedesktopservices#remotedesktopservices-donotallowpasswordsaving","windows10","Professional; Enterprise; Education; MultiSession; CloudN; CPC; 11SE; iotEnterprise; iotEnterpriseSEval","Home; surfaceHub; hololens; hololensEnterprise; holographicForBusiness","","x",""
"CIS (L1) Admin Templates - Windows Components (4.11) - Windows 11 Intune 4.0.0","Do not allow drive redirection","","Enabled","https://docs.microsoft.com/windows/client-management/mdm/policy-csp-remotedesktopservices#remotedesktopservices-donotallowdriveredirection","windows10","Professional; Enterprise; Education; MultiSession; CloudN; CPC; 11SE; iotEnterprise; iotEnterpriseSEval","Home; surfaceHub; hololens; hololensEnterprise; holographicForBusiness","","x",""
"CIS (L1) Admin Templates - Windows Components (4.11) - Windows 11 Intune 4.0.0","Always prompt for password upon connection","","Enabled","https://docs.microsoft.com/windows/client-management/mdm/policy-csp-remotedesktopservices#remotedesktopservices-promptforpassworduponconnection","windows10","Professional; Enterprise; Education; MultiSession; CloudN; CPC; 11SE; iotEnterprise; iotEnterpriseSEval","Home; surfaceHub; hololens; hololensEnterprise; holographicForBusiness","","x",""
"CIS (L1) Admin Templates - Windows Components (4.11) - Windows 11 Intune 4.0.0","Require secure RPC communication","","Enabled","https://docs.microsoft.com/windows/client-management/mdm/policy-csp-remotedesktopservices#remotedesktopservices-requiresecurerpccommunication","windows10","Professional; Enterprise; Education; MultiSession; CloudN; CPC; 11SE; iotEnterprise; iotEnterpriseSEval","Home; surfaceHub; hololens; hololensEnterprise; holographicForBusiness","","x",""
"CIS (L1) Admin Templates - Windows Components (4.11) - Windows 11 Intune 4.0.0","Require use of specific security layer for remote (RDP) connections","","Enabled","https://docs.microsoft.com/windows/client-management/mdm/policy-csp-admx-terminalserver#admx-terminalserver-ts-security-layer-policy","windows10","Professional; Enterprise; Education; MultiSession; CloudN; 11SE; iotEnterprise; iotEnterpriseSEval; holographicForBusiness","Home; CPC; surfaceHub; hololens; hololensEnterprise","x","",""
"CIS (L1) Admin Templates - Windows Components (4.11) - Windows 11 Intune 4.0.0","","Security Layer (Device)","SSL","","windows10","Professional; Enterprise; Education; MultiSession; CloudN; 11SE; iotEnterprise; iotEnterpriseSEval; holographicForBusiness","Home; CPC; surfaceHub; hololens; hololensEnterprise","x","",""
"CIS (L1) Admin Templates - Windows Components (4.11) - Windows 11 Intune 4.0.0","Require user authentication for remote connections by using Network Level Authentication","","Enabled","https://docs.microsoft.com/windows/client-management/mdm/policy-csp-admx-terminalserver#admx-terminalserver-ts-user-authentication-policy","windows10","Professional; Enterprise; Education; MultiSession; CloudN; 11SE; iotEnterprise; iotEnterpriseSEval; holographicForBusiness","Home; CPC; surfaceHub; hololens; hololensEnterprise","x","",""
"CIS (L1) Admin Templates - Windows Components (4.11) - Windows 11 Intune 4.0.0","Set client connection encryption level","","Enabled","https://docs.microsoft.com/windows/client-management/mdm/policy-csp-remotedesktopservices#remotedesktopservices-clientconnectionencryptionlevel","windows10","Professional; Enterprise; Education; MultiSession; CloudN; CPC; 11SE; iotEnterprise; iotEnterpriseSEval","Home; surfaceHub; hololens; hololensEnterprise; holographicForBusiness","","x",""
"CIS (L1) Admin Templates - Windows Components (4.11) - Windows 11 Intune 4.0.0","","Encryption Level","High Level","","windows10","Professional; Enterprise; Education; MultiSession; CloudN; CPC; 11SE; iotEnterprise; iotEnterpriseSEval","Home; surfaceHub; hololens; hololensEnterprise; holographicForBusiness","","x",""
"CIS (L1) Admin Templates - Windows Components (4.11) - Windows 11 Intune 4.0.0","Do not delete temp folders upon exit","","Disabled","https://docs.microsoft.com/windows/client-management/mdm/policy-csp-admx-terminalserver#admx-terminalserver-ts-temp-delete","windows10","Professional; Enterprise; Education; MultiSession; CloudN; 11SE; iotEnterprise; iotEnterpriseSEval; holographicForBusiness","Home; CPC; surfaceHub; hololens; hololensEnterprise","x","",""
"CIS (L1) Admin Templates - Windows Components (4.11) - Windows 11 Intune 4.0.0","Prevent downloading of enclosures","","Enabled","https://docs.microsoft.com/windows/client-management/mdm/policy-csp-internetexplorer#internetexplorer-disableenclosuredownloading","windows10","Professional; Enterprise; Education; MultiSession; CloudN; 11SE; iotEnterprise; iotEnterpriseSEval","Home; CPC; surfaceHub; hololens; hololensEnterprise; holographicForBusiness","","x",""
"CIS (L1) Admin Templates - Windows Components (4.11) - Windows 11 Intune 4.0.0","Turn off the offer to update to the latest version of Windows","","Enabled","https://docs.microsoft.com/windows/client-management/mdm/policy-csp-admx-windowsstore#admx-windowsstore-disableosupgrade-2","windows10","Professional; Enterprise; Education; MultiSession; CloudN; 11SE; iotEnterprise; iotEnterpriseSEval; holographicForBusiness","Home; CPC; surfaceHub; hololens; hololensEnterprise","x","",""
"CIS (L1) Admin Templates - Windows Components (4.11) - Windows 11 Intune 4.0.0","Configure the transmission of the user's password in the content of MPR notifications sent by winlogon.","","Disabled","https://docs.microsoft.com/windows/client-management/mdm/policy-csp-windowslogon#windowslogon-enablemprnotifications","windows10","Professional; Enterprise; Education; CloudN; 11SE; iotEnterprise; iotEnterpriseSEval","Home; MultiSession; CPC; surfaceHub; hololens; hololensEnterprise; holographicForBusiness","","x",""
"CIS (L1) Admin Templates - Windows Components (4.11) - Windows 11 Intune 4.0.0","Sign-in and lock last interactive user automatically after a restart","","Disabled","https://docs.microsoft.com/windows/client-management/mdm/policy-csp-windowslogon#windowslogon-allowautomaticrestartsignon","windows10","Home; Professional; Enterprise; Education; CloudN; 11SE; iotEnterprise; iotEnterpriseSEval","MultiSession; CPC; surfaceHub; hololens; hololensEnterprise; holographicForBusiness","","x",""
"CIS (L1) Admin Templates - Windows Components (4.11) - Windows 11 Intune 4.0.0","Allow Basic authentication","","Disabled","https://docs.microsoft.com/windows/client-management/mdm/policy-csp-remotemanagement#remotemanagement-allowbasicauthentication-client","windows10","Professional; Enterprise; Education; MultiSession; CloudN; 11SE; iotEnterprise; iotEnterpriseSEval","Home; CPC; surfaceHub; hololens; hololensEnterprise; holographicForBusiness","","x",""
"CIS (L1) Admin Templates - Windows Components (4.11) - Windows 11 Intune 4.0.0","Allow unencrypted traffic","","Disabled","https://docs.microsoft.com/windows/client-management/mdm/policy-csp-remotemanagement#remotemanagement-allowunencryptedtraffic-client","windows10","Professional; Enterprise; Education; MultiSession; CloudN; 11SE; iotEnterprise; iotEnterpriseSEval","Home; CPC; surfaceHub; hololens; hololensEnterprise; holographicForBusiness","","x",""
"CIS (L1) Admin Templates - Windows Components (4.11) - Windows 11 Intune 4.0.0","Disallow Digest authentication","","Enabled","https://docs.microsoft.com/windows/client-management/mdm/policy-csp-remotemanagement#remotemanagement-disallowdigestauthentication","windows10","Professional; Enterprise; Education; MultiSession; CloudN; 11SE; iotEnterprise; iotEnterpriseSEval","Home; CPC; surfaceHub; hololens; hololensEnterprise; holographicForBusiness","","x",""
"CIS (L1) Admin Templates - Windows Components (4.11) - Windows 11 Intune 4.0.0","Allow Basic authentication","","Disabled","https://docs.microsoft.com/windows/client-management/mdm/policy-csp-remotemanagement#remotemanagement-allowbasicauthentication-service","windows10","Professional; Enterprise; Education; MultiSession; CloudN; 11SE; iotEnterprise; iotEnterpriseSEval","Home; CPC; surfaceHub; hololens; hololensEnterprise; holographicForBusiness","","x",""
"CIS (L1) Admin Templates - Windows Components (4.11) - Windows 11 Intune 4.0.0","Allow unencrypted traffic","","Disabled","https://docs.microsoft.com/windows/client-management/mdm/policy-csp-remotemanagement#remotemanagement-allowunencryptedtraffic-service","windows10","Professional; Enterprise; Education; MultiSession; CloudN; 11SE; iotEnterprise; iotEnterpriseSEval","Home; CPC; surfaceHub; hololens; hololensEnterprise; holographicForBusiness","","x",""
"CIS (L1) Admin Templates - Windows Components (4.11) - Windows 11 Intune 4.0.0","Disallow WinRM from storing RunAs credentials","","Enabled","https://docs.microsoft.com/windows/client-management/mdm/policy-csp-remotemanagement#remotemanagement-disallowstoringofrunascredentials","windows10","Professional; Enterprise; Education; MultiSession; CloudN; 11SE; iotEnterprise; iotEnterpriseSEval","Home; CPC; surfaceHub; hololens; hololensEnterprise; holographicForBusiness","","x",""
"CIS (L1) Auditing (6) - Windows 11 Intune 4.0.0","Account Logon Audit Credential Validation","","Success+ Failure","https://docs.microsoft.com/windows/client-management/mdm/policy-csp-Audit#accountlogon_auditcredentialvalidation","windows10","Professional; Enterprise; Education; MultiSession; CloudN; CPC; 11SE; iotEnterprise; iotEnterpriseSEval","Home; surfaceHub; hololens; hololensEnterprise; holographicForBusiness","","x",""
"CIS (L1) Auditing (6) - Windows 11 Intune 4.0.0","Account Logon Logoff Audit Account Lockout","","Failure","https://docs.microsoft.com/windows/client-management/mdm/policy-csp-Audit#accountlogonlogoff_auditaccountlockout","windows10","Professional; Enterprise; Education; MultiSession; CloudN; CPC; 11SE; iotEnterprise; iotEnterpriseSEval","Home; surfaceHub; hololens; hololensEnterprise; holographicForBusiness","","x",""
"CIS (L1) Auditing (6) - Windows 11 Intune 4.0.0","Account Logon Logoff Audit Group Membership","","Success","https://docs.microsoft.com/windows/client-management/mdm/policy-csp-Audit#accountlogonlogoff_auditgroupmembership","windows10","Professional; Enterprise; Education; MultiSession; CloudN; CPC; 11SE; iotEnterprise; iotEnterpriseSEval","Home; surfaceHub; hololens; hololensEnterprise; holographicForBusiness","","x",""
"CIS (L1) Auditing (6) - Windows 11 Intune 4.0.0","Account Logon Logoff Audit Logoff","","Success","https://docs.microsoft.com/windows/client-management/mdm/policy-csp-Audit#accountlogonlogoff_auditlogoff","windows10","Professional; Enterprise; Education; MultiSession; CloudN; CPC; 11SE; iotEnterprise; iotEnterpriseSEval","Home; surfaceHub; hololens; hololensEnterprise; holographicForBusiness","x","",""
"CIS (L1) Auditing (6) - Windows 11 Intune 4.0.0","Account Logon Logoff Audit Logon","","Success+ Failure","https://docs.microsoft.com/windows/client-management/mdm/policy-csp-Audit#accountlogonlogoff_auditlogon","windows10","Professional; Enterprise; Education; MultiSession; CloudN; CPC; 11SE; iotEnterprise; iotEnterpriseSEval","Home; surfaceHub; hololens; hololensEnterprise; holographicForBusiness","","x",""
"CIS (L1) Auditing (6) - Windows 11 Intune 4.0.0","Account Management Audit Application Group Management","","Success+ Failure","https://docs.microsoft.com/windows/client-management/mdm/policy-csp-Audit#accountmanagement_auditapplicationgroupmanagement","windows10","Professional; Enterprise; Education; MultiSession; CloudN; CPC; 11SE; iotEnterprise; iotEnterpriseSEval","Home; surfaceHub; hololens; hololensEnterprise; holographicForBusiness","x","",""
"CIS (L1) Auditing (6) - Windows 11 Intune 4.0.0","Audit Authentication Policy Change","","Success","https://docs.microsoft.com/windows/client-management/mdm/policy-csp-Audit#policychange_auditauthenticationpolicychange","windows10","Professional; Enterprise; Education; MultiSession; CloudN; CPC; 11SE; iotEnterprise; iotEnterpriseSEval","Home; surfaceHub; hololens; hololensEnterprise; holographicForBusiness","","x",""
"CIS (L1) Auditing (6) - Windows 11 Intune 4.0.0","Audit Authorization Policy Change","","Success","https://docs.microsoft.com/windows/client-management/mdm/policy-csp-Audit#policychange_auditauthorizationpolicychange","windows10","Professional; Enterprise; Education; MultiSession; CloudN; CPC; 11SE; iotEnterprise; iotEnterpriseSEval","Home; surfaceHub; hololens; hololensEnterprise; holographicForBusiness","x","",""
"CIS (L1) Auditing (6) - Windows 11 Intune 4.0.0","Audit Changes to Audit Policy","","Success","https://docs.microsoft.com/windows/client-management/mdm/policy-csp-Audit#policychange_auditpolicychange","windows10","Professional; Enterprise; Education; MultiSession; CloudN; CPC; 11SE; iotEnterprise; iotEnterpriseSEval","Home; surfaceHub; hololens; hololensEnterprise; holographicForBusiness","","x",""
"CIS (L1) Auditing (6) - Windows 11 Intune 4.0.0","Audit File Share Access","","Success+Failure","https://docs.microsoft.com/windows/client-management/mdm/policy-csp-Audit#objectaccess_auditfileshare","windows10","Professional; Enterprise; Education; MultiSession; CloudN; CPC; 11SE; iotEnterprise; iotEnterpriseSEval","Home; surfaceHub; hololens; hololensEnterprise; holographicForBusiness","","x",""
"CIS (L1) Auditing (6) - Windows 11 Intune 4.0.0","Audit Other Logon Logoff Events","","Success+Failure","https://docs.microsoft.com/windows/client-management/mdm/policy-csp-Audit#accountlogonlogoff_auditotherlogonlogoffevents","windows10","Professional; Enterprise; Education; MultiSession; CloudN; CPC; 11SE; iotEnterprise; iotEnterpriseSEval","Home; surfaceHub; hololens; hololensEnterprise; holographicForBusiness","","x",""
"CIS (L1) Auditing (6) - Windows 11 Intune 4.0.0","Audit Security Group Management","","Success","https://docs.microsoft.com/windows/client-management/mdm/policy-csp-Audit#accountmanagement_auditsecuritygroupmanagement","windows10","Professional; Enterprise; Education; MultiSession; CloudN; CPC; 11SE; iotEnterprise; iotEnterpriseSEval","Home; surfaceHub; hololens; hololensEnterprise; holographicForBusiness","","x",""
"CIS (L1) Auditing (6) - Windows 11 Intune 4.0.0","Audit Security System Extension","","Success","https://docs.microsoft.com/windows/client-management/mdm/policy-csp-Audit#system_auditsecuritysystemextension","windows10","Professional; Enterprise; Education; MultiSession; CloudN; CPC; 11SE; iotEnterprise; iotEnterpriseSEval","Home; surfaceHub; hololens; hololensEnterprise; holographicForBusiness","","x",""
"CIS (L1) Auditing (6) - Windows 11 Intune 4.0.0","Audit Special Logon","","Success","https://docs.microsoft.com/windows/client-management/mdm/policy-csp-Audit#accountlogonlogoff_auditspeciallogon","windows10","Professional; Enterprise; Education; MultiSession; CloudN; CPC; 11SE; iotEnterprise; iotEnterpriseSEval","Home; surfaceHub; hololens; hololensEnterprise; holographicForBusiness","","x",""
"CIS (L1) Auditing (6) - Windows 11 Intune 4.0.0","Audit User Account Management","","Success+Failure","https://docs.microsoft.com/windows/client-management/mdm/policy-csp-Audit#accountmanagement_audituseraccountmanagement","windows10","Professional; Enterprise; Education; MultiSession; CloudN; CPC; 11SE; iotEnterprise; iotEnterpriseSEval","Home; surfaceHub; hololens; hololensEnterprise; holographicForBusiness","","x",""
"CIS (L1) Auditing (6) - Windows 11 Intune 4.0.0","Detailed Tracking Audit PNP Activity","","Success","https://docs.microsoft.com/windows/client-management/mdm/policy-csp-Audit#detailedtracking_auditpnpactivity","windows10","Professional; Enterprise; Education; MultiSession; CloudN; CPC; 11SE; iotEnterprise; iotEnterpriseSEval","Home; surfaceHub; hololens; hololensEnterprise; holographicForBusiness","","x",""
"CIS (L1) Auditing (6) - Windows 11 Intune 4.0.0","Detailed Tracking Audit Process Creation","","Success","https://docs.microsoft.com/windows/client-management/mdm/policy-csp-Audit#detailedtracking_auditprocesscreation","windows10","Professional; Enterprise; Education; MultiSession; CloudN; CPC; 11SE; iotEnterprise; iotEnterpriseSEval","Home; surfaceHub; hololens; hololensEnterprise; holographicForBusiness","","x",""
"CIS (L1) Auditing (6) - Windows 11 Intune 4.0.0","Object Access Audit Detailed File Share","","Failure","https://docs.microsoft.com/windows/client-management/mdm/policy-csp-Audit#objectaccess_auditdetailedfileshare","windows10","Professional; Enterprise; Education; MultiSession; CloudN; CPC; 11SE; iotEnterprise; iotEnterpriseSEval","Home; surfaceHub; hololens; hololensEnterprise; holographicForBusiness","","x",""
"CIS (L1) Auditing (6) - Windows 11 Intune 4.0.0","Object Access Audit Other Object Access Events","","Success+ Failure","https://docs.microsoft.com/windows/client-management/mdm/policy-csp-Audit#objectaccess_auditotherobjectaccessevents","windows10","Professional; Enterprise; Education; MultiSession; CloudN; CPC; 11SE; iotEnterprise; iotEnterpriseSEval","Home; surfaceHub; hololens; hololensEnterprise; holographicForBusiness","","x",""
"CIS (L1) Auditing (6) - Windows 11 Intune 4.0.0","Object Access Audit Removable Storage","","Success+ Failure","https://docs.microsoft.com/windows/client-management/mdm/policy-csp-Audit#objectaccess_auditremovablestorage","windows10","Professional; Enterprise; Education; MultiSession; CloudN; CPC; 11SE; iotEnterprise; iotEnterpriseSEval","Home; surfaceHub; hololens; hololensEnterprise; holographicForBusiness","","x",""
"CIS (L1) Auditing (6) - Windows 11 Intune 4.0.0","Policy Change Audit MPSSVC Rule Level Policy Change","","Success+ Failure","https://docs.microsoft.com/windows/client-management/mdm/policy-csp-Audit#policychange_auditmpssvcrulelevelpolicychange","windows10","Professional; Enterprise; Education; MultiSession; CloudN; CPC; 11SE; iotEnterprise; iotEnterpriseSEval","Home; surfaceHub; hololens; hololensEnterprise; holographicForBusiness","","x",""
"CIS (L1) Auditing (6) - Windows 11 Intune 4.0.0","Policy Change Audit Other Policy Change Events","","Failure","https://docs.microsoft.com/windows/client-management/mdm/policy-csp-Audit#policychange_auditotherpolicychangeevents","windows10","Professional; Enterprise; Education; MultiSession; CloudN; CPC; 11SE; iotEnterprise; iotEnterpriseSEval","Home; surfaceHub; hololens; hololensEnterprise; holographicForBusiness","","x",""
"CIS (L1) Auditing (6) - Windows 11 Intune 4.0.0","Privilege Use Audit Sensitive Privilege Use","","Success+ Failure","https://docs.microsoft.com/windows/client-management/mdm/policy-csp-Audit#privilegeuse_auditsensitiveprivilegeuse","windows10","Professional; Enterprise; Education; MultiSession; CloudN; CPC; 11SE; iotEnterprise; iotEnterpriseSEval","Home; surfaceHub; hololens; hololensEnterprise; holographicForBusiness","","","x"
"CIS (L1) Auditing (6) - Windows 11 Intune 4.0.0","System Audit I Psec Driver","","Success+ Failure","https://docs.microsoft.com/windows/client-management/mdm/policy-csp-Audit#system_auditipsecdriver","windows10","Professional; Enterprise; Education; MultiSession; CloudN; CPC; 11SE; iotEnterprise; iotEnterpriseSEval","Home; surfaceHub; hololens; hololensEnterprise; holographicForBusiness","x","",""
"CIS (L1) Auditing (6) - Windows 11 Intune 4.0.0","System Audit Other System Events","","Success+ Failure","https://docs.microsoft.com/windows/client-management/mdm/policy-csp-Audit#system_auditothersystemevents","windows10","Professional; Enterprise; Education; MultiSession; CloudN; CPC; 11SE; iotEnterprise; iotEnterpriseSEval","Home; surfaceHub; hololens; hololensEnterprise; holographicForBusiness","","x",""
"CIS (L1) Auditing (6) - Windows 11 Intune 4.0.0","System Audit Security State Change","","Success","https://docs.microsoft.com/windows/client-management/mdm/policy-csp-Audit#system_auditsecuritystatechange","windows10","Professional; Enterprise; Education; MultiSession; CloudN; CPC; 11SE; iotEnterprise; iotEnterpriseSEval","Home; surfaceHub; hololens; hololensEnterprise; holographicForBusiness","","x",""
"CIS (L1) Auditing (6) - Windows 11 Intune 4.0.0","System Audit System Integrity","","Success+ Failure","https://docs.microsoft.com/windows/client-management/mdm/policy-csp-Audit#system_auditsystemintegrity","windows10","Professional; Enterprise; Education; MultiSession; CloudN; CPC; 11SE; iotEnterprise; iotEnterpriseSEval","Home; surfaceHub; hololens; hololensEnterprise; holographicForBusiness","","x",""
"CIS (L1) Autopilot - Windows 11 Intune 4.0.0","MSS: (AutoAdminLogon) Enable Automatic Logon (not recommended)","","Disabled","https://docs.microsoft.com/windows/client-management/mdm/policy-csp-admx-mss-legacy#admx-mss-legacy-pol-mss-autoadminlogon","windows10","Professional; Enterprise; Education; MultiSession; CloudN; 11SE; iotEnterprise; iotEnterpriseSEval; holographicForBusiness","Home; CPC; surfaceHub; hololens; hololensEnterprise","x","",""
"CIS (L1) Autopilot - Windows 11 Intune 4.0.0","Device Password Enabled","","Enabled","https://docs.microsoft.com/en-us/windows/client-management/mdm/policy-csp-devicelock#devicepasswordenabled","windows10","Home; Professional; Enterprise; Education; MultiSession; CloudN; CPC; 11SE; iotEnterprise; iotEnterpriseSEval; holographicForBusiness","surfaceHub; hololens; hololensEnterprise","","x",""
"CIS (L1) Autopilot - Windows 11 Intune 4.0.0","","Device Password History","24","https://docs.microsoft.com/en-us/windows/client-management/mdm/policy-csp-devicelock#devicepasswordhistory","windows10","Home; Professional; Enterprise; Education; MultiSession; CloudN; CPC; 11SE; iotEnterprise; iotEnterpriseSEval; holographicForBusiness","surfaceHub; hololens; hololensEnterprise","","x",""
"CIS (L1) Autopilot - Windows 11 Intune 4.0.0","Interactive Logon Message Text For Users Attempting To Log On","","Insert text here","https://docs.microsoft.com/windows/client-management/mdm/policy-csp-LocalPoliciesSecurityOptions#interactivelogon_messagetextforusersattemptingtologon","windows10","Professional; Enterprise; Education; MultiSession; CloudN; CPC; 11SE; iotEnterprise; iotEnterpriseSEval","Home; surfaceHub; hololens; hololensEnterprise; holographicForBusiness","x","",""
"CIS (L1) Autopilot - Windows 11 Intune 4.0.0","Interactive Logon Message Title For Users Attempting To Log On","","Enter title here","https://docs.microsoft.com/windows/client-management/mdm/policy-csp-LocalPoliciesSecurityOptions#interactivelogon_messagetitleforusersattemptingtologon","windows10","Professional; Enterprise; Education; MultiSession; CloudN; CPC; 11SE; iotEnterprise; iotEnterpriseSEval","Home; surfaceHub; hololens; hololensEnterprise; holographicForBusiness","x","",""
"CIS (L1) Autopilot - Windows 11 Intune 4.0.0","User Account Control Behavior Of The Elevation Prompt For Administrators","","Prompt for consent on the secure desktop","https://docs.microsoft.com/windows/client-management/mdm/policy-csp-LocalPoliciesSecurityOptions#useraccountcontrol_behavioroftheelevationpromptforadministrators","windows10","Professional; Enterprise; Education; MultiSession; CloudN; CPC; 11SE; iotEnterprise; iotEnterpriseSEval","Home; surfaceHub; hololens; hololensEnterprise; holographicForBusiness","","x",""
"CIS (L1) Autopilot - Windows 11 Intune 4.0.0","Hypervisor Enforced Code Integrity","","(Enabled with UEFI lock) Turns on Hypervisor-Protected Code Integrity with UEFI lock.","https://docs.microsoft.com/windows/client-management/mdm/policy-csp-VirtualizationBasedTechnology#hypervisorenforcedcodeintegrity","windows10","Professional; Enterprise; Education; MultiSession; CPC; iotEnterprise; iotEnterpriseSEval","Home; CloudN; 11SE; surfaceHub; hololens; hololensEnterprise; holographicForBusiness","","x",""
"CIS (L1) Defender - Windows 11 Intune 4.0.0","Configure local setting override for reporting to Microsoft MAPS","","Disabled","https://docs.microsoft.com/windows/client-management/mdm/policy-csp-admx-microsoftdefenderantivirus#admx-microsoftdefenderantivirus-spynet-localsettingoverridespynetreporting","windows10","Professional; Enterprise; Education; MultiSession; CloudN; 11SE; iotEnterprise; iotEnterpriseSEval; holographicForBusiness","Home; CPC; surfaceHub; hololens; hololensEnterprise","x","",""
"CIS (L1) Defender - Windows 11 Intune 4.0.0","Allow Behavior Monitoring","","Allowed. Turns on real-time behavior monitoring.","https://docs.microsoft.com/en-us/windows/client-management/mdm/policy-csp-defender","windows10","Home; Professional; Enterprise; Education; MultiSession; CloudN; CPC; 11SE; iotEnterprise; iotEnterpriseSEval","surfaceHub; hololens; hololensEnterprise; holographicForBusiness","","x",""
"CIS (L1) Defender - Windows 11 Intune 4.0.0","Allow Email Scanning","","Allowed. Turns on email scanning.","https://docs.microsoft.com/en-us/windows/client-management/mdm/policy-csp-defender","windows10","Home; Professional; Enterprise; Education; MultiSession; CloudN; CPC; 11SE; iotEnterprise; iotEnterpriseSEval","surfaceHub; hololens; hololensEnterprise; holographicForBusiness","x","",""
"CIS (L1) Defender - Windows 11 Intune 4.0.0","Allow Full Scan Removable Drive Scanning","","Allowed. Scans removable drives.","https://docs.microsoft.com/en-us/windows/client-management/mdm/policy-csp-defender","windows10","Home; Professional; Enterprise; Education; MultiSession; CloudN; CPC; 11SE; iotEnterprise; iotEnterpriseSEval","surfaceHub; hololens; hololensEnterprise; holographicForBusiness","","x",""
"CIS (L1) Defender - Windows 11 Intune 4.0.0","Allow Realtime Monitoring","","Allowed. Turns on and runs the real-time monitoring service.","https://docs.microsoft.com/en-us/windows/client-management/mdm/policy-csp-defender","windows10","Home; Professional; Enterprise; Education; MultiSession; CloudN; CPC; 11SE; iotEnterprise; iotEnterpriseSEval","surfaceHub; hololens; hololensEnterprise; holographicForBusiness","","x",""
"CIS (L1) Defender - Windows 11 Intune 4.0.0","Allow scanning of all downloaded files and attachments","","Allowed.","https://docs.microsoft.com/en-us/windows/client-management/mdm/policy-csp-defender","windows10","Home; Professional; Enterprise; Education; MultiSession; CloudN; CPC; 11SE; iotEnterprise; iotEnterpriseSEval","surfaceHub; hololens; hololensEnterprise; holographicForBusiness","","x",""
"CIS (L1) Defender - Windows 11 Intune 4.0.0","Allow Script Scanning","","Allowed.","https://docs.microsoft.com/en-us/windows/client-management/mdm/policy-csp-defender","windows10","Home; Professional; Enterprise; Education; MultiSession; CloudN; CPC; 11SE; iotEnterprise; iotEnterpriseSEval","surfaceHub; hololens; hololensEnterprise; holographicForBusiness","","x",""
"CIS (L1) Defender - Windows 11 Intune 4.0.0","Attack Surface Reduction Rules","","","https://docs.microsoft.com/en-us/windows/client-management/mdm/policy-csp-defender#attacksurfacereductionrules","windows10","Home; Professional; Enterprise; Education; MultiSession; iotEnterprise; surfaceHub","CloudN; CPC; 11SE; iotEnterpriseSEval; hololens; hololensEnterprise; holographicForBusiness","","x",""
"CIS (L1) Defender - Windows 11 Intune 4.0.0","","Block abuse of exploited vulnerable signed drivers (Device)","Block","https://docs.microsoft.com/en-us/windows/security/threat-protection/microsoft-defender-atp/attack-surface-reduction","windows10","Home; Professional; Enterprise; Education; MultiSession; iotEnterprise; surfaceHub","CloudN; CPC; 11SE; iotEnterpriseSEval; hololens; hololensEnterprise; holographicForBusiness","x","",""
"CIS (L1) Defender - Windows 11 Intune 4.0.0","","Block Adobe Reader from creating child processes","Block","https://docs.microsoft.com/en-us/windows/security/threat-protection/microsoft-defender-atp/attack-surface-reduction","windows10","Home; Professional; Enterprise; Education; MultiSession; iotEnterprise; surfaceHub","CloudN; CPC; 11SE; iotEnterpriseSEval; hololens; hololensEnterprise; holographicForBusiness","","x",""
"CIS (L1) Defender - Windows 11 Intune 4.0.0","","Block all Office applications from creating child processes","Audit","https://docs.microsoft.com/en-us/windows/security/threat-protection/microsoft-defender-atp/attack-surface-reduction","windows10","Home; Professional; Enterprise; Education; MultiSession; iotEnterprise; surfaceHub","CloudN; CPC; 11SE; iotEnterpriseSEval; hololens; hololensEnterprise; holographicForBusiness","","","x"
"CIS (L1) Defender - Windows 11 Intune 4.0.0","","Block credential stealing from the Windows local security authority subsystem","Block","https://docs.microsoft.com/en-us/windows/security/threat-protection/microsoft-defender-atp/attack-surface-reduction","windows10","Home; Professional; Enterprise; Education; MultiSession; iotEnterprise; surfaceHub","CloudN; CPC; 11SE; iotEnterpriseSEval; hololens; hololensEnterprise; holographicForBusiness","","x",""
"CIS (L1) Defender - Windows 11 Intune 4.0.0","","Block executable content from email client and webmail","Block","https://docs.microsoft.com/en-us/windows/security/threat-protection/microsoft-defender-atp/attack-surface-reduction","windows10","Home; Professional; Enterprise; Education; MultiSession; iotEnterprise; surfaceHub","CloudN; CPC; 11SE; iotEnterpriseSEval; hololens; hololensEnterprise; holographicForBusiness","","x",""
"CIS (L1) Defender - Windows 11 Intune 4.0.0","","Block executable files from running unless they meet a prevalence, age, or trusted list criterion","Audit","https://docs.microsoft.com/en-us/windows/security/threat-protection/microsoft-defender-atp/attack-surface-reduction","windows10","Home; Professional; Enterprise; Education; MultiSession; iotEnterprise; surfaceHub","CloudN; CPC; 11SE; iotEnterpriseSEval; hololens; hololensEnterprise; holographicForBusiness","x","",""
"CIS (L1) Defender - Windows 11 Intune 4.0.0","","Block execution of potentially obfuscated scripts","Audit","https://docs.microsoft.com/en-us/windows/security/threat-protection/microsoft-defender-atp/attack-surface-reduction","windows10","Home; Professional; Enterprise; Education; MultiSession; iotEnterprise; surfaceHub","CloudN; CPC; 11SE; iotEnterpriseSEval; hololens; hololensEnterprise; holographicForBusiness","","","x"
"CIS (L1) Defender - Windows 11 Intune 4.0.0","","Block JavaScript or VBScript from launching downloaded executable content","Block","https://docs.microsoft.com/en-us/windows/security/threat-protection/microsoft-defender-atp/attack-surface-reduction","windows10","Home; Professional; Enterprise; Education; MultiSession; iotEnterprise; surfaceHub","CloudN; CPC; 11SE; iotEnterpriseSEval; hololens; hololensEnterprise; holographicForBusiness","","x",""
"CIS (L1) Defender - Windows 11 Intune 4.0.0","","Block Office applications from creating executable content","Block","https://docs.microsoft.com/en-us/windows/security/threat-protection/microsoft-defender-atp/attack-surface-reduction","windows10","Home; Professional; Enterprise; Education; MultiSession; iotEnterprise; surfaceHub","CloudN; CPC; 11SE; iotEnterpriseSEval; hololens; hololensEnterprise; holographicForBusiness","","x",""
"CIS (L1) Defender - Windows 11 Intune 4.0.0","","Block Office applications from injecting code into other processes","Block","https://docs.microsoft.com/en-us/windows/security/threat-protection/microsoft-defender-atp/attack-surface-reduction","windows10","Home; Professional; Enterprise; Education; MultiSession; iotEnterprise; surfaceHub","CloudN; CPC; 11SE; iotEnterpriseSEval; hololens; hololensEnterprise; holographicForBusiness","","x",""
"CIS (L1) Defender - Windows 11 Intune 4.0.0","","Block Office communication application from creating child processes","Audit","https://docs.microsoft.com/en-us/windows/security/threat-protection/microsoft-defender-atp/attack-surface-reduction","windows10","Home; Professional; Enterprise; Education; MultiSession; iotEnterprise; surfaceHub","CloudN; CPC; 11SE; iotEnterpriseSEval; hololens; hololensEnterprise; holographicForBusiness","","","x"
"CIS (L1) Defender - Windows 11 Intune 4.0.0","","Block persistence through WMI event subscription","Block","https://docs.microsoft.com/en-us/windows/security/threat-protection/microsoft-defender-atp/attack-surface-reduction","windows10","Home; Professional; Enterprise; Education; MultiSession; iotEnterprise; surfaceHub","CloudN; CPC; 11SE; iotEnterpriseSEval; hololens; hololensEnterprise; holographicForBusiness","x","",""
"CIS (L1) Defender - Windows 11 Intune 4.0.0","","Block process creations originating from PSExec and WMI commands","Audit","https://docs.microsoft.com/en-us/windows/security/threat-protection/microsoft-defender-atp/attack-surface-reduction","windows10","Home; Professional; Enterprise; Education; MultiSession; iotEnterprise; surfaceHub","CloudN; CPC; 11SE; iotEnterpriseSEval; hololens; hololensEnterprise; holographicForBusiness","","x",""
"CIS (L1) Defender - Windows 11 Intune 4.0.0","","Block untrusted and unsigned processes that run from USB","Block","https://docs.microsoft.com/en-us/windows/security/threat-protection/microsoft-defender-atp/attack-surface-reduction","windows10","Home; Professional; Enterprise; Education; MultiSession; iotEnterprise; surfaceHub","CloudN; CPC; 11SE; iotEnterpriseSEval; hololens; hololensEnterprise; holographicForBusiness","","x",""
"CIS (L1) Defender - Windows 11 Intune 4.0.0","","Block Win32 API calls from Office macros","Block","https://docs.microsoft.com/en-us/windows/security/threat-protection/microsoft-defender-atp/attack-surface-reduction","windows10","Home; Professional; Enterprise; Education; MultiSession; iotEnterprise; surfaceHub","CloudN; CPC; 11SE; iotEnterpriseSEval; hololens; hololensEnterprise; holographicForBusiness","","x",""
"CIS (L1) Defender - Windows 11 Intune 4.0.0","","Use advanced protection against ransomware","Audit","https://docs.microsoft.com/en-us/windows/security/threat-protection/microsoft-defender-atp/attack-surface-reduction","windows10","Home; Professional; Enterprise; Education; MultiSession; iotEnterprise; surfaceHub","CloudN; CPC; 11SE; iotEnterpriseSEval; hololens; hololensEnterprise; holographicForBusiness","x","",""
"CIS (L1) Defender - Windows 11 Intune 4.0.0","Days Until Aggressive Catchup Quick Scan","","7","https://docs.microsoft.com/windows/client-management/mdm/Defender-csp/","windows10","Home; Professional; Enterprise; Education; MultiSession; CloudN; CPC; 11SE; iotEnterprise; iotEnterpriseSEval","surfaceHub; hololens; hololensEnterprise; holographicForBusiness","x","",""
"CIS (L1) Defender - Windows 11 Intune 4.0.0","Enable Network Protection","","Enabled (block mode)","https://docs.microsoft.com/en-us/windows/client-management/mdm/policy-csp-defender","windows10","Home; Professional; Enterprise; Education; MultiSession; CloudN; CPC; 11SE; iotEnterprise; iotEnterpriseSEval","surfaceHub; hololens; hololensEnterprise; holographicForBusiness","","x",""
"CIS (L1) Defender - Windows 11 Intune 4.0.0","Hide Exclusions From Local Users","","If you enable this setting, local users will no longer be able to see the exclusion list in Windows Security App or via PowerShell.","https://docs.microsoft.com/windows/client-management/mdm/Defender-csp/","windows10","Home; Professional; Enterprise; Education; MultiSession; CloudN; CPC; 11SE; iotEnterprise; iotEnterpriseSEval","surfaceHub; hololens; hololensEnterprise; holographicForBusiness","x","",""
"CIS (L1) Defender - Windows 11 Intune 4.0.0","Oobe Enable Rtp And Sig Update","","If you enable this setting, real-time protection and Security Intelligence Updates are enabled during OOBE.","https://docs.microsoft.com/windows/client-management/mdm/Defender-csp/","windows10","Home; Professional; Enterprise; Education; MultiSession; CloudN; CPC; 11SE; iotEnterprise; iotEnterpriseSEval","surfaceHub; hololens; hololensEnterprise; holographicForBusiness","","x",""
"CIS (L1) Defender - Windows 11 Intune 4.0.0","PUA Protection","","PUA Protection on. Detected items are blocked. They will show in history along with other threats.","https://docs.microsoft.com/en-us/windows/client-management/mdm/policy-csp-defender","windows10","Home; Professional; Enterprise; Education; MultiSession; CloudN; CPC; 11SE; iotEnterprise; iotEnterpriseSEval","surfaceHub; hololens; hololensEnterprise; holographicForBusiness","","x",""
"CIS (L1) Defender - Windows 11 Intune 4.0.0","Quick Scan Include Exclusions","","If you set this setting to 1, all files and directories that are excluded from real-time protection using contextual exclusions are scanned during a quick scan.","https://docs.microsoft.com/windows/client-management/mdm/Defender-csp/","windows10","Home; Professional; Enterprise; Education; MultiSession; CloudN; CPC; 11SE; iotEnterprise; iotEnterpriseSEval","surfaceHub; hololens; hololensEnterprise; holographicForBusiness","","x",""
"CIS (L1) Defender - Windows 11 Intune 4.0.0","Remote Encryption Protection Configured State","","Audit: Generate EDR detections without blocking","https://docs.microsoft.com/windows/client-management/mdm/Defender-csp/","windows10","Home; Professional; Enterprise; Education; MultiSession; CloudN; CPC; 11SE; iotEnterprise; iotEnterpriseSEval","surfaceHub; hololens; hololensEnterprise; holographicForBusiness","x","",""
"CIS (L1) Defender - Windows 11 Intune 4.0.0","Disallow Exploit Protection Override","","(Enable) Local users cannot make changes in the exploit protection settings area.","https://docs.microsoft.com/windows/client-management/mdm/policy-csp-WindowsDefenderSecurityCenter#disallowexploitprotectionoverride","windows10","Home; Professional; Enterprise; Education; MultiSession; CloudN; 11SE; iotEnterprise; iotEnterpriseSEval","CPC; surfaceHub; hololens; hololensEnterprise; holographicForBusiness","x","",""
"CIS (L1) Device Lock & WHFB - Windows 11 Intune 4.0.0 ","Device Password Enabled","","Enabled","https://docs.microsoft.com/en-us/windows/client-management/mdm/policy-csp-devicelock#devicepasswordenabled","windows10","Home; Professional; Enterprise; Education; MultiSession; CloudN; CPC; 11SE; iotEnterprise; iotEnterpriseSEval; holographicForBusiness","surfaceHub; hololens; hololensEnterprise","","x",""
"CIS (L1) Device Lock & WHFB - Windows 11 Intune 4.0.0 ","","Alphanumeric Device Password Required","Password or Alphanumeric PIN required.","https://docs.microsoft.com/en-us/windows/client-management/mdm/policy-csp-devicelock#alphanumericdevicepasswordrequired","windows10","Home; Professional; Enterprise; Education; MultiSession; CloudN; CPC; 11SE; iotEnterprise; iotEnterpriseSEval; holographicForBusiness","surfaceHub; hololens; hololensEnterprise","x","",""
"CIS (L1) Device Lock & WHFB - Windows 11 Intune 4.0.0 ","","Min Device Password Complex Characters","Digits and lowercase letters are required","https://docs.microsoft.com/en-us/windows/client-management/mdm/policy-csp-devicelock#mindevicepasswordcomplexcharacters","windows10","Home; Professional; Enterprise; Education; MultiSession; CloudN; CPC; 11SE; iotEnterprise; iotEnterpriseSEval; holographicForBusiness","surfaceHub; hololens; hololensEnterprise","x","",""
"CIS (L1) Device Lock & WHFB - Windows 11 Intune 4.0.0 ","","Device Password Expiration","365","https://docs.microsoft.com/en-us/windows/client-management/mdm/policy-csp-devicelock#devicepasswordexpiration","windows10","Home; Professional; Enterprise; Education; MultiSession; CloudN; CPC; 11SE; iotEnterprise; iotEnterpriseSEval; holographicForBusiness","surfaceHub; hololens; hololensEnterprise","x","",""
"CIS (L1) Device Lock & WHFB - Windows 11 Intune 4.0.0 ","","Max Device Password Failed Attempts","5","https://docs.microsoft.com/en-us/windows/client-management/mdm/policy-csp-devicelock#maxdevicepasswordfailedattempts","windows10","Home; Professional; Enterprise; Education; MultiSession; CloudN; CPC; 11SE; iotEnterprise; iotEnterpriseSEval; holographicForBusiness","surfaceHub; hololens; hololensEnterprise","x","",""
"CIS (L1) Device Lock & WHFB - Windows 11 Intune 4.0.0 ","","Max Inactivity Time Device Lock","15","https://docs.microsoft.com/en-us/windows/client-management/mdm/policy-csp-devicelock#maxinactivitytimedevicelock","windows10","Home; Professional; Enterprise; Education; MultiSession; CloudN; CPC; 11SE; iotEnterprise; iotEnterpriseSEval; holographicForBusiness","surfaceHub; hololens; hololensEnterprise","x","",""
"CIS (L1) Device Lock & WHFB - Windows 11 Intune 4.0.0 ","","Min Device Password Length","14","https://docs.microsoft.com/en-us/windows/client-management/mdm/policy-csp-devicelock#mindevicepasswordlength","windows10","Home; Professional; Enterprise; Education; MultiSession; CloudN; CPC; 11SE; iotEnterprise; iotEnterpriseSEval; holographicForBusiness","surfaceHub; hololens; hololensEnterprise","","x",""
"CIS (L1) Device Lock & WHFB - Windows 11 Intune 4.0.0 ","Minimum Password Age","","1","https://docs.microsoft.com/en-us/windows/client-management/mdm/policy-csp-devicelock#minimumpasswordage","windows10","Home; Professional; Enterprise; Education; MultiSession; CloudN; CPC; 11SE; iotEnterprise; iotEnterpriseSEval","surfaceHub; hololens; hololensEnterprise; holographicForBusiness","x","",""
"CIS (L1) Device Lock & WHFB - Windows 11 Intune 4.0.0 ","Device-scoped settings","","","","windows10","Home; Professional; Enterprise; Education; MultiSession; CloudN; CPC; 11SE; iotEnterprise; iotEnterpriseSEval; holographicForBusiness","surfaceHub; hololens; hololensEnterprise","x","",""
"CIS (L1) Device Lock & WHFB - Windows 11 Intune 4.0.0 ","","Minimum PIN Length","6","https://docs.microsoft.com/windows/client-management/mdm/PassportForWork-csp/","windows10","Home; Professional; Enterprise; Education; MultiSession; CloudN; CPC; 11SE; iotEnterprise; iotEnterpriseSEval; holographicForBusiness","surfaceHub; hololens; hololensEnterprise","x","",""
"CIS (L1) Device Lock & WHFB - Windows 11 Intune 4.0.0 ","","Require Security Device","true","https://docs.microsoft.com/windows/client-management/mdm/PassportForWork-csp/","windows10","Home; Professional; Enterprise; Education; MultiSession; CloudN; CPC; 11SE; iotEnterprise; iotEnterpriseSEval; holographicForBusiness","surfaceHub; hololens; hololensEnterprise","x","",""
"CIS (L1) Device Lock & WHFB - Windows 11 Intune 4.0.0 ","Enable ESS with Supported Peripherals","","Enhanced sign-in security will be enabled on systems with capable software and hardware, following the existing default behavior in Windows. For systems with one secure modality (face or fingerprint) and one insecure modality (fingerprint or face), only the secure sensor can be used for sign-in and the insecure sensor(s) will be blocked. This includes peripheral devices, which are unsupported and will be unusable. (default and recommended for highest security)","https://docs.microsoft.com/windows/client-management/mdm/PassportForWork-csp/","windows10","Home; Professional; Enterprise; Education; MultiSession; CloudN; CPC; 11SE; iotEnterprise; iotEnterpriseSEval; holographicForBusiness","surfaceHub; hololens; hololensEnterprise","x","",""
"CIS (L1) Device Lock & WHFB - Windows 11 Intune 4.0.0 ","Facial Features Use Enhanced Anti Spoofing","","true","https://docs.microsoft.com/windows/client-management/mdm/PassportForWork-csp/","windows10","Home; Professional; Enterprise; Education; MultiSession; CloudN; CPC; 11SE; iotEnterprise; iotEnterpriseSEval; holographicForBusiness","surfaceHub; hololens; hololensEnterprise","","x",""
"CIS (L1) Device Lock & WHFB - Windows 11 Intune 4.0.0 ","User-scoped settings","","","","windows10","Home; Professional; Enterprise; Education; MultiSession; CloudN; CPC; 11SE; iotEnterprise; iotEnterpriseSEval; holographicForBusiness","surfaceHub; hololens; hololensEnterprise","x","",""
"CIS (L1) Device Lock & WHFB - Windows 11 Intune 4.0.0 ","","Require Security Device (User)","true","https://docs.microsoft.com/windows/client-management/mdm/PassportForWork-csp/","windows10","Home; Professional; Enterprise; Education; MultiSession; CloudN; CPC; 11SE; iotEnterprise; iotEnterpriseSEval; holographicForBusiness","surfaceHub; hololens; hololensEnterprise","x","",""
"CIS (L1) Firewall (38) - Windows 11 Intune 4.0.0 ","Enable Domain Network Firewall","","True","https://docs.microsoft.com/en-us/windows/client-management/mdm/firewall-csp","windows10","Professional; Enterprise; Education; MultiSession; CloudN; CPC; 11SE; iotEnterprise; iotEnterpriseSEval; holographicForBusiness","Home; surfaceHub; hololens; hololensEnterprise","","x",""
"CIS (L1) Firewall (38) - Windows 11 Intune 4.0.0 ","","Default Inbound Action for Domain Profile","Block","https://docs.microsoft.com/en-us/windows/client-management/mdm/firewall-csp","windows10","Professional; Enterprise; Education; MultiSession; CloudN; CPC; 11SE; iotEnterprise; iotEnterpriseSEval; holographicForBusiness","Home; surfaceHub; hololens; hololensEnterprise","","x",""
"CIS (L1) Firewall (38) - Windows 11 Intune 4.0.0 ","","Disable Inbound Notifications","True","https://docs.microsoft.com/en-us/windows/client-management/mdm/firewall-csp","windows10","Professional; Enterprise; Education; MultiSession; CloudN; CPC; 11SE; iotEnterprise; iotEnterpriseSEval; holographicForBusiness","Home; surfaceHub; hololens; hololensEnterprise","","x",""
"CIS (L1) Firewall (38) - Windows 11 Intune 4.0.0 ","","Enable Log Dropped Packets","Enable Logging Of Dropped Packets","https://docs.microsoft.com/windows/client-management/mdm/Firewall-csp/","windows10","Professional; Enterprise; Education; MultiSession; CloudN; CPC; 11SE; iotEnterprise; iotEnterpriseSEval; holographicForBusiness","Home; surfaceHub; hololens; hololensEnterprise","","x",""
"CIS (L1) Firewall (38) - Windows 11 Intune 4.0.0 ","","Enable Log Success Connections","Enable Logging Of Successful Connections","https://docs.microsoft.com/windows/client-management/mdm/Firewall-csp/","windows10","Professional; Enterprise; Education; MultiSession; CloudN; CPC; 11SE; iotEnterprise; iotEnterpriseSEval; holographicForBusiness","Home; surfaceHub; hololens; hololensEnterprise","","x",""
"CIS (L1) Firewall (38) - Windows 11 Intune 4.0.0 ","","Log File Path","%systemroot%\system32\LogFiles\Firewall\domainfw.log","https://docs.microsoft.com/windows/client-management/mdm/Firewall-csp/","windows10","Professional; Enterprise; Education; MultiSession; CloudN; CPC; 11SE; iotEnterprise; iotEnterpriseSEval; holographicForBusiness","Home; surfaceHub; hololens; hololensEnterprise","x","",""
"CIS (L1) Firewall (38) - Windows 11 Intune 4.0.0 ","","Log Max File Size","16384","https://docs.microsoft.com/windows/client-management/mdm/Firewall-csp/","windows10","Professional; Enterprise; Education; MultiSession; CloudN; CPC; 11SE; iotEnterprise; iotEnterpriseSEval; holographicForBusiness","Home; surfaceHub; hololens; hololensEnterprise","","x",""
"CIS (L1) Firewall (38) - Windows 11 Intune 4.0.0 ","Enable Private Network Firewall","","True","https://docs.microsoft.com/en-us/windows/client-management/mdm/firewall-csp","windows10","Professional; Enterprise; Education; MultiSession; CloudN; CPC; 11SE; iotEnterprise; iotEnterpriseSEval; holographicForBusiness","Home; surfaceHub; hololens; hololensEnterprise","","x",""
"CIS (L1) Firewall (38) - Windows 11 Intune 4.0.0 ","","Default Inbound Action for Private Profile","Block","https://docs.microsoft.com/en-us/windows/client-management/mdm/firewall-csp","windows10","Professional; Enterprise; Education; MultiSession; CloudN; CPC; 11SE; iotEnterprise; iotEnterpriseSEval; holographicForBusiness","Home; surfaceHub; hololens; hololensEnterprise","","x",""
"CIS (L1) Firewall (38) - Windows 11 Intune 4.0.0 ","","Disable Inbound Notifications","True","https://docs.microsoft.com/en-us/windows/client-management/mdm/firewall-csp","windows10","Professional; Enterprise; Education; MultiSession; CloudN; CPC; 11SE; iotEnterprise; iotEnterpriseSEval; holographicForBusiness","Home; surfaceHub; hololens; hololensEnterprise","","x",""
"CIS (L1) Firewall (38) - Windows 11 Intune 4.0.0 ","","Enable Log Dropped Packets","Enable Logging Of Dropped Packets","https://docs.microsoft.com/windows/client-management/mdm/Firewall-csp/","windows10","Professional; Enterprise; Education; MultiSession; CloudN; CPC; 11SE; iotEnterprise; iotEnterpriseSEval; holographicForBusiness","Home; surfaceHub; hololens; hololensEnterprise","","x",""
"CIS (L1) Firewall (38) - Windows 11 Intune 4.0.0 ","","Enable Log Success Connections","Enable Logging Of Successful Connections","https://docs.microsoft.com/windows/client-management/mdm/Firewall-csp/","windows10","Professional; Enterprise; Education; MultiSession; CloudN; CPC; 11SE; iotEnterprise; iotEnterpriseSEval; holographicForBusiness","Home; surfaceHub; hololens; hololensEnterprise","","x",""
"CIS (L1) Firewall (38) - Windows 11 Intune 4.0.0 ","","Log File Path","%systemroot%\system32\LogFiles\Firewall\privatefw.log","https://docs.microsoft.com/windows/client-management/mdm/Firewall-csp/","windows10","Professional; Enterprise; Education; MultiSession; CloudN; CPC; 11SE; iotEnterprise; iotEnterpriseSEval; holographicForBusiness","Home; surfaceHub; hololens; hololensEnterprise","x","",""
"CIS (L1) Firewall (38) - Windows 11 Intune 4.0.0 ","","Log Max File Size","16384","https://docs.microsoft.com/windows/client-management/mdm/Firewall-csp/","windows10","Professional; Enterprise; Education; MultiSession; CloudN; CPC; 11SE; iotEnterprise; iotEnterpriseSEval; holographicForBusiness","Home; surfaceHub; hololens; hololensEnterprise","","x",""
"CIS (L1) Firewall (38) - Windows 11 Intune 4.0.0 ","Enable Public Network Firewall","","True","https://docs.microsoft.com/en-us/windows/client-management/mdm/firewall-csp","windows10","Professional; Enterprise; Education; MultiSession; CloudN; CPC; 11SE; iotEnterprise; iotEnterpriseSEval; holographicForBusiness","Home; surfaceHub; hololens; hololensEnterprise","","x",""
"CIS (L1) Firewall (38) - Windows 11 Intune 4.0.0 ","","Allow Local Ipsec Policy Merge","False","https://docs.microsoft.com/en-us/windows/client-management/mdm/firewall-csp","windows10","Professional; Enterprise; Education; MultiSession; CloudN; CPC; 11SE; iotEnterprise; iotEnterpriseSEval; holographicForBusiness","Home; surfaceHub; hololens; hololensEnterprise","","x",""
"CIS (L1) Firewall (38) - Windows 11 Intune 4.0.0 ","","Allow Local Policy Merge","False","https://docs.microsoft.com/en-us/windows/client-management/mdm/firewall-csp","windows10","Professional; Enterprise; Education; MultiSession; CloudN; CPC; 11SE; iotEnterprise; iotEnterpriseSEval; holographicForBusiness","Home; surfaceHub; hololens; hololensEnterprise","","x",""
"CIS (L1) Firewall (38) - Windows 11 Intune 4.0.0 ","","Default Inbound Action for Public Profile","Block","https://docs.microsoft.com/en-us/windows/client-management/mdm/firewall-csp","windows10","Professional; Enterprise; Education; MultiSession; CloudN; CPC; 11SE; iotEnterprise; iotEnterpriseSEval; holographicForBusiness","Home; surfaceHub; hololens; hololensEnterprise","","x",""
"CIS (L1) Firewall (38) - Windows 11 Intune 4.0.0 ","","Disable Inbound Notifications","True","https://docs.microsoft.com/en-us/windows/client-management/mdm/firewall-csp","windows10","Professional; Enterprise; Education; MultiSession; CloudN; CPC; 11SE; iotEnterprise; iotEnterpriseSEval; holographicForBusiness","Home; surfaceHub; hololens; hololensEnterprise","","x",""
"CIS (L1) Firewall (38) - Windows 11 Intune 4.0.0 ","","Enable Log Dropped Packets","Enable Logging Of Dropped Packets","https://docs.microsoft.com/windows/client-management/mdm/Firewall-csp/","windows10","Professional; Enterprise; Education; MultiSession; CloudN; CPC; 11SE; iotEnterprise; iotEnterpriseSEval; holographicForBusiness","Home; surfaceHub; hololens; hololensEnterprise","","x",""
"CIS (L1) Firewall (38) - Windows 11 Intune 4.0.0 ","","Enable Log Success Connections","Enable Logging Of Successful Connections","https://docs.microsoft.com/windows/client-management/mdm/Firewall-csp/","windows10","Professional; Enterprise; Education; MultiSession; CloudN; CPC; 11SE; iotEnterprise; iotEnterpriseSEval; holographicForBusiness","Home; surfaceHub; hololens; hololensEnterprise","","x",""
"CIS (L1) Firewall (38) - Windows 11 Intune 4.0.0 ","","Log File Path","%systemroot%\system32\LogFiles\Firewall\publicfw.log","https://docs.microsoft.com/windows/client-management/mdm/Firewall-csp/","windows10","Professional; Enterprise; Education; MultiSession; CloudN; CPC; 11SE; iotEnterprise; iotEnterpriseSEval; holographicForBusiness","Home; surfaceHub; hololens; hololensEnterprise","x","",""
"CIS (L1) Firewall (38) - Windows 11 Intune 4.0.0 ","","Log Max File Size","16384","https://docs.microsoft.com/windows/client-management/mdm/Firewall-csp/","windows10","Professional; Enterprise; Education; MultiSession; CloudN; CPC; 11SE; iotEnterprise; iotEnterpriseSEval; holographicForBusiness","Home; surfaceHub; hololens; hololensEnterprise","","x",""
"CIS (L1) Local Policies Security Options (49) - Windows 11 Intune 4.0.0 ","Accounts Enable Guest Account Status","","Disable","https://docs.microsoft.com/windows/client-management/mdm/policy-csp-LocalPoliciesSecurityOptions#accounts_enableguestaccountstatus","windows10","Professional; Enterprise; Education; MultiSession; CloudN; CPC; 11SE; iotEnterprise; iotEnterpriseSEval","Home; surfaceHub; hololens; hololensEnterprise; holographicForBusiness","x","",""
"CIS (L1) Local Policies Security Options (49) - Windows 11 Intune 4.0.0 ","Accounts Limit Local Account Use Of Blank Passwords To Console Logon Only","","Enabled","https://docs.microsoft.com/windows/client-management/mdm/policy-csp-LocalPoliciesSecurityOptions#accounts_limitlocalaccountuseofblankpasswordstoconsolelogononly","windows10","Professional; Enterprise; Education; MultiSession; CloudN; CPC; 11SE; iotEnterprise; iotEnterpriseSEval","Home; surfaceHub; hololens; hololensEnterprise; holographicForBusiness","","x",""
"CIS (L1) Local Policies Security Options (49) - Windows 11 Intune 4.0.0 ","Accounts Rename Administrator Account","","Admin","https://docs.microsoft.com/windows/client-management/mdm/policy-csp-LocalPoliciesSecurityOptions#accounts_renameadministratoraccount","windows10","Professional; Enterprise; Education; MultiSession; CloudN; CPC; 11SE; iotEnterprise; iotEnterpriseSEval","Home; surfaceHub; hololens; hololensEnterprise; holographicForBusiness","x","",""
"CIS (L1) Local Policies Security Options (49) - Windows 11 Intune 4.0.0 ","Accounts Rename Guest Account","","Gtest","https://docs.microsoft.com/windows/client-management/mdm/policy-csp-LocalPoliciesSecurityOptions#accounts_renameguestaccount","windows10","Professional; Enterprise; Education; MultiSession; CloudN; CPC; 11SE; iotEnterprise; iotEnterpriseSEval","Home; surfaceHub; hololens; hololensEnterprise; holographicForBusiness","x","",""
"CIS (L1) Local Policies Security Options (49) - Windows 11 Intune 4.0.0 ","Interactive Logon Do Not Display Last Signed In","","Enabled (username will not be shown)","https://docs.microsoft.com/windows/client-management/mdm/policy-csp-LocalPoliciesSecurityOptions#interactivelogon_donotdisplaylastsignedin","windows10","Professional; Enterprise; Education; MultiSession; CloudN; CPC; 11SE; iotEnterprise; iotEnterpriseSEval","Home; surfaceHub; hololens; hololensEnterprise; holographicForBusiness","x","",""
"CIS (L1) Local Policies Security Options (49) - Windows 11 Intune 4.0.0 ","Interactive Logon Do Not Require CTRLALTDEL","","Disabled","https://docs.microsoft.com/windows/client-management/mdm/policy-csp-LocalPoliciesSecurityOptions#interactivelogon_donotrequirectrlaltdel","windows10","Professional; Enterprise; Education; MultiSession; CloudN; CPC; 11SE; iotEnterprise; iotEnterpriseSEval","Home; surfaceHub; hololens; hololensEnterprise; holographicForBusiness","x","",""
"CIS (L1) Local Policies Security Options (49) - Windows 11 Intune 4.0.0 ","Interactive Logon Machine Inactivity Limit","","900","https://docs.microsoft.com/windows/client-management/mdm/policy-csp-LocalPoliciesSecurityOptions#interactivelogon_machineinactivitylimit","windows10","Professional; Enterprise; Education; MultiSession; CloudN; CPC; 11SE; iotEnterprise; iotEnterpriseSEval","Home; surfaceHub; hololens; hololensEnterprise; holographicForBusiness","","x",""
"CIS (L1) Local Policies Security Options (49) - Windows 11 Intune 4.0.0 ","Interactive Logon Smart Card Removal Behavior","","Lock Workstation","https://docs.microsoft.com/windows/client-management/mdm/policy-csp-LocalPoliciesSecurityOptions#interactivelogon_smartcardremovalbehavior","windows10","Professional; Enterprise; Education; MultiSession; CloudN; CPC; 11SE; iotEnterprise; iotEnterpriseSEval","Home; surfaceHub; hololens; hololensEnterprise; holographicForBusiness","","x",""
"CIS (L1) Local Policies Security Options (49) - Windows 11 Intune 4.0.0 ","Microsoft Network Client Digitally Sign Communications Always","","Enable","https://docs.microsoft.com/windows/client-management/mdm/policy-csp-LocalPoliciesSecurityOptions#microsoftnetworkclient_digitallysigncommunicationsalways","windows10","Professional; Enterprise; Education; MultiSession; CloudN; CPC; 11SE; iotEnterprise; iotEnterpriseSEval","Home; surfaceHub; hololens; hololensEnterprise; holographicForBusiness","","x",""
"CIS (L1) Local Policies Security Options (49) - Windows 11 Intune 4.0.0 ","Microsoft Network Client Digitally Sign Communications If Server Agrees","","Enable","https://docs.microsoft.com/windows/client-management/mdm/policy-csp-LocalPoliciesSecurityOptions#microsoftnetworkclient_digitallysigncommunicationsifserveragrees","windows10","Professional; Enterprise; Education; MultiSession; CloudN; CPC; 11SE; iotEnterprise; iotEnterpriseSEval","Home; surfaceHub; hololens; hololensEnterprise; holographicForBusiness","x","",""
"CIS (L1) Local Policies Security Options (49) - Windows 11 Intune 4.0.0 ","Microsoft Network Client Send Unencrypted Password To Third Party SMB Servers","","Disable","https://docs.microsoft.com/windows/client-management/mdm/policy-csp-LocalPoliciesSecurityOptions#microsoftnetworkclient_sendunencryptedpasswordtothirdpartysmbservers","windows10","Professional; Enterprise; Education; MultiSession; CloudN; CPC; 11SE; iotEnterprise; iotEnterpriseSEval","Home; surfaceHub; hololens; hololensEnterprise; holographicForBusiness","","x",""
"CIS (L1) Local Policies Security Options (49) - Windows 11 Intune 4.0.0 ","Microsoft Network Server Digitally Sign Communications Always","","Enable","https://docs.microsoft.com/windows/client-management/mdm/policy-csp-LocalPoliciesSecurityOptions#microsoftnetworkserver_digitallysigncommunicationsalways","windows10","Professional; Enterprise; Education; MultiSession; CloudN; CPC; 11SE; iotEnterprise; iotEnterpriseSEval","Home; surfaceHub; hololens; hololensEnterprise; holographicForBusiness","","x",""
"CIS (L1) Local Policies Security Options (49) - Windows 11 Intune 4.0.0 ","Microsoft Network Server Digitally Sign Communications If Client Agrees","","Enable","https://docs.microsoft.com/windows/client-management/mdm/policy-csp-LocalPoliciesSecurityOptions#microsoftnetworkserver_digitallysigncommunicationsifclientagrees","windows10","Professional; Enterprise; Education; MultiSession; CloudN; CPC; 11SE; iotEnterprise; iotEnterpriseSEval","Home; surfaceHub; hololens; hololensEnterprise; holographicForBusiness","x","",""
"CIS (L1) Local Policies Security Options (49) - Windows 11 Intune 4.0.0 ","Network Access Do Not Allow Anonymous Enumeration Of SAM Accounts","","Enabled","https://docs.microsoft.com/windows/client-management/mdm/policy-csp-LocalPoliciesSecurityOptions#networkaccess_donotallowanonymousenumerationofsamaccounts","windows10","Professional; Enterprise; Education; MultiSession; CloudN; CPC; 11SE; iotEnterprise; iotEnterpriseSEval","Home; surfaceHub; hololens; hololensEnterprise; holographicForBusiness","","x",""
"CIS (L1) Local Policies Security Options (49) - Windows 11 Intune 4.0.0 ","Network Access Do Not Allow Anonymous Enumeration Of Sam Accounts And Shares","","Enabled","https://docs.microsoft.com/windows/client-management/mdm/policy-csp-LocalPoliciesSecurityOptions#networkaccess_donotallowanonymousenumerationofsamaccountsandshares","windows10","Professional; Enterprise; Education; MultiSession; CloudN; CPC; 11SE; iotEnterprise; iotEnterpriseSEval","Home; surfaceHub; hololens; hololensEnterprise; holographicForBusiness","","x",""
"CIS (L1) Local Policies Security Options (49) - Windows 11 Intune 4.0.0 ","Network Access Restrict Anonymous Access To Named Pipes And Shares","","Enable","https://docs.microsoft.com/windows/client-management/mdm/policy-csp-LocalPoliciesSecurityOptions#networkaccess_restrictanonymousaccesstonamedpipesandshares","windows10","Professional; Enterprise; Education; MultiSession; CloudN; CPC; 11SE; iotEnterprise; iotEnterpriseSEval","Home; surfaceHub; hololens; hololensEnterprise; holographicForBusiness","","x",""
"CIS (L1) Local Policies Security Options (49) - Windows 11 Intune 4.0.0 ","Network Access Restrict Clients Allowed To Make Remote Calls To SAM","","O:BAG:BAD:(A;;RC;;;BA)","https://docs.microsoft.com/windows/client-management/mdm/policy-csp-LocalPoliciesSecurityOptions#networkaccess_restrictclientsallowedtomakeremotecallstosam","windows10","Professional; Enterprise; Education; MultiSession; CloudN; CPC; 11SE; iotEnterprise; iotEnterpriseSEval","Home; surfaceHub; hololens; hololensEnterprise; holographicForBusiness","","x",""
"CIS (L1) Local Policies Security Options (49) - Windows 11 Intune 4.0.0 ","Network Security Allow Local System To Use Computer Identity For NTLM","","Allow","https://docs.microsoft.com/windows/client-management/mdm/policy-csp-LocalPoliciesSecurityOptions#networksecurity_allowlocalsystemtousecomputeridentityforntlm","windows10","Professional; Enterprise; Education; MultiSession; CloudN; CPC; 11SE; iotEnterprise; iotEnterpriseSEval","Home; surfaceHub; hololens; hololensEnterprise; holographicForBusiness","x","",""
"CIS (L1) Local Policies Security Options (49) - Windows 11 Intune 4.0.0 ","Network Security Allow PKU2U Authentication Requests","","Block","https://docs.microsoft.com/windows/client-management/mdm/policy-csp-LocalPoliciesSecurityOptions#networksecurity_allowpku2uauthenticationrequests","windows10","Professional; Enterprise; Education; MultiSession; CloudN; CPC; 11SE; iotEnterprise; iotEnterpriseSEval","Home; surfaceHub; hololens; hololensEnterprise; holographicForBusiness","x","",""
"CIS (L1) Local Policies Security Options (49) - Windows 11 Intune 4.0.0 ","Network Security Do Not Store LAN Manager Hash Value On Next Password Change","","Enable","https://docs.microsoft.com/windows/client-management/mdm/policy-csp-LocalPoliciesSecurityOptions#networksecurity_donotstorelanmanagerhashvalueonnextpasswordchange","windows10","Professional; Enterprise; Education; MultiSession; CloudN; CPC; 11SE; iotEnterprise; iotEnterpriseSEval","Home; surfaceHub; hololens; hololensEnterprise; holographicForBusiness","","x",""
"CIS (L1) Local Policies Security Options (49) - Windows 11 Intune 4.0.0 ","Network Security LAN Manager Authentication Level","","Send NTLMv2 responses only. Refuse LM and NTLM","https://docs.microsoft.com/windows/client-management/mdm/policy-csp-LocalPoliciesSecurityOptions#networksecurity_lanmanagerauthenticationlevel","windows10","Professional; Enterprise; Education; MultiSession; CloudN; CPC; 11SE; iotEnterprise; iotEnterpriseSEval","Home; surfaceHub; hololens; hololensEnterprise; holographicForBusiness","","x",""
"CIS (L1) Local Policies Security Options (49) - Windows 11 Intune 4.0.0 ","Network Security Minimum Session Security For NTLMSSP Based Clients","","Require NTLM and 128-bit encryption","https://docs.microsoft.com/windows/client-management/mdm/policy-csp-LocalPoliciesSecurityOptions#networksecurity_minimumsessionsecurityforntlmsspbasedclients","windows10","Professional; Enterprise; Education; MultiSession; CloudN; CPC; 11SE; iotEnterprise; iotEnterpriseSEval","Home; surfaceHub; hololens; hololensEnterprise; holographicForBusiness","","x",""
"CIS (L1) Local Policies Security Options (49) - Windows 11 Intune 4.0.0 ","Network Security Minimum Session Security For NTLMSSP Based Servers","","Require NTLM and 128-bit encryption","https://docs.microsoft.com/windows/client-management/mdm/policy-csp-LocalPoliciesSecurityOptions#networksecurity_minimumsessionsecurityforntlmsspbasedservers","windows10","Professional; Enterprise; Education; MultiSession; CloudN; CPC; 11SE; iotEnterprise; iotEnterpriseSEval","Home; surfaceHub; hololens; hololensEnterprise; holographicForBusiness","","x",""
"CIS (L1) Local Policies Security Options (49) - Windows 11 Intune 4.0.0 ","Network Security Restrict NTLM Audit Incoming NTLM Traffic","","Enable auditing for all accounts","https://docs.microsoft.com/windows/client-management/mdm/policy-csp-LocalPoliciesSecurityOptions#networksecurity_restrictntlm_auditincomingntlmtraffic","windows10","Professional; Enterprise; Education; MultiSession; CloudN; CPC; 11SE; iotEnterprise; iotEnterpriseSEval","Home; surfaceHub; hololens; hololensEnterprise; holographicForBusiness","x","",""
"CIS (L1) Local Policies Security Options (49) - Windows 11 Intune 4.0.0 ","User Account Control Behavior Of The Elevation Prompt For Standard Users","","Automatically deny elevation requests","https://docs.microsoft.com/windows/client-management/mdm/policy-csp-LocalPoliciesSecurityOptions#useraccountcontrol_behavioroftheelevationpromptforstandardusers","windows10","Professional; Enterprise; Education; MultiSession; CloudN; CPC; 11SE; iotEnterprise; iotEnterpriseSEval","Home; surfaceHub; hololens; hololensEnterprise; holographicForBusiness","","x",""
"CIS (L1) Local Policies Security Options (49) - Windows 11 Intune 4.0.0 ","User Account Control Detect Application Installations And Prompt For Elevation","","Enable","https://docs.microsoft.com/windows/client-management/mdm/policy-csp-LocalPoliciesSecurityOptions#useraccountcontrol_detectapplicationinstallationsandpromptforelevation","windows10","Professional; Enterprise; Education; MultiSession; CloudN; CPC; 11SE; iotEnterprise; iotEnterpriseSEval","Home; surfaceHub; hololens; hololensEnterprise; holographicForBusiness","","x",""
"CIS (L1) Local Policies Security Options (49) - Windows 11 Intune 4.0.0 ","User Account Control Only Elevate UI Access Applications That Are Installed In Secure Locations","","Enabled: Application runs with UIAccess integrity only if it resides in secure location.","https://docs.microsoft.com/windows/client-management/mdm/policy-csp-LocalPoliciesSecurityOptions#useraccountcontrol_onlyelevateuiaccessapplicationsthatareinstalledinsecurelocations","windows10","Professional; Enterprise; Education; MultiSession; CloudN; CPC; 11SE; iotEnterprise; iotEnterpriseSEval","Home; surfaceHub; hololens; hololensEnterprise; holographicForBusiness","","x",""
"CIS (L1) Local Policies Security Options (49) - Windows 11 Intune 4.0.0 ","User Account Control Run All Administrators In Admin Approval Mode","","Enabled","https://docs.microsoft.com/windows/client-management/mdm/policy-csp-LocalPoliciesSecurityOptions#useraccountcontrol_runalladministratorsinadminapprovalmode","windows10","Professional; Enterprise; Education; MultiSession; CloudN; CPC; 11SE; iotEnterprise; iotEnterpriseSEval","Home; surfaceHub; hololens; hololensEnterprise; holographicForBusiness","","x",""
"CIS (L1) Local Policies Security Options (49) - Windows 11 Intune 4.0.0 ","User Account Control Switch To The Secure Desktop When Prompting For Elevation","","Enabled","https://docs.microsoft.com/windows/client-management/mdm/policy-csp-LocalPoliciesSecurityOptions#useraccountcontrol_switchtothesecuredesktopwhenpromptingforelevation","windows10","Professional; Enterprise; Education; MultiSession; CloudN; CPC; 11SE; iotEnterprise; iotEnterpriseSEval","Home; surfaceHub; hololens; hololensEnterprise; holographicForBusiness","x","",""
"CIS (L1) Local Policies Security Options (49) - Windows 11 Intune 4.0.0 ","User Account Control Use Admin Approval Mode","","Enable","https://docs.microsoft.com/windows/client-management/mdm/policy-csp-LocalPoliciesSecurityOptions#useraccountcontrol_useadminapprovalmode","windows10","Professional; Enterprise; Education; MultiSession; CloudN; CPC; 11SE; iotEnterprise; iotEnterpriseSEval","Home; surfaceHub; hololens; hololensEnterprise; holographicForBusiness","","x",""
"CIS (L1) Local Policies Security Options (49) - Windows 11 Intune 4.0.0 ","User Account Control Virtualize File And Registry Write Failures To Per User Locations","","Enabled","https://docs.microsoft.com/windows/client-management/mdm/policy-csp-LocalPoliciesSecurityOptions#useraccountcontrol_virtualizefileandregistrywritefailurestoperuserlocations","windows10","Professional; Enterprise; Education; MultiSession; CloudN; CPC; 11SE; iotEnterprise; iotEnterpriseSEval","Home; surfaceHub; hololens; hololensEnterprise; holographicForBusiness","","x",""
"CIS (L1) Section 1 - 4.9.1.1 - Windows 11 Intune 4.0.0 ","Allow Cortana Above Lock","","Block","https://docs.microsoft.com/en-us/windows/client-management/mdm/policy-csp-abovelock#allowcortanaabovelock","windows10","Professional; Enterprise; Education; CloudN; 11SE; iotEnterprise; iotEnterpriseSEval","Home; MultiSession; CPC; surfaceHub; hololens; hololensEnterprise; holographicForBusiness","x","",""
"CIS (L1) Section 1 - 4.9.1.1 - Windows 11 Intune 4.0.0 ","Prevent enabling lock screen camera","","Enabled","https://docs.microsoft.com/windows/client-management/mdm/policy-csp-devicelock#devicelock-preventenablinglockscreencamera","windows10","Home; Professional; Enterprise; Education; MultiSession; CloudN; CPC; 11SE; iotEnterprise; iotEnterpriseSEval","surfaceHub; hololens; hololensEnterprise; holographicForBusiness","","x",""
"CIS (L1) Section 1 - 4.9.1.1 - Windows 11 Intune 4.0.0 ","Prevent enabling lock screen slide show","","Enabled","https://docs.microsoft.com/windows/client-management/mdm/policy-csp-devicelock#devicelock-preventlockscreenslideshow","windows10","Home; Professional; Enterprise; Education; MultiSession; CloudN; CPC; 11SE; iotEnterprise; iotEnterpriseSEval","surfaceHub; hololens; hololensEnterprise; holographicForBusiness","","x",""
"CIS (L1) Section 1 - 4.9.1.1 - Windows 11 Intune 4.0.0 ","Apply UAC restrictions to local accounts on network logons","","Enabled","https://docs.microsoft.com/windows/client-management/mdm/policy-csp-mssecurityguide#mssecurityguide-applyuacrestrictionstolocalaccountsonnetworklogon","windows10","Professional; Enterprise; Education; MultiSession; CloudN; 11SE; iotEnterprise; iotEnterpriseSEval","Home; CPC; surfaceHub; hololens; hololensEnterprise; holographicForBusiness","","x",""
"CIS (L1) Section 1 - 4.9.1.1 - Windows 11 Intune 4.0.0 ","Configure SMB v1 client driver","","Enabled","https://docs.microsoft.com/windows/client-management/mdm/policy-csp-mssecurityguide#mssecurityguide-configuresmbv1clientdriver","windows10","Professional; Enterprise; Education; MultiSession; CloudN; 11SE; iotEnterprise; iotEnterpriseSEval","Home; CPC; surfaceHub; hololens; hololensEnterprise; holographicForBusiness","","x",""
"CIS (L1) Section 1 - 4.9.1.1 - Windows 11 Intune 4.0.0 ","","Configure MrxSmb10 driver","Disable driver (recommended)","","windows10","Professional; Enterprise; Education; MultiSession; CloudN; 11SE; iotEnterprise; iotEnterpriseSEval","Home; CPC; surfaceHub; hololens; hololensEnterprise; holographicForBusiness","","x",""
"CIS (L1) Section 1 - 4.9.1.1 - Windows 11 Intune 4.0.0 ","Configure SMB v1 server","","Disabled","https://docs.microsoft.com/windows/client-management/mdm/policy-csp-mssecurityguide#mssecurityguide-configuresmbv1server","windows10","Professional; Enterprise; Education; MultiSession; CloudN; 11SE; iotEnterprise; iotEnterpriseSEval","Home; CPC; surfaceHub; hololens; hololensEnterprise; holographicForBusiness","","x",""
"CIS (L1) Section 1 - 4.9.1.1 - Windows 11 Intune 4.0.0 ","Enable Structured Exception Handling Overwrite Protection (SEHOP)","","Enabled","https://docs.microsoft.com/windows/client-management/mdm/policy-csp-mssecurityguide#mssecurityguide-enablestructuredexceptionhandlingoverwriteprotection","windows10","Professional; Enterprise; Education; MultiSession; CloudN; 11SE; iotEnterprise; iotEnterpriseSEval","Home; CPC; surfaceHub; hololens; hololensEnterprise; holographicForBusiness","","x",""
"CIS (L1) Section 1 - 4.9.1.1 - Windows 11 Intune 4.0.0 ","WDigest Authentication (disabling may require KB2871997)","","Disabled","https://docs.microsoft.com/windows/client-management/mdm/policy-csp-mssecurityguide#mssecurityguide-wdigestauthentication","windows10","Professional; Enterprise; Education; MultiSession; CloudN; 11SE; iotEnterprise; iotEnterpriseSEval","Home; CPC; surfaceHub; hololens; hololensEnterprise; holographicForBusiness","x","",""
"CIS (L1) Section 1 - 4.9.1.1 - Windows 11 Intune 4.0.0 ","MSS: (DisableIPSourceRouting IPv6) IP source routing protection level (protects against packet spoofing)","","Enabled","https://docs.microsoft.com/windows/client-management/mdm/policy-csp-msslegacy#msslegacy-ipv6sourceroutingprotectionlevel","windows10","Professional; Enterprise; Education; MultiSession; CloudN; 11SE; iotEnterprise; iotEnterpriseSEval","Home; CPC; surfaceHub; hololens; hololensEnterprise; holographicForBusiness","","x",""
"CIS (L1) Section 1 - 4.9.1.1 - Windows 11 Intune 4.0.0 ","","DisableIPSourceRoutingIPv6 (Device)","Highest protection, source routing is completely disabled","","windows10","Professional; Enterprise; Education; MultiSession; CloudN; 11SE; iotEnterprise; iotEnterpriseSEval","Home; CPC; surfaceHub; hololens; hololensEnterprise; holographicForBusiness","","x",""
"CIS (L1) Section 1 - 4.9.1.1 - Windows 11 Intune 4.0.0 ","MSS: (DisableIPSourceRouting) IP source routing protection level (protects against packet spoofing)","","Enabled","https://docs.microsoft.com/windows/client-management/mdm/policy-csp-msslegacy#msslegacy-ipsourceroutingprotectionlevel","windows10","Professional; Enterprise; Education; MultiSession; CloudN; 11SE; iotEnterprise; iotEnterpriseSEval","Home; CPC; surfaceHub; hololens; hololensEnterprise; holographicForBusiness","","x",""
"CIS (L1) Section 1 - 4.9.1.1 - Windows 11 Intune 4.0.0 ","","DisableIPSourceRouting (Device)","Highest protection, source routing is completely disabled","","windows10","Professional; Enterprise; Education; MultiSession; CloudN; 11SE; iotEnterprise; iotEnterpriseSEval","Home; CPC; surfaceHub; hololens; hololensEnterprise; holographicForBusiness","","x",""
"CIS (L1) Section 1 - 4.9.1.1 - Windows 11 Intune 4.0.0 ","MSS: (EnableICMPRedirect) Allow ICMP redirects to override OSPF generated routes","","Disabled","https://docs.microsoft.com/windows/client-management/mdm/policy-csp-msslegacy#msslegacy-allowicmpredirectstooverrideospfgeneratedroutes","windows10","Professional; Enterprise; Education; MultiSession; CloudN; 11SE; iotEnterprise; iotEnterpriseSEval","Home; CPC; surfaceHub; hololens; hololensEnterprise; holographicForBusiness","","x",""
"CIS (L1) Section 1 - 4.9.1.1 - Windows 11 Intune 4.0.0 ","MSS: (NoNameReleaseOnDemand) Allow the computer to ignore NetBIOS name release requests except from WINS servers","","Enabled","https://docs.microsoft.com/windows/client-management/mdm/policy-csp-msslegacy#msslegacy-allowthecomputertoignorenetbiosnamereleaserequestsexceptfromwinsservers","windows10","Professional; Enterprise; Education; MultiSession; CloudN; 11SE; iotEnterprise; iotEnterpriseSEval","Home; CPC; surfaceHub; hololens; hololensEnterprise; holographicForBusiness","","x",""
"CIS (L1) Section 1 - 4.9.1.1 - Windows 11 Intune 4.0.0 ","MSS: (SafeDllSearchMode) Enable Safe DLL search mode (recommended)","","Enabled","https://docs.microsoft.com/windows/client-management/mdm/policy-csp-admx-mss-legacy#admx-mss-legacy-pol-mss-safedllsearchmode","windows10","Professional; Enterprise; Education; MultiSession; CloudN; 11SE; iotEnterprise; iotEnterpriseSEval; holographicForBusiness","Home; CPC; surfaceHub; hololens; hololensEnterprise","x","",""
"CIS (L1) Section 1 - 4.9.1.1 - Windows 11 Intune 4.0.0 ","MSS: (ScreenSaverGracePeriod) The time in seconds before the screen saver grace period expires (0 recommended)","","Enabled","https://docs.microsoft.com/windows/client-management/mdm/policy-csp-admx-mss-legacy#admx-mss-legacy-pol-mss-screensavergraceperiod","windows10","Professional; Enterprise; Education; MultiSession; CloudN; 11SE; iotEnterprise; iotEnterpriseSEval; holographicForBusiness","Home; CPC; surfaceHub; hololens; hololensEnterprise","x","",""
"CIS (L1) Section 1 - 4.9.1.1 - Windows 11 Intune 4.0.0 ","","ScreenSaverGracePeriod (Device)","5","","windows10","Professional; Enterprise; Education; MultiSession; CloudN; 11SE; iotEnterprise; iotEnterpriseSEval; holographicForBusiness","Home; CPC; surfaceHub; hololens; hololensEnterprise","x","",""
"CIS (L1) Section 1 - 4.9.1.1 - Windows 11 Intune 4.0.0 ","MSS: (WarningLevel) Percentage threshold for the security event log at which the system will generate a warning","","Enabled","https://docs.microsoft.com/windows/client-management/mdm/policy-csp-admx-mss-legacy#admx-mss-legacy-pol-mss-warninglevel","windows10","Professional; Enterprise; Education; MultiSession; CloudN; 11SE; iotEnterprise; iotEnterpriseSEval; holographicForBusiness","Home; CPC; surfaceHub; hololens; hololensEnterprise","x","",""
"CIS (L1) Section 1 - 4.9.1.1 - Windows 11 Intune 4.0.0 ","","WarningLevel (Device)","90%","","windows10","Professional; Enterprise; Education; MultiSession; CloudN; 11SE; iotEnterprise; iotEnterpriseSEval; holographicForBusiness","Home; CPC; surfaceHub; hololens; hololensEnterprise","x","",""
"CIS (L1) Section 1 - 4.9.1.1 - Windows 11 Intune 4.0.0 ","Turn off multicast name resolution","","Enabled","https://docs.microsoft.com/windows/client-management/mdm/policy-csp-admx-dnsclient#admx-dnsclient-turn-off-multicast","windows10","Professional; Enterprise; Education; MultiSession; CloudN; 11SE; iotEnterprise; iotEnterpriseSEval; holographicForBusiness","Home; CPC; surfaceHub; hololens; hololensEnterprise","","x",""
"CIS (L1) Section 1 - 4.9.1.1 - Windows 11 Intune 4.0.0 ","Prohibit installation and configuration of Network Bridge on your DNS domain network","","Enabled","https://docs.microsoft.com/en-us/windows/client-management/mdm/policy-csp-connectivity#connectivity-prohibitinstallationandconfigurationofnetworkbridge","windows10","Professional; Enterprise; Education; CloudN; CPC; 11SE; iotEnterprise; iotEnterpriseSEval","Home; MultiSession; surfaceHub; hololens; hololensEnterprise; holographicForBusiness","x","",""
"CIS (L1) Section 1 - 4.9.1.1 - Windows 11 Intune 4.0.0 ","Prohibit use of Internet Connection Sharing on your DNS domain network","","Enabled","https://docs.microsoft.com/windows/client-management/mdm/policy-csp-admx-networkconnections#admx-networkconnections-nc-showsharedaccessui","windows10","Professional; Enterprise; Education; MultiSession; CloudN; 11SE; iotEnterprise; iotEnterpriseSEval; holographicForBusiness","Home; CPC; surfaceHub; hololens; hololensEnterprise","","x",""
"CIS (L1) Section 1 - 4.9.1.1 - Windows 11 Intune 4.0.0 ","Require domain users to elevate when setting a network's location","","Enabled","https://docs.microsoft.com/windows/client-management/mdm/policy-csp-admx-networkconnections#admx-networkconnections-nc-stddomainusersetlocation","windows10","Professional; Enterprise; Education; MultiSession; CloudN; 11SE; iotEnterprise; iotEnterpriseSEval; holographicForBusiness","Home; CPC; surfaceHub; hololens; hololensEnterprise","x","",""
"CIS (L1) Section 1 - 4.9.1.1 - Windows 11 Intune 4.0.0 ","Hardened UNC Paths","","Enabled","https://docs.microsoft.com/windows/client-management/mdm/policy-csp-connectivity#connectivity-hardeneduncpaths","windows10","Professional; Enterprise; Education; MultiSession; CloudN; CPC; 11SE; iotEnterprise; iotEnterpriseSEval","Home; surfaceHub; hololens; hololensEnterprise; holographicForBusiness","","x",""
"CIS (L1) Section 1 - 4.9.1.1 - Windows 11 Intune 4.0.0 ","","Hardened UNC Paths: (Device)","","","windows10","Professional; Enterprise; Education; MultiSession; CloudN; CPC; 11SE; iotEnterprise; iotEnterpriseSEval","Home; surfaceHub; hololens; hololensEnterprise; holographicForBusiness","","x",""
"CIS (L1) Section 1 - 4.9.1.1 - Windows 11 Intune 4.0.0 ","","Name","\\*\NETLOGON","","windows10","Professional; Enterprise; Education; MultiSession; CloudN; CPC; 11SE; iotEnterprise; iotEnterpriseSEval","Home; surfaceHub; hololens; hololensEnterprise; holographicForBusiness","","x","x"
"CIS (L1) Section 1 - 4.9.1.1 - Windows 11 Intune 4.0.0 ","","Value","RequireIntegrity=1,RequireMutualAuthentication=1,RequirePrivacy=1","","windows10","Professional; Enterprise; Education; MultiSession; CloudN; CPC; 11SE; iotEnterprise; iotEnterpriseSEval","Home; surfaceHub; hololens; hololensEnterprise; holographicForBusiness","","","x"
"CIS (L1) Section 1 - 4.9.1.1 - Windows 11 Intune 4.0.0 ","","Name","\\*\SYSVOL","","windows10","Professional; Enterprise; Education; MultiSession; CloudN; CPC; 11SE; iotEnterprise; iotEnterpriseSEval","Home; surfaceHub; hololens; hololensEnterprise; holographicForBusiness","","x","x"
"CIS (L1) Section 1 - 4.9.1.1 - Windows 11 Intune 4.0.0 ","","Value","RequireIntegrity=1,RequireMutualAuthentication=1,RequirePrivacy=1","","windows10","Professional; Enterprise; Education; MultiSession; CloudN; CPC; 11SE; iotEnterprise; iotEnterpriseSEval","Home; surfaceHub; hololens; hololensEnterprise; holographicForBusiness","","","x"
"CIS (L1) Section 1 - 4.9.1.1 - Windows 11 Intune 4.0.0 ","Minimize the number of simultaneous connections to the Internet or a Windows Domain","","Enabled","https://docs.microsoft.com/windows/client-management/mdm/policy-csp-admx-wcm#admx-wcm-wcm-minimizeconnections","windows10","Professional; Enterprise; Education; MultiSession; CloudN; 11SE; iotEnterprise; iotEnterpriseSEval; holographicForBusiness","Home; CPC; surfaceHub; hololens; hololensEnterprise","x","",""
"CIS (L1) Section 1 - 4.9.1.1 - Windows 11 Intune 4.0.0 ","","Minimize Policy Options (Device)","3 = Prevent Wi-Fi when on Ethernet","","windows10","Professional; Enterprise; Education; MultiSession; CloudN; 11SE; iotEnterprise; iotEnterpriseSEval; holographicForBusiness","Home; CPC; surfaceHub; hololens; hololensEnterprise","x","",""
"CIS (L1) Section 1 - 4.9.1.1 - Windows 11 Intune 4.0.0 ","Prohibit connection to non-domain networks when connected to domain authenticated network","","Enabled","https://docs.microsoft.com/windows/client-management/mdm/policy-csp-windowsconnectionmanager#windowsconnectionmanager-prohitconnectiontonondomainnetworkswhenconnectedtodomainauthenticatednetwork","windows10","Professional; Enterprise; Education; MultiSession; CloudN; 11SE; iotEnterprise; iotEnterpriseSEval","Home; CPC; surfaceHub; hololens; hololensEnterprise; holographicForBusiness","","x",""
"CIS (L1) Section 1 - 4.9.1.1 - Windows 11 Intune 4.0.0 ","Allow Print Spooler to accept client connections","","Disabled","https://docs.microsoft.com/windows/client-management/mdm/policy-csp-admx-printing2#admx-printing2-registerspoolerremoterpcendpoint","windows10","Professional; Enterprise; Education; MultiSession; CloudN; 11SE; iotEnterprise; iotEnterpriseSEval; holographicForBusiness","Home; CPC; surfaceHub; hololens; hololensEnterprise","x","",""
"CIS (L1) Section 1 - 4.9.1.1 - Windows 11 Intune 4.0.0 ","Configure Redirection Guard","","Enabled","https://docs.microsoft.com/windows/client-management/mdm/policy-csp-printers#printers-configureredirectionguardpolicy","windows10","Professional; Enterprise; Education; MultiSession; CloudN; 11SE; iotEnterprise; iotEnterpriseSEval","Home; CPC; surfaceHub; hololens; hololensEnterprise; holographicForBusiness","","x",""
"CIS (L1) Section 1 - 4.9.1.1 - Windows 11 Intune 4.0.0 ","","Redirection Guard Options (Device)","Redirection Guard Enabled","","windows10","Professional; Enterprise; Education; MultiSession; CloudN; 11SE; iotEnterprise; iotEnterpriseSEval","Home; CPC; surfaceHub; hololens; hololensEnterprise; holographicForBusiness","","x",""
"CIS (L1) Section 1 - 4.9.1.1 - Windows 11 Intune 4.0.0 ","Configure RPC connection settings","","Enabled","https://docs.microsoft.com/windows/client-management/mdm/policy-csp-printers#printers-configurerpcconnectionpolicy","windows10","Professional; Enterprise; Education; MultiSession; CloudN; 11SE; iotEnterprise; iotEnterpriseSEval","Home; CPC; surfaceHub; hololens; hololensEnterprise; holographicForBusiness","","x",""
"CIS (L1) Section 1 - 4.9.1.1 - Windows 11 Intune 4.0.0 ","","Protocol to use for outgoing RPC connections: (Device)","RPC over TCP","","windows10","Professional; Enterprise; Education; MultiSession; CloudN; 11SE; iotEnterprise; iotEnterpriseSEval","Home; CPC; surfaceHub; hololens; hololensEnterprise; holographicForBusiness","","x",""
"CIS (L1) Section 1 - 4.9.1.1 - Windows 11 Intune 4.0.0 ","","Use authentication for outgoing RPC connections: (Device)","Default","","windows10","Professional; Enterprise; Education; MultiSession; CloudN; 11SE; iotEnterprise; iotEnterpriseSEval","Home; CPC; surfaceHub; hololens; hololensEnterprise; holographicForBusiness","","x",""
"CIS (L1) Section 1 - 4.9.1.1 - Windows 11 Intune 4.0.0 ","Configure RPC listener settings","","Enabled","https://docs.microsoft.com/windows/client-management/mdm/policy-csp-printers#printers-configurerpclistenerpolicy","windows10","Professional; Enterprise; Education; MultiSession; CloudN; 11SE; iotEnterprise; iotEnterpriseSEval","Home; CPC; surfaceHub; hololens; hololensEnterprise; holographicForBusiness","","x",""
"CIS (L1) Section 1 - 4.9.1.1 - Windows 11 Intune 4.0.0 ","","Authentication protocol to use for incoming RPC connections: (Device)","Negotiate","","windows10","Professional; Enterprise; Education; MultiSession; CloudN; 11SE; iotEnterprise; iotEnterpriseSEval","Home; CPC; surfaceHub; hololens; hololensEnterprise; holographicForBusiness","","x",""
"CIS (L1) Section 1 - 4.9.1.1 - Windows 11 Intune 4.0.0 ","","Protocols to allow for incoming RPC connections: (Device)","RPC over TCP","","windows10","Professional; Enterprise; Education; MultiSession; CloudN; 11SE; iotEnterprise; iotEnterpriseSEval","Home; CPC; surfaceHub; hololens; hololensEnterprise; holographicForBusiness","","x",""
"CIS (L1) Section 1 - 4.9.1.1 - Windows 11 Intune 4.0.0 ","Configure RPC over TCP port","","Enabled","https://docs.microsoft.com/windows/client-management/mdm/policy-csp-printers#printers-configurerpctcpport","windows10","Professional; Enterprise; Education; MultiSession; CloudN; 11SE; iotEnterprise; iotEnterpriseSEval","Home; CPC; surfaceHub; hololens; hololensEnterprise; holographicForBusiness","","x",""
"CIS (L1) Section 1 - 4.9.1.1 - Windows 11 Intune 4.0.0 ","","RPC over TCP port: (Device)","0","","windows10","Professional; Enterprise; Education; MultiSession; CloudN; 11SE; iotEnterprise; iotEnterpriseSEval","Home; CPC; surfaceHub; hololens; hololensEnterprise; holographicForBusiness","","x",""
"CIS (L1) Section 1 - 4.9.1.1 - Windows 11 Intune 4.0.0 ","Limits print driver installation to Administrators","","Enabled","https://docs.microsoft.com/windows/client-management/mdm/policy-csp-printers#printers-restrictdriverinstallationtoadministrators","windows10","Professional; Enterprise; Education; MultiSession; CloudN; 11SE; iotEnterprise; iotEnterpriseSEval","Home; CPC; surfaceHub; hololens; hololensEnterprise; holographicForBusiness","","x",""
"CIS (L1) Section 1 - 4.9.1.1 - Windows 11 Intune 4.0.0 ","Manage processing of Queue-specific files","","Enabled","https://docs.microsoft.com/windows/client-management/mdm/policy-csp-printers#printers-configurecopyfilespolicy","windows10","Professional; Enterprise; Education; MultiSession; CloudN; 11SE; iotEnterprise; iotEnterpriseSEval","Home; CPC; surfaceHub; hololens; hololensEnterprise; holographicForBusiness","","x",""
"CIS (L1) Section 1 - 4.9.1.1 - Windows 11 Intune 4.0.0 ","","Manage processing of Queue-Specific files: (Device)","Limit Queue-specific files to Color profiles","","windows10","Professional; Enterprise; Education; MultiSession; CloudN; 11SE; iotEnterprise; iotEnterpriseSEval","Home; CPC; surfaceHub; hololens; hololensEnterprise; holographicForBusiness","","x",""
"CIS (L1) Section 1 - 4.9.1.1 - Windows 11 Intune 4.0.0 ","Point and Print Restrictions","","Enabled","https://docs.microsoft.com/windows/client-management/mdm/policy-csp-printers#printers-pointandprintrestrictions","windows10","Professional; Enterprise; Education; MultiSession; CloudN; 11SE; iotEnterprise; iotEnterpriseSEval","Home; CPC; surfaceHub; hololens; hololensEnterprise; holographicForBusiness","x","",""
"CIS (L1) Section 1 - 4.9.1.1 - Windows 11 Intune 4.0.0 ","","Enter fully qualified server names separated by semicolons (Device)","","","windows10","Professional; Enterprise; Education; MultiSession; CloudN; 11SE; iotEnterprise; iotEnterpriseSEval","Home; CPC; surfaceHub; hololens; hololensEnterprise; holographicForBusiness","x","",""
"CIS (L1) Section 1 - 4.9.1.1 - Windows 11 Intune 4.0.0 ","","Users can only point and print to machines in their forest (Device)","False","","windows10","Professional; Enterprise; Education; MultiSession; CloudN; 11SE; iotEnterprise; iotEnterpriseSEval","Home; CPC; surfaceHub; hololens; hololensEnterprise; holographicForBusiness","x","",""
"CIS (L1) Section 1 - 4.9.1.1 - Windows 11 Intune 4.0.0 ","","Users can only point and print to these servers: (Device)","False","","windows10","Professional; Enterprise; Education; MultiSession; CloudN; 11SE; iotEnterprise; iotEnterpriseSEval","Home; CPC; surfaceHub; hololens; hololensEnterprise; holographicForBusiness","x","",""
"CIS (L1) Section 1 - 4.9.1.1 - Windows 11 Intune 4.0.0 ","","When installing drivers for a new connection: (Device)","Show warning and elevation prompt","","windows10","Professional; Enterprise; Education; MultiSession; CloudN; 11SE; iotEnterprise; iotEnterpriseSEval","Home; CPC; surfaceHub; hololens; hololensEnterprise; holographicForBusiness","x","",""
"CIS (L1) Section 1 - 4.9.1.1 - Windows 11 Intune 4.0.0 ","","When updating drivers for an existing connection: (Device)","Show warning and elevation prompt","","windows10","Professional; Enterprise; Education; MultiSession; CloudN; 11SE; iotEnterprise; iotEnterpriseSEval","Home; CPC; surfaceHub; hololens; hololensEnterprise; holographicForBusiness","x","",""
"CIS (L1) Section 1 - 4.9.1.1 - Windows 11 Intune 4.0.0 ","Turn off toast notifications on the lock screen (User)","","Enabled","https://docs.microsoft.com/windows/client-management/mdm/policy-csp-admx-wpn#admx-wpn-nolockscreentoastnotification","windows10","Professional; Enterprise; Education; MultiSession; CloudN; 11SE; iotEnterprise; iotEnterpriseSEval; holographicForBusiness","Home; CPC; surfaceHub; hololens; hololensEnterprise","","x",""
"CIS (L1) Section 15 - 104 - Windows 11 Intune 4.0.0"," Provider ID","","","","windows10","Home; Professional; Enterprise; Education; MultiSession; CloudN; CPC; 11SE; iotEnterprise; iotEnterpriseSEval; holographicForBusiness","surfaceHub; hololens; hololensEnterprise","x","",""
"CIS (L1) Section 15 - 104 - Windows 11 Intune 4.0.0","","Config refresh","Enabled.","https://docs.microsoft.com/windows/client-management/mdm/DMClient-csp/","windows10","Home; Professional; Enterprise; Education; MultiSession; CloudN; CPC; 11SE; iotEnterprise; iotEnterpriseSEval; holographicForBusiness","surfaceHub; hololens; hololensEnterprise","x","",""
"CIS (L1) Section 15 - 104 - Windows 11 Intune 4.0.0","","Refresh cadence","90","https://docs.microsoft.com/windows/client-management/mdm/DMClient-csp/","windows10","Home; Professional; Enterprise; Education; MultiSession; CloudN; CPC; 11SE; iotEnterprise; iotEnterpriseSEval; holographicForBusiness","surfaceHub; hololens; hololensEnterprise","x","",""
"CIS (L1) Section 15 - 104 - Windows 11 Intune 4.0.0","DO Download Mode","","HTTP only, no peering","https://docs.microsoft.com/windows/client-management/mdm/policy-csp-DeliveryOptimization#dodownloadmode","windows10","Professional; Enterprise; Education; MultiSession; CloudN; CPC; 11SE; iotEnterprise; iotEnterpriseSEval; holographicForBusiness","Home; surfaceHub; hololens; hololensEnterprise","x","",""
"CIS (L1) Section 15 - 104 - Windows 11 Intune 4.0.0","Configure System Guard Launch","","Unmanaged Enables Secure Launch if supported by hardware","https://docs.microsoft.com/en-us/windows/client-management/mdm/policy-csp-deviceguard#configuresystemguardlaunch","windows10","Home; Professional; Enterprise; Education; MultiSession; CloudN; CPC; 11SE; iotEnterprise; iotEnterpriseSEval","surfaceHub; hololens; hololensEnterprise; holographicForBusiness","","x",""
"CIS (L1) Section 15 - 104 - Windows 11 Intune 4.0.0","Credential Guard","","(Enabled with UEFI lock) Turns on Credential Guard with UEFI lock.","https://docs.microsoft.com/en-us/windows/client-management/mdm/policy-csp-deviceguard#lsacfgflags","windows10","Enterprise; Education; MultiSession; CPC; iotEnterprise; iotEnterpriseSEval","Home; Professional; CloudN; 11SE; surfaceHub; hololens; hololensEnterprise; holographicForBusiness","","x",""
"CIS (L1) Section 15 - 104 - Windows 11 Intune 4.0.0","Enable Virtualization Based Security","","enable virtualization based security.","https://docs.microsoft.com/en-us/windows/client-management/mdm/policy-csp-deviceguard#enablevirtualizationbasedsecurity","windows10","Professional; Enterprise; Education; MultiSession; CPC; iotEnterprise; iotEnterpriseSEval","Home; CloudN; 11SE; surfaceHub; hololens; hololensEnterprise; holographicForBusiness","","x",""
"CIS (L1) Section 15 - 104 - Windows 11 Intune 4.0.0","Require Platform Security Features","","Turns on VBS with Secure Boot.","https://docs.microsoft.com/en-us/windows/client-management/mdm/policy-csp-deviceguard#requireplatformsecurityfeatures","windows10","Enterprise; Education; MultiSession; CPC; iotEnterprise; iotEnterpriseSEval","Home; Professional; CloudN; 11SE; surfaceHub; hololens; hololensEnterprise; holographicForBusiness","","x",""
"CIS (L1) Section 15 - 104 - Windows 11 Intune 4.0.0","Allow Cortana","","Block","https://docs.microsoft.com/windows/client-management/mdm/policy-csp-Experience#allowcortana","windows10","Professional; Enterprise; Education; MultiSession; CloudN; 11SE; iotEnterprise; iotEnterpriseSEval; holographicForBusiness","Home; CPC; surfaceHub; hololens; hololensEnterprise","x","",""
"CIS (L1) Section 15 - 104 - Windows 11 Intune 4.0.0","Allow Spotlight Collection (User)","","0","https://docs.microsoft.com/windows/client-management/mdm/policy-csp-Experience#allowspotlightcollection","windows10","Enterprise; Education; iotEnterprise; iotEnterpriseSEval","Home; Professional; MultiSession; CloudN; CPC; 11SE; surfaceHub; hololens; hololensEnterprise; holographicForBusiness","x","",""
"CIS (L1) Section 15 - 104 - Windows 11 Intune 4.0.0","Disable Consumer Account State Content","","Enabled.","https://docs.microsoft.com/windows/client-management/mdm/policy-csp-Experience#disableconsumeraccountstatecontent","windows10","Enterprise; Education; iotEnterprise; iotEnterpriseSEval","Home; Professional; MultiSession; CloudN; CPC; 11SE; surfaceHub; hololens; hololensEnterprise; holographicForBusiness","x","",""
"CIS (L1) Section 15 - 104 - Windows 11 Intune 4.0.0","Do Not Show Feedback Notifications","","Feedback notifications are disabled.","https://docs.microsoft.com/windows/client-management/mdm/policy-csp-Experience#donotshowfeedbacknotifications","windows10","Professional; Enterprise; Education; MultiSession; CloudN; 11SE; iotEnterprise; iotEnterpriseSEval","Home; CPC; surfaceHub; hololens; hololensEnterprise; holographicForBusiness","x","",""
"CIS (L1) Section 15 - 104 - Windows 11 Intune 4.0.0","Enable Insecure Guest Logons","","Disabled","https://docs.microsoft.com/windows/client-management/mdm/policy-csp-LanmanWorkstation#enableinsecureguestlogons","windows10","Professional; Enterprise; Education; MultiSession; CloudN; 11SE; iotEnterprise; iotEnterpriseSEval","Home; CPC; surfaceHub; hololens; hololensEnterprise; holographicForBusiness","","x",""
"CIS (L1) Section 15 - 104 - Windows 11 Intune 4.0.0","Configure Lsa Protected Process","","Enabled with UEFI lock. LSA will run as protected process and this configuration is UEFI locked.","https://docs.microsoft.com/windows/client-management/mdm/policy-csp-LocalSecurityAuthority#configurelsaprotectedprocess","windows10","Professional; Enterprise; Education; MultiSession; CloudN; 11SE; iotEnterprise; iotEnterpriseSEval","Home; CPC; surfaceHub; hololens; hololensEnterprise; holographicForBusiness","","x",""
"CIS (L1) Section 15 - 104 - Windows 11 Intune 4.0.0","Allow apps from the Microsoft app store to auto update","","Allowed.","https://docs.microsoft.com/windows/client-management/mdm/policy-csp-ApplicationManagement#allowappstoreautoupdate","windows10","Professional; Enterprise; Education; MultiSession; CloudN; 11SE; iotEnterprise; iotEnterpriseSEval; holographicForBusiness","Home; CPC; surfaceHub; hololens; hololensEnterprise","x","",""
"CIS (L1) Section 15 - 104 - Windows 11 Intune 4.0.0","Allow Game DVR","","Block","https://docs.microsoft.com/windows/client-management/mdm/policy-csp-ApplicationManagement#allowgamedvr","windows10","Professional; Enterprise; Education; MultiSession; CloudN; 11SE; iotEnterprise; iotEnterpriseSEval","Home; CPC; surfaceHub; hololens; hololensEnterprise; holographicForBusiness","","x",""
"CIS (L1) Section 15 - 104 - Windows 11 Intune 4.0.0","Block Non Admin User Install","","Allow","https://docs.microsoft.com/windows/client-management/mdm/policy-csp-ApplicationManagement#blocknonadminuserinstall","windows10","Enterprise; Education; MultiSession; iotEnterprise; iotEnterpriseSEval","Home; Professional; CloudN; CPC; 11SE; surfaceHub; hololens; hololensEnterprise; holographicForBusiness","x","",""
"CIS (L1) Section 15 - 104 - Windows 11 Intune 4.0.0","MSI Allow User Control Over Install","","Disabled","https://docs.microsoft.com/windows/client-management/mdm/policy-csp-ApplicationManagement#msiallowusercontroloverinstall","windows10","Professional; Enterprise; Education; MultiSession; CloudN; 11SE; iotEnterprise; iotEnterpriseSEval","Home; CPC; surfaceHub; hololens; hololensEnterprise; holographicForBusiness","","x",""
"CIS (L1) Section 15 - 104 - Windows 11 Intune 4.0.0","MSI Always Install With Elevated Privileges","","Disabled","https://docs.microsoft.com/windows/client-management/mdm/policy-csp-ApplicationManagement#msialwaysinstallwithelevatedprivileges","windows10","Professional; Enterprise; Education; MultiSession; CloudN; 11SE; iotEnterprise; iotEnterpriseSEval","Home; CPC; surfaceHub; hololens; hololensEnterprise; holographicForBusiness","","x",""
"CIS (L1) Section 15 - 104 - Windows 11 Intune 4.0.0","MSI Always Install With Elevated Privileges (User)","","Disabled","https://docs.microsoft.com/windows/client-management/mdm/policy-csp-ApplicationManagement#msialwaysinstallwithelevatedprivileges","windows10","Professional; Enterprise; Education; MultiSession; CloudN; 11SE; iotEnterprise; iotEnterpriseSEval","Home; CPC; surfaceHub; hololens; hololensEnterprise; holographicForBusiness","x","",""
"CIS (L1) Section 15 - 104 - Windows 11 Intune 4.0.0","Allow Input Personalization","","Block","https://docs.microsoft.com/windows/client-management/mdm/policy-csp-Privacy#allowinputpersonalization","windows10","Home; Professional; Enterprise; Education; MultiSession; CloudN; CPC; 11SE; iotEnterprise; iotEnterpriseSEval; holographicForBusiness","surfaceHub; hololens; hololensEnterprise","x","",""
"CIS (L1) Section 15 - 104 - Windows 11 Intune 4.0.0","Let Apps Activate With Voice Above Lock","","Force deny. Windows apps cannot be activated by voice while the screen is locked, and users cannot change it.","https://docs.microsoft.com/windows/client-management/mdm/policy-csp-Privacy#letappsactivatewithvoiceabovelock","windows10","Home; Professional; Enterprise; Education; MultiSession; CloudN; CPC; 11SE; iotEnterprise; iotEnterpriseSEval","surfaceHub; hololens; hololensEnterprise; holographicForBusiness","","x",""
"CIS (L1) Section 15 - 104 - Windows 11 Intune 4.0.0","Allow Indexing Encrypted Stores Or Items","","Block","https://docs.microsoft.com/windows/client-management/mdm/policy-csp-Search#allowindexingencryptedstoresoritems","windows10","Professional; Enterprise; Education; MultiSession; CloudN; 11SE; iotEnterprise; iotEnterpriseSEval","Home; CPC; surfaceHub; hololens; hololensEnterprise; holographicForBusiness","","x",""
"CIS (L1) Section 15 - 104 - Windows 11 Intune 4.0.0","Allow Search To Use Location","","Block","https://docs.microsoft.com/windows/client-management/mdm/policy-csp-Search#allowsearchtouselocation","windows10","Professional; Enterprise; Education; MultiSession; CloudN; 11SE; iotEnterprise; iotEnterpriseSEval; holographicForBusiness","Home; CPC; surfaceHub; hololens; hololensEnterprise","x","",""
"CIS (L1) Section 15 - 104 - Windows 11 Intune 4.0.0","Notify Malicious","","Enabled","","windows10","Professional; Enterprise; Education; MultiSession; CloudN; 11SE; iotEnterprise; iotEnterpriseSEval","Home; CPC; surfaceHub; hololens; hololensEnterprise; holographicForBusiness","","x",""
"CIS (L1) Section 15 - 104 - Windows 11 Intune 4.0.0","Notify Password Reuse","","Enabled","","windows10","Professional; Enterprise; Education; MultiSession; CloudN; 11SE; iotEnterprise; iotEnterpriseSEval","Home; CPC; surfaceHub; hololens; hololensEnterprise; holographicForBusiness","","x",""
"CIS (L1) Section 15 - 104 - Windows 11 Intune 4.0.0","Notify Unsafe App","","Enabled","","windows10","Professional; Enterprise; Education; MultiSession; CloudN; 11SE; iotEnterprise; iotEnterpriseSEval","Home; CPC; surfaceHub; hololens; hololensEnterprise; holographicForBusiness","","x",""
"CIS (L1) Section 15 - 104 - Windows 11 Intune 4.0.0","Service Enabled","","Enabled","","windows10","Professional; Enterprise; Education; MultiSession; CloudN; 11SE; iotEnterprise; iotEnterpriseSEval","Home; CPC; surfaceHub; hololens; hololensEnterprise; holographicForBusiness","","x",""
"CIS (L1) Section 15 - 104 - Windows 11 Intune 4.0.0","Enable Sudo","","Sudo is disabled.","https://docs.microsoft.com/windows/client-management/mdm/policy-csp-Sudo#enablesudo","windows10","Professional; Enterprise; Education; CloudN; 11SE; iotEnterprise","Home; MultiSession; CPC; iotEnterpriseSEval; surfaceHub; hololens; hololensEnterprise; holographicForBusiness","","x",""
"CIS (L1) Section 15 - 104 - Windows 11 Intune 4.0.0","Allow Telemetry","","Basic","https://docs.microsoft.com/windows/client-management/mdm/policy-csp-System#allowtelemetry","windows10","Professional; Enterprise; Education; MultiSession; CloudN; CPC; 11SE; iotEnterprise; iotEnterpriseSEval; holographicForBusiness","Home; surfaceHub; hololens; hololensEnterprise","x","",""
"CIS (L1) Section 15 - 104 - Windows 11 Intune 4.0.0","Enable One Settings Auditing","","Enabled.","https://docs.microsoft.com/windows/client-management/mdm/policy-csp-System#enableonesettingsauditing","windows10","Professional; Enterprise; Education; MultiSession; CloudN; CPC; 11SE; iotEnterprise; iotEnterpriseSEval","Home; surfaceHub; hololens; hololensEnterprise; holographicForBusiness","x","",""
"CIS (L1) Section 15 - 104 - Windows 11 Intune 4.0.0","Limit Diagnostic Log Collection","","Enabled.","https://docs.microsoft.com/windows/client-management/mdm/policy-csp-System#limitdiagnosticlogcollection","windows10","Professional; Enterprise; Education; MultiSession; CloudN; CPC; 11SE; iotEnterprise; iotEnterpriseSEval","Home; surfaceHub; hololens; hololensEnterprise; holographicForBusiness","x","",""
"CIS (L1) Section 15 - 104 - Windows 11 Intune 4.0.0","Limit Dump Collection","","Enabled.","https://docs.microsoft.com/windows/client-management/mdm/policy-csp-System#limitdumpcollection","windows10","Professional; Enterprise; Education; MultiSession; CloudN; CPC; 11SE; iotEnterprise; iotEnterpriseSEval","Home; surfaceHub; hololens; hololensEnterprise; holographicForBusiness","x","",""
"CIS (L1) Section 15 - 104 - Windows 11 Intune 4.0.0","Require UEFI Memory Attributes Table","","Require UEFI Memory Attributes Table","https://docs.microsoft.com/windows/client-management/mdm/policy-csp-VirtualizationBasedTechnology#requireuefimemoryattributestable","windows10","Professional; Enterprise; Education; MultiSession; CPC; iotEnterprise; iotEnterpriseSEval","Home; CloudN; 11SE; surfaceHub; hololens; hololensEnterprise; holographicForBusiness","x","",""
"CIS (L1) Section 15 - 104 - Windows 11 Intune 4.0.0","Allow Auto Connect To Wi Fi Sense Hotspots","","Block","https://docs.microsoft.com/en-us/windows/client-management/mdm/policy-csp-wifi#allowautoconnecttowifisensehotspots","windows10","Professional; Enterprise; Education; CloudN; CPC; 11SE; iotEnterprise; iotEnterpriseSEval","Home; MultiSession; surfaceHub; hololens; hololensEnterprise; holographicForBusiness","","x",""
"CIS (L1) Section 15 - 104 - Windows 11 Intune 4.0.0","Allow widgets","","Not allowed.","https://docs.microsoft.com/en-us/windows/client-management/mdm/policy-configuration-service-provider","windows10","Professional; Enterprise; Education; CloudN; iotEnterprise; iotEnterpriseSEval","Home; MultiSession; CPC; 11SE; surfaceHub; hololens; hololensEnterprise; holographicForBusiness","x","",""
"CIS (L1) Section 15 - 104 - Windows 11 Intune 4.0.0","Allow Windows Ink Workspace","","ink workspace is enabled (feature is turned on), but the user cannot access it above the lock screen.","https://docs.microsoft.com/windows/client-management/mdm/policy-csp-WindowsInkWorkspace#allowwindowsinkworkspace","windows10","Professional; Enterprise; Education; CloudN; 11SE; iotEnterprise; iotEnterpriseSEval","Home; MultiSession; CPC; surfaceHub; hololens; hololensEnterprise; holographicForBusiness","","x",""
"CIS (L1) Section 15 - 104 - Windows 11 Intune 4.0.0","Allow Clipboard Redirection","","Not allowed.","https://docs.microsoft.com/windows/client-management/mdm/policy-csp-WindowsSandbox#allowclipboardredirection","windows10","Professional; Enterprise; Education; MultiSession; CloudN; 11SE; iotEnterprise; iotEnterpriseSEval","Home; CPC; surfaceHub; hololens; hololensEnterprise; holographicForBusiness","x","",""
"CIS (L1) Section 15 - 104 - Windows 11 Intune 4.0.0","Allow Networking","","Not allowed.","https://docs.microsoft.com/windows/client-management/mdm/policy-csp-WindowsSandbox#allownetworking","windows10","Professional; Enterprise; Education; MultiSession; CloudN; 11SE; iotEnterprise; iotEnterpriseSEval","Home; CPC; surfaceHub; hololens; hololensEnterprise; holographicForBusiness","x","",""
"CIS (L1) Section 15 - 104 - Windows 11 Intune 4.0.0","Require Pin For Pairing","","Pairing ceremony for new devices will always require a PIN","https://docs.microsoft.com/windows/client-management/mdm/policy-csp-WirelessDisplay#requirepinforpairing","windows10","Professional; Enterprise; Education; CloudN; 11SE; iotEnterprise; iotEnterpriseSEval","Home; MultiSession; CPC; surfaceHub; hololens; hololensEnterprise; holographicForBusiness","x","",""
"CIS (L1) User Rights (89) - Windows 11 Intune 4.0.0","Access Credential Manager As Trusted Caller","","(<![CDATA[]]>)","https://docs.microsoft.com/windows/client-management/mdm/policy-csp-UserRights#accesscredentialmanagerastrustedcaller","windows10","Professional; Enterprise; Education; CloudN; 11SE; iotEnterprise; iotEnterpriseSEval","Home; MultiSession; CPC; surfaceHub; hololens; hololensEnterprise; holographicForBusiness","x","",""
"CIS (L1) User Rights (89) - Windows 11 Intune 4.0.0","Access From Network","","*S-1-5-32-544; *S-1-5-32-555","https://docs.microsoft.com/windows/client-management/mdm/policy-csp-UserRights#accessfromnetwork","windows10","Professional; Enterprise; Education; CloudN; 11SE; iotEnterprise; iotEnterpriseSEval","Home; MultiSession; CPC; surfaceHub; hololens; hololensEnterprise; holographicForBusiness","","x",""
"CIS (L1) User Rights (89) - Windows 11 Intune 4.0.0","Act As Part Of The Operating System","","(<![CDATA[]]>)","https://docs.microsoft.com/windows/client-management/mdm/policy-csp-UserRights#actaspartoftheoperatingsystem","windows10","Professional; Enterprise; Education; CloudN; 11SE; iotEnterprise; iotEnterpriseSEval","Home; MultiSession; CPC; surfaceHub; hololens; hololensEnterprise; holographicForBusiness","x","",""
"CIS (L1) User Rights (89) - Windows 11 Intune 4.0.0","Allow Local Log On","","*S-1-5-32-544; *S-1-5-32-545","https://docs.microsoft.com/windows/client-management/mdm/policy-csp-UserRights#allowlocallogon","windows10","Professional; Enterprise; Education; CloudN; 11SE; iotEnterprise; iotEnterpriseSEval","Home; MultiSession; CPC; surfaceHub; hololens; hololensEnterprise; holographicForBusiness","","x",""
"CIS (L1) User Rights (89) - Windows 11 Intune 4.0.0","Backup Files And Directories","","*S-1-5-32-544","https://docs.microsoft.com/windows/client-management/mdm/policy-csp-UserRights#backupfilesanddirectories","windows10","Professional; Enterprise; Education; CloudN; 11SE; iotEnterprise; iotEnterpriseSEval","Home; MultiSession; CPC; surfaceHub; hololens; hololensEnterprise; holographicForBusiness","","x",""
"CIS (L1) User Rights (89) - Windows 11 Intune 4.0.0","Change System Time","","*S-1-5-32-544; *S-1-5-19","https://docs.microsoft.com/windows/client-management/mdm/policy-csp-UserRights#changesystemtime","windows10","Professional; Enterprise; Education; CloudN; 11SE; iotEnterprise; iotEnterpriseSEval","Home; MultiSession; CPC; surfaceHub; hololens; hololensEnterprise; holographicForBusiness","x","",""
"CIS (L1) User Rights (89) - Windows 11 Intune 4.0.0","Create Global Objects","","*S-1-5-32-544; *S-1-5-19; *S-1-5-20; *S-1-5-6","https://docs.microsoft.com/windows/client-management/mdm/policy-csp-UserRights#createglobalobjects","windows10","Professional; Enterprise; Education; CloudN; 11SE; iotEnterprise; iotEnterpriseSEval","Home; MultiSession; CPC; surfaceHub; hololens; hololensEnterprise; holographicForBusiness","","x",""
"CIS (L1) User Rights (89) - Windows 11 Intune 4.0.0","Create Page File","","*S-1-5-32-544","https://docs.microsoft.com/windows/client-management/mdm/policy-csp-UserRights#createpagefile","windows10","Professional; Enterprise; Education; CloudN; 11SE; iotEnterprise; iotEnterpriseSEval","Home; MultiSession; CPC; surfaceHub; hololens; hololensEnterprise; holographicForBusiness","","x",""
"CIS (L1) User Rights (89) - Windows 11 Intune 4.0.0","Create Permanent Shared Objects","","(<![CDATA[]]>)","https://docs.microsoft.com/windows/client-management/mdm/policy-csp-UserRights#createpermanentsharedobjects","windows10","Professional; Enterprise; Education; CloudN; 11SE; iotEnterprise; iotEnterpriseSEval","Home; MultiSession; CPC; surfaceHub; hololens; hololensEnterprise; holographicForBusiness","x","",""
"CIS (L1) User Rights (89) - Windows 11 Intune 4.0.0","Create Symbolic Links","","*S-1-5-32-544","https://docs.microsoft.com/windows/client-management/mdm/policy-csp-UserRights#createsymboliclinks","windows10","Professional; Enterprise; Education; CloudN; 11SE; iotEnterprise; iotEnterpriseSEval","Home; MultiSession; CPC; surfaceHub; hololens; hololensEnterprise; holographicForBusiness","x","",""
"CIS (L1) User Rights (89) - Windows 11 Intune 4.0.0","Create Token","","(<![CDATA[]]>)","https://docs.microsoft.com/windows/client-management/mdm/policy-csp-UserRights#createtoken","windows10","Professional; Enterprise; Education; CloudN; 11SE; iotEnterprise; iotEnterpriseSEval","Home; MultiSession; CPC; surfaceHub; hololens; hololensEnterprise; holographicForBusiness","x","",""
"CIS (L1) User Rights (89) - Windows 11 Intune 4.0.0","Debug Programs","","*S-1-5-32-544","https://docs.microsoft.com/windows/client-management/mdm/policy-csp-UserRights#debugprograms","windows10","Professional; Enterprise; Education; CloudN; 11SE; iotEnterprise; iotEnterpriseSEval","Home; MultiSession; CPC; surfaceHub; hololens; hololensEnterprise; holographicForBusiness","","x",""
"CIS (L1) User Rights (89) - Windows 11 Intune 4.0.0","Deny Access From Network","","*S-1-5-32-546; *S-1-5-113","https://docs.microsoft.com/windows/client-management/mdm/policy-csp-UserRights#denyaccessfromnetwork","windows10","Professional; Enterprise; Education; CloudN; 11SE; iotEnterprise; iotEnterpriseSEval","Home; MultiSession; CPC; surfaceHub; hololens; hololensEnterprise; holographicForBusiness","","","x"
"CIS (L1) User Rights (89) - Windows 11 Intune 4.0.0","Deny Local Log On","","*S-1-5-32-546","https://docs.microsoft.com/windows/client-management/mdm/policy-csp-UserRights#denylocallogon","windows10","Professional; Enterprise; Education; CloudN; 11SE; iotEnterprise; iotEnterpriseSEval","Home; MultiSession; CPC; surfaceHub; hololens; hololensEnterprise; holographicForBusiness","x","",""
"CIS (L1) User Rights (89) - Windows 11 Intune 4.0.0","Deny Log On As Batch Job","","*S-1-5-32-546","https://docs.microsoft.com/windows/client-management/mdm/policy-csp-UserRights#denylogonasbatchjob","windows10","Professional; Enterprise; Education; MultiSession; CloudN; 11SE; iotEnterprise; iotEnterpriseSEval","Home; CPC; surfaceHub; hololens; hololensEnterprise; holographicForBusiness","x","",""
"CIS (L1) User Rights (89) - Windows 11 Intune 4.0.0","Deny Log On As Service","","*S-1-5-32-546","https://docs.microsoft.com/windows/client-management/mdm/policy-csp-UserRights#denylogonasservice","windows10","Professional; Enterprise; Education; MultiSession; CloudN; 11SE; iotEnterprise; iotEnterpriseSEval","Home; CPC; surfaceHub; hololens; hololensEnterprise; holographicForBusiness","x","",""
"CIS (L1) User Rights (89) - Windows 11 Intune 4.0.0","Deny Remote Desktop Services Log On","","*S-1-5-32-546; *S-1-5-113","https://docs.microsoft.com/windows/client-management/mdm/policy-csp-UserRights#denyremotedesktopserviceslogon","windows10","Professional; Enterprise; Education; CloudN; 11SE; iotEnterprise; iotEnterpriseSEval","Home; MultiSession; CPC; surfaceHub; hololens; hololensEnterprise; holographicForBusiness","","","x"
"CIS (L1) User Rights (89) - Windows 11 Intune 4.0.0","Enable Delegation","","(<![CDATA[]]>)","https://docs.microsoft.com/windows/client-management/mdm/policy-csp-UserRights#enabledelegation","windows10","Professional; Enterprise; Education; CloudN; 11SE; iotEnterprise; iotEnterpriseSEval","Home; MultiSession; CPC; surfaceHub; hololens; hololensEnterprise; holographicForBusiness","x","",""
"CIS (L1) User Rights (89) - Windows 11 Intune 4.0.0","Generate Security Audits","","*S-1-5-19; *S-1-5-20","https://docs.microsoft.com/windows/client-management/mdm/policy-csp-UserRights#generatesecurityaudits","windows10","Professional; Enterprise; Education; CloudN; 11SE; iotEnterprise; iotEnterpriseSEval","Home; MultiSession; CPC; surfaceHub; hololens; hololensEnterprise; holographicForBusiness","x","",""
"CIS (L1) User Rights (89) - Windows 11 Intune 4.0.0","Impersonate Client","","*S-1-5-32-544; *S-1-5-19; *S-1-5-20; *S-1-5-6","https://docs.microsoft.com/windows/client-management/mdm/policy-csp-UserRights#impersonateclient","windows10","Professional; Enterprise; Education; CloudN; 11SE; iotEnterprise; iotEnterpriseSEval","Home; MultiSession; CPC; surfaceHub; hololens; hololensEnterprise; holographicForBusiness","","","x"
"CIS (L1) User Rights (89) - Windows 11 Intune 4.0.0","Increase Scheduling Priority","","*S-1-5-32-544; *S-1-5-90-0","https://docs.microsoft.com/windows/client-management/mdm/policy-csp-UserRights#increaseschedulingpriority","windows10","Professional; Enterprise; Education; CloudN; 11SE; iotEnterprise; iotEnterpriseSEval","Home; MultiSession; CPC; surfaceHub; hololens; hololensEnterprise; holographicForBusiness","x","",""
"CIS (L1) User Rights (89) - Windows 11 Intune 4.0.0","Load Unload Device Drivers","","*S-1-5-32-544","https://docs.microsoft.com/windows/client-management/mdm/policy-csp-UserRights#loadunloaddevicedrivers","windows10","Professional; Enterprise; Education; CloudN; 11SE; iotEnterprise; iotEnterpriseSEval","Home; MultiSession; CPC; surfaceHub; hololens; hololensEnterprise; holographicForBusiness","","x",""
"CIS (L1) User Rights (89) - Windows 11 Intune 4.0.0","Lock Memory","","(<![CDATA[]]>)","https://docs.microsoft.com/windows/client-management/mdm/policy-csp-UserRights#lockmemory","windows10","Professional; Enterprise; Education; CloudN; 11SE; iotEnterprise; iotEnterpriseSEval","Home; MultiSession; CPC; surfaceHub; hololens; hololensEnterprise; holographicForBusiness","x","",""
"CIS (L1) User Rights (89) - Windows 11 Intune 4.0.0","Manage Auditing And Security Log","","*S-1-5-32-544","https://docs.microsoft.com/windows/client-management/mdm/policy-csp-UserRights#manageauditingandsecuritylog","windows10","Professional; Enterprise; Education; CloudN; 11SE; iotEnterprise; iotEnterpriseSEval","Home; MultiSession; CPC; surfaceHub; hololens; hololensEnterprise; holographicForBusiness","","x",""
"CIS (L1) User Rights (89) - Windows 11 Intune 4.0.0","Manage Volume","","*S-1-5-32-544","https://docs.microsoft.com/windows/client-management/mdm/policy-csp-UserRights#managevolume","windows10","Professional; Enterprise; Education; CloudN; 11SE; iotEnterprise; iotEnterpriseSEval","Home; MultiSession; CPC; surfaceHub; hololens; hololensEnterprise; holographicForBusiness","","x",""
"CIS (L1) User Rights (89) - Windows 11 Intune 4.0.0","Modify Firmware Environment","","*S-1-5-32-544","https://docs.microsoft.com/windows/client-management/mdm/policy-csp-UserRights#modifyfirmwareenvironment","windows10","Professional; Enterprise; Education; CloudN; 11SE; iotEnterprise; iotEnterpriseSEval","Home; MultiSession; CPC; surfaceHub; hololens; hololensEnterprise; holographicForBusiness","","x",""
"CIS (L1) User Rights (89) - Windows 11 Intune 4.0.0","Modify Object Label","","(<![CDATA[]]>)","https://docs.microsoft.com/windows/client-management/mdm/policy-csp-UserRights#modifyobjectlabel","windows10","Professional; Enterprise; Education; CloudN; 11SE; iotEnterprise; iotEnterpriseSEval","Home; MultiSession; CPC; surfaceHub; hololens; hololensEnterprise; holographicForBusiness","x","",""
"CIS (L1) User Rights (89) - Windows 11 Intune 4.0.0","Profile Single Process","","*S-1-5-32-544","https://docs.microsoft.com/windows/client-management/mdm/policy-csp-UserRights#profilesingleprocess","windows10","Professional; Enterprise; Education; CloudN; 11SE; iotEnterprise; iotEnterpriseSEval","Home; MultiSession; CPC; surfaceHub; hololens; hololensEnterprise; holographicForBusiness","","x",""
"CIS (L1) User Rights (89) - Windows 11 Intune 4.0.0","Profile System Performance","","*S-1-5-32-544; *S-1-5-80","https://docs.microsoft.com/windows/client-management/mdm/policy-csp-UserRights#profilesystemperformance","windows10","Professional; Enterprise; Education; MultiSession; CloudN; 11SE; iotEnterprise; iotEnterpriseSEval","Home; CPC; surfaceHub; hololens; hololensEnterprise; holographicForBusiness","x","",""
"CIS (L1) User Rights (89) - Windows 11 Intune 4.0.0","Remote Shutdown","","*S-1-5-32-544","https://docs.microsoft.com/windows/client-management/mdm/policy-csp-UserRights#remoteshutdown","windows10","Professional; Enterprise; Education; CloudN; 11SE; iotEnterprise; iotEnterpriseSEval","Home; MultiSession; CPC; surfaceHub; hololens; hololensEnterprise; holographicForBusiness","","x",""
"CIS (L1) User Rights (89) - Windows 11 Intune 4.0.0","Replace Process Level Token","","*S-1-5-19; *S-1-5-20","https://docs.microsoft.com/windows/client-management/mdm/policy-csp-UserRights#replaceprocessleveltoken","windows10","Professional; Enterprise; Education; MultiSession; CloudN; 11SE; iotEnterprise; iotEnterpriseSEval","Home; CPC; surfaceHub; hololens; hololensEnterprise; holographicForBusiness","x","",""
"CIS (L1) User Rights (89) - Windows 11 Intune 4.0.0","Restore Files And Directories","","*S-1-5-32-544","https://docs.microsoft.com/windows/client-management/mdm/policy-csp-UserRights#restorefilesanddirectories","windows10","Professional; Enterprise; Education; CloudN; 11SE; iotEnterprise; iotEnterpriseSEval","Home; MultiSession; CPC; surfaceHub; hololens; hololensEnterprise; holographicForBusiness","","x",""
"CIS (L1) User Rights (89) - Windows 11 Intune 4.0.0","Shut Down The System","","*S-1-5-32-544; *S-1-5-32-545","https://docs.microsoft.com/windows/client-management/mdm/policy-csp-UserRights#shutdownthesystem","windows10","Professional; Enterprise; Education; MultiSession; CloudN; 11SE; iotEnterprise; iotEnterpriseSEval","Home; CPC; surfaceHub; hololens; hololensEnterprise; holographicForBusiness","x","",""
"CIS (L1) User Rights (89) - Windows 11 Intune 4.0.0","Take Ownership","","*S-1-5-32-544","https://docs.microsoft.com/windows/client-management/mdm/policy-csp-UserRights#takeownership","windows10","Professional; Enterprise; Education; CloudN; 11SE; iotEnterprise; iotEnterpriseSEval","Home; MultiSession; CPC; surfaceHub; hololens; hololensEnterprise; holographicForBusiness","","x",""
"CIS (L1) Windows LAPS (105) - Windows 11 Intune 4.4.0","Backup Directory ","","Backup the password to Microsoft Entra ID only","https://docs.microsoft.com/windows/client-management/mdm/LAPS-csp/","windows10","Home; Professional; Enterprise; Education; MultiSession; CloudN; 11SE; iotEnterprise; surfaceHub; hololens; holographicForBusiness","CPC; iotEnterpriseSEval; hololensEnterprise","","x",""
"CIS (L1) Windows LAPS (105) - Windows 11 Intune 4.4.0","","Password Age Days","30","https://docs.microsoft.com/windows/client-management/mdm/LAPS-csp/","windows10","Home; Professional; Enterprise; Education; MultiSession; CloudN; 11SE; iotEnterprise; surfaceHub; hololens; holographicForBusiness","CPC; iotEnterpriseSEval; hololensEnterprise","x","",""
"CIS (L1) Windows LAPS (105) - Windows 11 Intune 4.4.0","Password Complexity ","","Large letters + small letters + numbers + special characters","https://docs.microsoft.com/windows/client-management/mdm/LAPS-csp/","windows10","Home; Professional; Enterprise; Education; MultiSession; CloudN; 11SE; iotEnterprise; surfaceHub; hololens; holographicForBusiness","CPC; iotEnterpriseSEval; hololensEnterprise","x","",""
"CIS (L1) Windows LAPS (105) - Windows 11 Intune 4.4.0","Password Length ","","15","https://docs.microsoft.com/windows/client-management/mdm/LAPS-csp/","windows10","Home; Professional; Enterprise; Education; MultiSession; CloudN; 11SE; iotEnterprise; surfaceHub; hololens; holographicForBusiness","CPC; iotEnterpriseSEval; hololensEnterprise","x","",""
"CIS (L1) Windows LAPS (105) - Windows 11 Intune 4.4.0","Post Authentication Actions ","","Reset the password and logoff the managed account: upon expiry of the grace period, the managed account password will be reset and any interactive logon sessions using the managed account will terminated.","https://docs.microsoft.com/windows/client-management/mdm/LAPS-csp/","windows10","Home; Professional; Enterprise; Education; MultiSession; CloudN; 11SE; iotEnterprise; surfaceHub; hololens; holographicForBusiness","CPC; iotEnterpriseSEval; hololensEnterprise","x","",""
"CIS (L1) Windows LAPS (105) - Windows 11 Intune 4.4.0","Post Authentication Reset Delay ","","8","https://docs.microsoft.com/windows/client-management/mdm/LAPS-csp/","windows10","Home; Professional; Enterprise; Education; MultiSession; CloudN; 11SE; iotEnterprise; surfaceHub; hololens; holographicForBusiness","CPC; iotEnterpriseSEval; hololensEnterprise","x","",""
"CIS (L1) Windows Update (103) - Windows 11 Intune 4.0.0 ","Allow Auto Update","","Auto install and restart. Updates are downloaded automatically on non-metered networks and installed during ""Automatic Maintenance"" when the device is not in use and is not running on battery power. If automatic maintenance is unable to install updates for two days, Windows Update will install updates right away. If a restart is required, then the device is automatically restarted when the device is not actively being used. This is the default behavior for unmanaged devices. Devices are updated quickly, but it increases the risk of accidental data loss caused by an application that does not shutdown properly on restart.","https://docs.microsoft.com/windows/client-management/mdm/policy-csp-Update#allowautoupdate","windows10","Professional; Enterprise; Education; CloudN; CPC; 11SE; iotEnterprise; iotEnterpriseSEval; holographicForBusiness","Home; MultiSession; surfaceHub; hololens; hololensEnterprise","x","",""
"CIS (L1) Windows Update (103) - Windows 11 Intune 4.0.0 ","Block ""Pause Updates"" ability","","Block","https://docs.microsoft.com/windows/client-management/mdm/policy-csp-Update#setdisablepauseuxaccess","windows10","Professional; Enterprise; Education; MultiSession; CloudN; CPC; 11SE; iotEnterprise; iotEnterpriseSEval; holographicForBusiness","Home; surfaceHub; hololens; hololensEnterprise","x","",""
"CIS (L1) Windows Update (103) - Windows 11 Intune 4.0.0 ","Defer Feature Updates Period In Days","","180","https://docs.microsoft.com/windows/client-management/mdm/policy-csp-Update#deferfeatureupdatesperiodindays","windows10","Professional; Enterprise; Education; CloudN; CPC; 11SE; iotEnterprise; iotEnterpriseSEval; holographicForBusiness","Home; MultiSession; surfaceHub; hololens; hololensEnterprise","x","",""
"CIS (L1) Windows Update (103) - Windows 11 Intune 4.0.0 ","Defer Quality Updates Period (Days)","","0","https://docs.microsoft.com/windows/client-management/mdm/policy-csp-Update#deferqualityupdatesperiodindays","windows10","Professional; Enterprise; Education; MultiSession; CloudN; CPC; 11SE; iotEnterprise; iotEnterpriseSEval; holographicForBusiness","Home; surfaceHub; hololens; hololensEnterprise","x","",""
"CIS (L1) Windows Update (103) - Windows 11 Intune 4.0.0 ","Manage Preview Builds","","Disable Preview builds","https://docs.microsoft.com/windows/client-management/mdm/policy-csp-Update#managepreviewbuilds","windows10","Professional; Enterprise; Education; CloudN; CPC; 11SE; iotEnterprise; iotEnterpriseSEval; holographicForBusiness","Home; MultiSession; surfaceHub; hololens; hololensEnterprise","x","",""
"CIS (L1) Windows Update (103) - Windows 11 Intune 4.0.0 ","Scheduled Install Day","","Every day","https://docs.microsoft.com/windows/client-management/mdm/policy-csp-Update#scheduledinstallday","windows10","Professional; Enterprise; Education; CloudN; CPC; 11SE; iotEnterprise; iotEnterpriseSEval; holographicForBusiness","Home; MultiSession; surfaceHub; hololens; hololensEnterprise","x","",""
"Windows Intune Baseline","Prevent enabling lock screen camera","","Enabled","https://docs.microsoft.com/windows/client-management/mdm/policy-csp-devicelock#devicelock-preventenablinglockscreencamera","windows10","Home; Professional; Enterprise; Education; MultiSession; CloudN; CPC; 11SE; iotEnterprise; iotEnterpriseSEval","surfaceHub; hololens; hololensEnterprise; holographicForBusiness","","x",""
"Windows Intune Baseline","Prevent enabling lock screen slide show","","Enabled","https://docs.microsoft.com/windows/client-management/mdm/policy-csp-devicelock#devicelock-preventlockscreenslideshow","windows10","Home; Professional; Enterprise; Education; MultiSession; CloudN; CPC; 11SE; iotEnterprise; iotEnterpriseSEval","surfaceHub; hololens; hololensEnterprise; holographicForBusiness","","x",""
"Windows Intune Baseline","Apply UAC restrictions to local accounts on network logons","","Enabled","https://docs.microsoft.com/windows/client-management/mdm/policy-csp-mssecurityguide#mssecurityguide-applyuacrestrictionstolocalaccountsonnetworklogon","windows10","Professional; Enterprise; Education; MultiSession; CloudN; 11SE; iotEnterprise; iotEnterpriseSEval","Home; CPC; surfaceHub; hololens; hololensEnterprise; holographicForBusiness","","x",""
"Windows Intune Baseline","Configure SMB v1 client driver","","Enabled","https://docs.microsoft.com/windows/client-management/mdm/policy-csp-mssecurityguide#mssecurityguide-configuresmbv1clientdriver","windows10","Professional; Enterprise; Education; MultiSession; CloudN; 11SE; iotEnterprise; iotEnterpriseSEval","Home; CPC; surfaceHub; hololens; hololensEnterprise; holographicForBusiness","","x",""
"Windows Intune Baseline","","Configure MrxSmb10 driver","Disable driver (recommended)","","windows10","Professional; Enterprise; Education; MultiSession; CloudN; 11SE; iotEnterprise; iotEnterpriseSEval","Home; CPC; surfaceHub; hololens; hololensEnterprise; holographicForBusiness","","x",""
"Windows Intune Baseline","Configure SMB v1 server","","Disabled","https://docs.microsoft.com/windows/client-management/mdm/policy-csp-mssecurityguide#mssecurityguide-configuresmbv1server","windows10","Professional; Enterprise; Education; MultiSession; CloudN; 11SE; iotEnterprise; iotEnterpriseSEval","Home; CPC; surfaceHub; hololens; hololensEnterprise; holographicForBusiness","","x",""
"Windows Intune Baseline","Enable Structured Exception Handling Overwrite Protection (SEHOP)","","Enabled","https://docs.microsoft.com/windows/client-management/mdm/policy-csp-mssecurityguide#mssecurityguide-enablestructuredexceptionhandlingoverwriteprotection","windows10","Professional; Enterprise; Education; MultiSession; CloudN; 11SE; iotEnterprise; iotEnterpriseSEval","Home; CPC; surfaceHub; hololens; hololensEnterprise; holographicForBusiness","","x",""
"Windows Intune Baseline","MSS: (DisableIPSourceRouting IPv6) IP source routing protection level (protects against packet spoofing)","","Enabled","https://docs.microsoft.com/windows/client-management/mdm/policy-csp-msslegacy#msslegacy-ipv6sourceroutingprotectionlevel","windows10","Professional; Enterprise; Education; MultiSession; CloudN; 11SE; iotEnterprise; iotEnterpriseSEval","Home; CPC; surfaceHub; hololens; hololensEnterprise; holographicForBusiness","","x",""
"Windows Intune Baseline","","DisableIPSourceRoutingIPv6 (Device)","Highest protection, source routing is completely disabled","","windows10","Professional; Enterprise; Education; MultiSession; CloudN; 11SE; iotEnterprise; iotEnterpriseSEval","Home; CPC; surfaceHub; hololens; hololensEnterprise; holographicForBusiness","","x",""
"Windows Intune Baseline","MSS: (DisableIPSourceRouting) IP source routing protection level (protects against packet spoofing)","","Enabled","https://docs.microsoft.com/windows/client-management/mdm/policy-csp-msslegacy#msslegacy-ipsourceroutingprotectionlevel","windows10","Professional; Enterprise; Education; MultiSession; CloudN; 11SE; iotEnterprise; iotEnterpriseSEval","Home; CPC; surfaceHub; hololens; hololensEnterprise; holographicForBusiness","","x",""
"Windows Intune Baseline","","DisableIPSourceRouting (Device)","Highest protection, source routing is completely disabled","","windows10","Professional; Enterprise; Education; MultiSession; CloudN; 11SE; iotEnterprise; iotEnterpriseSEval","Home; CPC; surfaceHub; hololens; hololensEnterprise; holographicForBusiness","","x",""
"Windows Intune Baseline","MSS: (EnableICMPRedirect) Allow ICMP redirects to override OSPF generated routes","","Disabled","https://docs.microsoft.com/windows/client-management/mdm/policy-csp-msslegacy#msslegacy-allowicmpredirectstooverrideospfgeneratedroutes","windows10","Professional; Enterprise; Education; MultiSession; CloudN; 11SE; iotEnterprise; iotEnterpriseSEval","Home; CPC; surfaceHub; hololens; hololensEnterprise; holographicForBusiness","","x",""
"Windows Intune Baseline","MSS: (NoNameReleaseOnDemand) Allow the computer to ignore NetBIOS name release requests except from WINS servers","","Enabled","https://docs.microsoft.com/windows/client-management/mdm/policy-csp-msslegacy#msslegacy-allowthecomputertoignorenetbiosnamereleaserequestsexceptfromwinsservers","windows10","Professional; Enterprise; Education; MultiSession; CloudN; 11SE; iotEnterprise; iotEnterpriseSEval","Home; CPC; surfaceHub; hololens; hololensEnterprise; holographicForBusiness","","x",""
"Windows Intune Baseline","Turn off multicast name resolution","","Enabled","https://docs.microsoft.com/windows/client-management/mdm/policy-csp-admx-dnsclient#admx-dnsclient-turn-off-multicast","windows10","Professional; Enterprise; Education; MultiSession; CloudN; 11SE; iotEnterprise; iotEnterpriseSEval; holographicForBusiness","Home; CPC; surfaceHub; hololens; hololensEnterprise","","x",""
"Windows Intune Baseline","Prohibit use of Internet Connection Sharing on your DNS domain network","","Enabled","https://docs.microsoft.com/windows/client-management/mdm/policy-csp-admx-networkconnections#admx-networkconnections-nc-showsharedaccessui","windows10","Professional; Enterprise; Education; MultiSession; CloudN; 11SE; iotEnterprise; iotEnterpriseSEval; holographicForBusiness","Home; CPC; surfaceHub; hololens; hololensEnterprise","","x",""
"Windows Intune Baseline","Hardened UNC Paths","","Enabled","https://docs.microsoft.com/windows/client-management/mdm/policy-csp-connectivity#connectivity-hardeneduncpaths","windows10","Professional; Enterprise; Education; MultiSession; CloudN; CPC; 11SE; iotEnterprise; iotEnterpriseSEval","Home; surfaceHub; hololens; hololensEnterprise; holographicForBusiness","","x",""
"Windows Intune Baseline","","Hardened UNC Paths: (Device)","","","windows10","Professional; Enterprise; Education; MultiSession; CloudN; CPC; 11SE; iotEnterprise; iotEnterpriseSEval","Home; surfaceHub; hololens; hololensEnterprise; holographicForBusiness","","x",""
"Windows Intune Baseline","","Value","RequireMutualAuthentication=1,RequireIntegrity=1","","windows10","Professional; Enterprise; Education; MultiSession; CloudN; CPC; 11SE; iotEnterprise; iotEnterpriseSEval","Home; surfaceHub; hololens; hololensEnterprise; holographicForBusiness","","","x"
"Windows Intune Baseline","","Name","\\*\SYSVOL","","windows10","Professional; Enterprise; Education; MultiSession; CloudN; CPC; 11SE; iotEnterprise; iotEnterpriseSEval","Home; surfaceHub; hololens; hololensEnterprise; holographicForBusiness","","x","x"
"Windows Intune Baseline","","Value","RequireMutualAuthentication=1,RequireIntegrity=1","","windows10","Professional; Enterprise; Education; MultiSession; CloudN; CPC; 11SE; iotEnterprise; iotEnterpriseSEval","Home; surfaceHub; hololens; hololensEnterprise; holographicForBusiness","","","x"
"Windows Intune Baseline","","Name","\\*\NETLOGON","","windows10","Professional; Enterprise; Education; MultiSession; CloudN; CPC; 11SE; iotEnterprise; iotEnterpriseSEval","Home; surfaceHub; hololens; hololensEnterprise; holographicForBusiness","","x","x"
"Windows Intune Baseline","Prohibit connection to non-domain networks when connected to domain authenticated network","","Enabled","https://docs.microsoft.com/windows/client-management/mdm/policy-csp-windowsconnectionmanager#windowsconnectionmanager-prohitconnectiontonondomainnetworkswhenconnectedtodomainauthenticatednetwork","windows10","Professional; Enterprise; Education; MultiSession; CloudN; 11SE; iotEnterprise; iotEnterpriseSEval","Home; CPC; surfaceHub; hololens; hololensEnterprise; holographicForBusiness","","x",""
"Windows Intune Baseline","Configure Redirection Guard","","Enabled","https://docs.microsoft.com/windows/client-management/mdm/policy-csp-printers#printers-configureredirectionguardpolicy","windows10","Professional; Enterprise; Education; MultiSession; CloudN; 11SE; iotEnterprise; iotEnterpriseSEval","Home; CPC; surfaceHub; hololens; hololensEnterprise; holographicForBusiness","","x",""
"Windows Intune Baseline","","Redirection Guard Options (Device)","Redirection Guard Enabled","","windows10","Professional; Enterprise; Education; MultiSession; CloudN; 11SE; iotEnterprise; iotEnterpriseSEval","Home; CPC; surfaceHub; hololens; hololensEnterprise; holographicForBusiness","","x",""
"Windows Intune Baseline","Configure RPC connection settings","","Enabled","https://docs.microsoft.com/windows/client-management/mdm/policy-csp-printers#printers-configurerpcconnectionpolicy","windows10","Professional; Enterprise; Education; MultiSession; CloudN; 11SE; iotEnterprise; iotEnterpriseSEval","Home; CPC; surfaceHub; hololens; hololensEnterprise; holographicForBusiness","","x",""
"Windows Intune Baseline","","Use authentication for outgoing RPC connections: (Device)","Default","","windows10","Professional; Enterprise; Education; MultiSession; CloudN; 11SE; iotEnterprise; iotEnterpriseSEval","Home; CPC; surfaceHub; hololens; hololensEnterprise; holographicForBusiness","","x",""
"Windows Intune Baseline","","Protocol to use for outgoing RPC connections: (Device)","RPC over TCP","","windows10","Professional; Enterprise; Education; MultiSession; CloudN; 11SE; iotEnterprise; iotEnterpriseSEval","Home; CPC; surfaceHub; hololens; hololensEnterprise; holographicForBusiness","","x",""
"Windows Intune Baseline","Configure RPC listener settings","","Enabled","https://docs.microsoft.com/windows/client-management/mdm/policy-csp-printers#printers-configurerpclistenerpolicy","windows10","Professional; Enterprise; Education; MultiSession; CloudN; 11SE; iotEnterprise; iotEnterpriseSEval","Home; CPC; surfaceHub; hololens; hololensEnterprise; holographicForBusiness","","x",""
"Windows Intune Baseline","","Protocols to allow for incoming RPC connections: (Device)","RPC over TCP","","windows10","Professional; Enterprise; Education; MultiSession; CloudN; 11SE; iotEnterprise; iotEnterpriseSEval","Home; CPC; surfaceHub; hololens; hololensEnterprise; holographicForBusiness","","x",""
"Windows Intune Baseline","","Authentication protocol to use for incoming RPC connections: (Device)","Negotiate","","windows10","Professional; Enterprise; Education; MultiSession; CloudN; 11SE; iotEnterprise; iotEnterpriseSEval","Home; CPC; surfaceHub; hololens; hololensEnterprise; holographicForBusiness","","x",""
"Windows Intune Baseline","Configure RPC over TCP port","","Enabled","https://docs.microsoft.com/windows/client-management/mdm/policy-csp-printers#printers-configurerpctcpport","windows10","Professional; Enterprise; Education; MultiSession; CloudN; 11SE; iotEnterprise; iotEnterpriseSEval","Home; CPC; surfaceHub; hololens; hololensEnterprise; holographicForBusiness","","x",""
"Windows Intune Baseline","","RPC over TCP port: (Device)","0","","windows10","Professional; Enterprise; Education; MultiSession; CloudN; 11SE; iotEnterprise; iotEnterpriseSEval","Home; CPC; surfaceHub; hololens; hololensEnterprise; holographicForBusiness","","x",""
"Windows Intune Baseline","Limits print driver installation to Administrators","","Enabled","https://docs.microsoft.com/windows/client-management/mdm/policy-csp-printers#printers-restrictdriverinstallationtoadministrators","windows10","Professional; Enterprise; Education; MultiSession; CloudN; 11SE; iotEnterprise; iotEnterpriseSEval","Home; CPC; surfaceHub; hololens; hololensEnterprise; holographicForBusiness","","x",""
"Windows Intune Baseline","Manage processing of Queue-specific files","","Enabled","https://docs.microsoft.com/windows/client-management/mdm/policy-csp-printers#printers-configurecopyfilespolicy","windows10","Professional; Enterprise; Education; MultiSession; CloudN; 11SE; iotEnterprise; iotEnterpriseSEval","Home; CPC; surfaceHub; hololens; hololensEnterprise; holographicForBusiness","","x",""
"Windows Intune Baseline","","Manage processing of Queue-Specific files: (Device)","Limit Queue-specific files to Color profiles","","windows10","Professional; Enterprise; Education; MultiSession; CloudN; 11SE; iotEnterprise; iotEnterpriseSEval","Home; CPC; surfaceHub; hololens; hololensEnterprise; holographicForBusiness","","x",""
"Windows Intune Baseline","Turn off toast notifications on the lock screen (User)","","Enabled","https://docs.microsoft.com/windows/client-management/mdm/policy-csp-admx-wpn#admx-wpn-nolockscreentoastnotification","windows10","Professional; Enterprise; Education; MultiSession; CloudN; 11SE; iotEnterprise; iotEnterpriseSEval; holographicForBusiness","Home; CPC; surfaceHub; hololens; hololensEnterprise","","x",""
"Windows Intune Baseline","Include command line in process creation events","","Enabled","https://docs.microsoft.com/windows/client-management/mdm/policy-csp-admx-auditsettings#admx-auditsettings-includecmdline","windows10","Professional; Enterprise; Education; MultiSession; CloudN; 11SE; iotEnterprise; iotEnterpriseSEval; holographicForBusiness","Home; CPC; surfaceHub; hololens; hololensEnterprise","","x",""
"Windows Intune Baseline","Encryption Oracle Remediation","","Enabled","https://docs.microsoft.com/windows/client-management/mdm/policy-csp-admx-credssp#admx-credssp-allowencryptionoracle","windows10","Professional; Enterprise; Education; MultiSession; CloudN; 11SE; iotEnterprise; iotEnterpriseSEval; holographicForBusiness","Home; CPC; surfaceHub; hololens; hololensEnterprise","","x",""
"Windows Intune Baseline","","Protection Level: (Device)","Force Updated Clients","","windows10","Professional; Enterprise; Education; MultiSession; CloudN; 11SE; iotEnterprise; iotEnterpriseSEval; holographicForBusiness","Home; CPC; surfaceHub; hololens; hololensEnterprise","","x",""
"Windows Intune Baseline","Remote host allows delegation of non-exportable credentials","","Enabled","https://docs.microsoft.com/windows/client-management/mdm/policy-csp-credentialsdelegation#credentialsdelegation-remotehostallowsdelegationofnonexportablecredentials","windows10","Professional; Enterprise; Education; MultiSession; CloudN; 11SE; iotEnterprise; iotEnterpriseSEval","Home; CPC; surfaceHub; hololens; hololensEnterprise; holographicForBusiness","","x",""
"Windows Intune Baseline","Prevent installation of devices using drivers that match these device setup classes","","Enabled","https://docs.microsoft.com/en-us/windows/client-management/mdm/policy-csp-deviceinstallation","windows10","Professional; Enterprise; Education; CloudN; 11SE; iotEnterprise; iotEnterpriseSEval","Home; MultiSession; CPC; surfaceHub; hololens; hololensEnterprise; holographicForBusiness","x","",""
"Windows Intune Baseline","","Also apply to matching devices that are already installed.","True","https://docs.microsoft.com/en-us/windows/client-management/mdm/policy-csp-deviceinstallation","windows10","Professional; Enterprise; Education; CloudN; 11SE; iotEnterprise; iotEnterpriseSEval","Home; MultiSession; CPC; surfaceHub; hololens; hololensEnterprise; holographicForBusiness","x","",""
"Windows Intune Baseline","","Prevented Classes","{d48179be-ec20-11d1-b6b8-00c04fa372a7}","https://docs.microsoft.com/en-us/windows/client-management/mdm/policy-csp-deviceinstallation","windows10","Professional; Enterprise; Education; CloudN; 11SE; iotEnterprise; iotEnterpriseSEval","Home; MultiSession; CPC; surfaceHub; hololens; hololensEnterprise; holographicForBusiness","x","",""
"Windows Intune Baseline","Boot-Start Driver Initialization Policy","","Enabled","https://docs.microsoft.com/windows/client-management/mdm/policy-csp-system#system-bootstartdriverinitialization","windows10","Professional; Enterprise; Education; MultiSession; CloudN; CPC; 11SE; iotEnterprise; iotEnterpriseSEval","Home; surfaceHub; hololens; hololensEnterprise; holographicForBusiness","","x",""
"Windows Intune Baseline","","Choose the boot-start drivers that can be initialized:","Good, unknown and bad but critical","","windows10","Professional; Enterprise; Education; MultiSession; CloudN; CPC; 11SE; iotEnterprise; iotEnterpriseSEval","Home; surfaceHub; hololens; hololensEnterprise; holographicForBusiness","","x",""
"Windows Intune Baseline","Configure registry policy processing","","Enabled","https://docs.microsoft.com/windows/client-management/mdm/policy-csp-admx-grouppolicy#admx-grouppolicy-cse-registry","windows10","Professional; Enterprise; Education; MultiSession; CloudN; 11SE; iotEnterprise; iotEnterpriseSEval; holographicForBusiness","Home; CPC; surfaceHub; hololens; hololensEnterprise","x","",""
"Windows Intune Baseline","","Do not apply during periodic background processing (Device)","False","","windows10","Professional; Enterprise; Education; MultiSession; CloudN; 11SE; iotEnterprise; iotEnterpriseSEval; holographicForBusiness","Home; CPC; surfaceHub; hololens; hololensEnterprise","x","",""
"Windows Intune Baseline","","Process even if the Group Policy objects have not changed (Device)","True","","windows10","Professional; Enterprise; Education; MultiSession; CloudN; 11SE; iotEnterprise; iotEnterpriseSEval; holographicForBusiness","Home; CPC; surfaceHub; hololens; hololensEnterprise","x","",""
"Windows Intune Baseline","Turn off downloading of print drivers over HTTP","","Enabled","https://docs.microsoft.com/en-us/windows/client-management/mdm/policy-csp-connectivity#connectivity-disabledownloadingofprintdriversoverhttp","windows10","Professional; Enterprise; Education; CloudN; CPC; 11SE; iotEnterprise; iotEnterpriseSEval","Home; MultiSession; surfaceHub; hololens; hololensEnterprise; holographicForBusiness","","x",""
"Windows Intune Baseline","Turn off Internet download for Web publishing and online ordering wizards","","Enabled","https://docs.microsoft.com/en-us/windows/client-management/mdm/policy-csp-connectivity#connectivity-disableinternetdownloadforwebpublishingandonlineorderingwizards","windows10","Professional; Enterprise; Education; CloudN; CPC; 11SE; iotEnterprise; iotEnterpriseSEval","Home; MultiSession; surfaceHub; hololens; hololensEnterprise; holographicForBusiness","","x",""
"Windows Intune Baseline","Allow Custom SSPs and APs to be loaded into LSASS","","Disabled","","windows10","Professional; Enterprise; Education; MultiSession; CloudN; 11SE; iotEnterprise; iotEnterpriseSEval","Home; CPC; surfaceHub; hololens; hololensEnterprise; holographicForBusiness","x","",""
"Windows Intune Baseline","Allow standby states (S1-S3) when sleeping (on battery)","","Disabled","https://docs.microsoft.com/windows/client-management/mdm/policy-csp-power#power-allowstandbystateswhensleepingonbattery","windows10","Professional; Enterprise; Education; CloudN; CPC; 11SE; iotEnterprise; iotEnterpriseSEval","Home; MultiSession; surfaceHub; hololens; hololensEnterprise; holographicForBusiness","x","",""
"Windows Intune Baseline","Allow standby states (S1-S3) when sleeping (plugged in)","","Disabled","https://docs.microsoft.com/windows/client-management/mdm/policy-csp-power#power-allowstandbywhensleepingpluggedin","windows10","Professional; Enterprise; Education; CloudN; CPC; 11SE; iotEnterprise; iotEnterpriseSEval","Home; MultiSession; surfaceHub; hololens; hololensEnterprise; holographicForBusiness","x","",""
"Windows Intune Baseline","Require a password when a computer wakes (on battery)","","Enabled","https://docs.microsoft.com/windows/client-management/mdm/policy-csp-power#power-requirepasswordwhencomputerwakesonbattery","windows10","Professional; Enterprise; Education; CloudN; CPC; 11SE; iotEnterprise; iotEnterpriseSEval","Home; MultiSession; surfaceHub; hololens; hololensEnterprise; holographicForBusiness","","x",""
"Windows Intune Baseline","Require a password when a computer wakes (plugged in)","","Enabled","https://docs.microsoft.com/windows/client-management/mdm/policy-csp-power#power-requirepasswordwhencomputerwakespluggedin","windows10","Professional; Enterprise; Education; CloudN; CPC; 11SE; iotEnterprise; iotEnterpriseSEval","Home; MultiSession; surfaceHub; hololens; hololensEnterprise; holographicForBusiness","","x",""
"Windows Intune Baseline","Configure Solicited Remote Assistance","","Disabled","https://docs.microsoft.com/windows/client-management/mdm/policy-csp-remoteassistance#remoteassistance-solicitedremoteassistance","windows10","Professional; Enterprise; Education; MultiSession; CloudN; 11SE; iotEnterprise; iotEnterpriseSEval","Home; CPC; surfaceHub; hololens; hololensEnterprise; holographicForBusiness","","x",""
"Windows Intune Baseline","Restrict Unauthenticated RPC clients","","Enabled","https://docs.microsoft.com/windows/client-management/mdm/policy-csp-remoteprocedurecall#remoteprocedurecall-restrictunauthenticatedrpcclients","windows10","Professional; Enterprise; Education; MultiSession; CloudN; 11SE; iotEnterprise; iotEnterpriseSEval","Home; CPC; surfaceHub; hololens; hololensEnterprise; holographicForBusiness","","x",""
"Windows Intune Baseline","","RPC Runtime Unauthenticated Client Restriction to Apply:","Authenticated","","windows10","Professional; Enterprise; Education; MultiSession; CloudN; 11SE; iotEnterprise; iotEnterpriseSEval","Home; CPC; surfaceHub; hololens; hololensEnterprise; holographicForBusiness","","x",""
"Windows Intune Baseline","Allow Microsoft accounts to be optional","","Enabled","https://docs.microsoft.com/en-us/windows/client-management/mdm/policy-csp-appruntime#appruntime-allowmicrosoftaccountstobeoptional","windows10","Professional; Enterprise; Education; MultiSession; CloudN; 11SE; iotEnterprise; iotEnterpriseSEval","Home; CPC; surfaceHub; hololens; hololensEnterprise; holographicForBusiness","","x",""
"Windows Intune Baseline","Disallow Autoplay for non-volume devices","","Enabled","https://docs.microsoft.com/windows/client-management/mdm/policy-csp-autoplay#autoplay-disallowautoplayfornonvolumedevices","windows10","Professional; Enterprise; Education; CloudN; 11SE; iotEnterprise; iotEnterpriseSEval","Home; MultiSession; CPC; surfaceHub; hololens; hololensEnterprise; holographicForBusiness","","x",""
"Windows Intune Baseline","Set the default behavior for AutoRun","","Enabled","https://docs.microsoft.com/windows/client-management/mdm/policy-csp-autoplay#autoplay-setdefaultautorunbehavior","windows10","Professional; Enterprise; Education; CloudN; 11SE; iotEnterprise; iotEnterpriseSEval","Home; MultiSession; CPC; surfaceHub; hololens; hololensEnterprise; holographicForBusiness","","x",""
"Windows Intune Baseline","","Default AutoRun Behavior","Do not execute any autorun commands","","windows10","Professional; Enterprise; Education; CloudN; 11SE; iotEnterprise; iotEnterpriseSEval","Home; MultiSession; CPC; surfaceHub; hololens; hololensEnterprise; holographicForBusiness","","x",""
"Windows Intune Baseline","Turn off Autoplay","","Enabled","https://docs.microsoft.com/windows/client-management/mdm/policy-csp-autoplay#autoplay-turnoffautoplay","windows10","Professional; Enterprise; Education; CloudN; 11SE; iotEnterprise; iotEnterpriseSEval","Home; MultiSession; CPC; surfaceHub; hololens; hololensEnterprise; holographicForBusiness","","x",""
"Windows Intune Baseline","","Turn off Autoplay on:","All drives","","windows10","Professional; Enterprise; Education; CloudN; 11SE; iotEnterprise; iotEnterpriseSEval","Home; MultiSession; CPC; surfaceHub; hololens; hololensEnterprise; holographicForBusiness","","x",""
"Windows Intune Baseline","Deny write access to fixed drives not protected by BitLocker","","Disabled","https://docs.microsoft.com/en-us/windows/client-management/mdm/bitlocker-csp","windows10","","","x","",""
"Windows Intune Baseline","Deny write access to removable drives not protected by BitLocker","","Enabled","https://docs.microsoft.com/en-us/windows/client-management/mdm/bitlocker-csp","windows10","","","x","",""
"Windows Intune Baseline","","Do not allow write access to devices configured in another organization","False","https://docs.microsoft.com/en-us/windows/client-management/mdm/bitlocker-csp","windows10","","","x","",""
"Windows Intune Baseline","Enumerate administrator accounts on elevation","","Disabled","https://docs.microsoft.com/windows/client-management/mdm/policy-csp-credentialsui#credentialsui-enumerateadministrators","windows10","Professional; Enterprise; Education; MultiSession; CloudN; 11SE; iotEnterprise; iotEnterpriseSEval","Home; CPC; surfaceHub; hololens; hololensEnterprise; holographicForBusiness","","x",""
"Windows Intune Baseline","Specify the maximum log file size (KB)","","Enabled","https://docs.microsoft.com/windows/client-management/mdm/policy-csp-eventlogservice#eventlogservice-specifymaximumfilesizeapplicationlog","windows10","Professional; Enterprise; Education; MultiSession; CloudN; 11SE; iotEnterprise; iotEnterpriseSEval","Home; CPC; surfaceHub; hololens; hololensEnterprise; holographicForBusiness","","x",""
"Windows Intune Baseline","","Maximum Log Size (KB)","32768","","windows10","Professional; Enterprise; Education; MultiSession; CloudN; 11SE; iotEnterprise; iotEnterpriseSEval","Home; CPC; surfaceHub; hololens; hololensEnterprise; holographicForBusiness","","x",""
"Windows Intune Baseline","Specify the maximum log file size (KB)","","Enabled","https://docs.microsoft.com/windows/client-management/mdm/policy-csp-eventlogservice#eventlogservice-specifymaximumfilesizesecuritylog","windows10","Professional; Enterprise; Education; MultiSession; CloudN; 11SE; iotEnterprise; iotEnterpriseSEval","Home; CPC; surfaceHub; hololens; hololensEnterprise; holographicForBusiness","","x",""
"Windows Intune Baseline","","Maximum Log Size (KB)","196608","","windows10","Professional; Enterprise; Education; MultiSession; CloudN; 11SE; iotEnterprise; iotEnterpriseSEval","Home; CPC; surfaceHub; hololens; hololensEnterprise; holographicForBusiness","","x",""
"Windows Intune Baseline","Specify the maximum log file size (KB)","","Enabled","https://docs.microsoft.com/windows/client-management/mdm/policy-csp-eventlogservice#eventlogservice-specifymaximumfilesizesystemlog","windows10","Professional; Enterprise; Education; MultiSession; CloudN; 11SE; iotEnterprise; iotEnterpriseSEval","Home; CPC; surfaceHub; hololens; hololensEnterprise; holographicForBusiness","","x",""
"Windows Intune Baseline","","Maximum Log Size (KB)","32768","","windows10","Professional; Enterprise; Education; MultiSession; CloudN; 11SE; iotEnterprise; iotEnterpriseSEval","Home; CPC; surfaceHub; hololens; hololensEnterprise; holographicForBusiness","","x",""
"Windows Intune Baseline","Configure Windows Defender SmartScreen","","Enabled","https://docs.microsoft.com/windows/client-management/mdm/policy-csp-admx-windowsexplorer#admx-windowsexplorer-enablesmartscreen","windows10","Professional; Enterprise; Education; MultiSession; CloudN; 11SE; iotEnterprise; iotEnterpriseSEval; holographicForBusiness","Home; CPC; surfaceHub; hololens; hololensEnterprise","","x",""
"Windows Intune Baseline","","Pick one of the following settings: (Device)","Warn and prevent bypass","","windows10","Professional; Enterprise; Education; MultiSession; CloudN; 11SE; iotEnterprise; iotEnterpriseSEval; holographicForBusiness","Home; CPC; surfaceHub; hololens; hololensEnterprise","","x",""
"Windows Intune Baseline","Turn off Data Execution Prevention for Explorer","","Disabled","https://docs.microsoft.com/windows/client-management/mdm/policy-csp-fileexplorer#fileexplorer-turnoffdataexecutionpreventionforexplorer","windows10","Professional; Enterprise; Education; MultiSession; CloudN; 11SE; iotEnterprise; iotEnterpriseSEval","Home; CPC; surfaceHub; hololens; hololensEnterprise; holographicForBusiness","","x",""
"Windows Intune Baseline","Turn off heap termination on corruption","","Disabled","https://docs.microsoft.com/windows/client-management/mdm/policy-csp-fileexplorer#fileexplorer-turnoffheapterminationoncorruption","windows10","Professional; Enterprise; Education; MultiSession; CloudN; 11SE; iotEnterprise; iotEnterpriseSEval","Home; CPC; surfaceHub; hololens; hololensEnterprise; holographicForBusiness","","x",""
"Windows Intune Baseline","Allow software to run or install even if the signature is invalid","","Disabled","https://docs.microsoft.com/windows/client-management/mdm/policy-csp-internetexplorer#internetexplorer-allowsoftwarewhensignatureisinvalid","windows10","Professional; Enterprise; Education; MultiSession; CloudN; 11SE; iotEnterprise; iotEnterpriseSEval","Home; CPC; surfaceHub; hololens; hololensEnterprise; holographicForBusiness","x","",""
"Windows Intune Baseline","Check for server certificate revocation","","Enabled","https://docs.microsoft.com/windows/client-management/mdm/policy-csp-internetexplorer#internetexplorer-checkservercertificaterevocation","windows10","Professional; Enterprise; Education; MultiSession; CloudN; 11SE; iotEnterprise; iotEnterpriseSEval","Home; CPC; surfaceHub; hololens; hololensEnterprise; holographicForBusiness","x","",""
"Windows Intune Baseline","Check for signatures on downloaded programs","","Enabled","https://docs.microsoft.com/windows/client-management/mdm/policy-csp-internetexplorer#internetexplorer-checksignaturesondownloadedprograms","windows10","Professional; Enterprise; Education; MultiSession; CloudN; 11SE; iotEnterprise; iotEnterpriseSEval","Home; CPC; surfaceHub; hololens; hololensEnterprise; holographicForBusiness","x","",""
"Windows Intune Baseline","Do not allow ActiveX controls to run in Protected Mode when Enhanced Protected Mode is enabled","","Enabled","https://docs.microsoft.com/windows/client-management/mdm/policy-csp-internetexplorer#internetexplorer-donotallowactivexcontrolsinprotectedmode","windows10","Professional; Enterprise; Education; MultiSession; CloudN; 11SE; iotEnterprise; iotEnterpriseSEval","Home; CPC; surfaceHub; hololens; hololensEnterprise; holographicForBusiness","x","",""
"Windows Intune Baseline","Turn off encryption support","","Enabled","https://docs.microsoft.com/windows/client-management/mdm/policy-csp-internetexplorer#internetexplorer-disableencryptionsupport","windows10","Professional; Enterprise; Education; MultiSession; CloudN; 11SE; iotEnterprise; iotEnterpriseSEval","Home; CPC; surfaceHub; hololens; hololensEnterprise; holographicForBusiness","x","",""
"Windows Intune Baseline","","Secure Protocol combinations","Use TLS 1.1 and TLS 1.2","","windows10","Professional; Enterprise; Education; MultiSession; CloudN; 11SE; iotEnterprise; iotEnterpriseSEval","Home; CPC; surfaceHub; hololens; hololensEnterprise; holographicForBusiness","x","",""
"Windows Intune Baseline","Turn on 64-bit tab processes when running in Enhanced Protected Mode on 64-bit versions of Windows","","Enabled","https://docs.microsoft.com/windows/client-management/mdm/policy-csp-internetexplorer#internetexplorer-disableprocessesinenhancedprotectedmode","windows10","Professional; Enterprise; Education; MultiSession; CloudN; 11SE; iotEnterprise; iotEnterpriseSEval","Home; CPC; surfaceHub; hololens; hololensEnterprise; holographicForBusiness","x","",""
"Windows Intune Baseline","Turn on Enhanced Protected Mode","","Enabled","https://docs.microsoft.com/windows/client-management/mdm/policy-csp-internetexplorer#internetexplorer-allowenhancedprotectedmode","windows10","Professional; Enterprise; Education; MultiSession; CloudN; 11SE; iotEnterprise; iotEnterpriseSEval","Home; CPC; surfaceHub; hololens; hololensEnterprise; holographicForBusiness","x","",""
"Windows Intune Baseline","Access data sources across domains","","Enabled","https://docs.microsoft.com/windows/client-management/mdm/policy-csp-internetexplorer#internetexplorer-internetzoneallowaccesstodatasources","windows10","Professional; Enterprise; Education; MultiSession; CloudN; 11SE; iotEnterprise; iotEnterpriseSEval","Home; CPC; surfaceHub; hololens; hololensEnterprise; holographicForBusiness","x","",""
"Windows Intune Baseline","","Access data sources across domains","Disable","","windows10","Professional; Enterprise; Education; MultiSession; CloudN; 11SE; iotEnterprise; iotEnterpriseSEval","Home; CPC; surfaceHub; hololens; hololensEnterprise; holographicForBusiness","x","",""
"Windows Intune Baseline","Allow cut, copy or paste operations from the clipboard via script","","Enabled","https://docs.microsoft.com/windows/client-management/mdm/policy-csp-internetexplorer#internetexplorer-internetzoneallowcopypasteviascript","windows10","Professional; Enterprise; Education; MultiSession; CloudN; 11SE; iotEnterprise; iotEnterpriseSEval","Home; CPC; surfaceHub; hololens; hololensEnterprise; holographicForBusiness","x","",""
"Windows Intune Baseline","","Allow paste operations via script","Disable","","windows10","Professional; Enterprise; Education; MultiSession; CloudN; 11SE; iotEnterprise; iotEnterpriseSEval","Home; CPC; surfaceHub; hololens; hololensEnterprise; holographicForBusiness","x","",""
"Windows Intune Baseline","Allow drag and drop or copy and paste files","","Enabled","https://docs.microsoft.com/windows/client-management/mdm/policy-csp-internetexplorer#internetexplorer-internetzoneallowdraganddropcopyandpastefiles","windows10","Professional; Enterprise; Education; MultiSession; CloudN; 11SE; iotEnterprise; iotEnterpriseSEval","Home; CPC; surfaceHub; hololens; hololensEnterprise; holographicForBusiness","x","",""
"Windows Intune Baseline","","Allow drag and drop or copy and paste files","Disable","","windows10","Professional; Enterprise; Education; MultiSession; CloudN; 11SE; iotEnterprise; iotEnterpriseSEval","Home; CPC; surfaceHub; hololens; hololensEnterprise; holographicForBusiness","x","",""
"Windows Intune Baseline","Allow loading of XAML files","","Enabled","https://docs.microsoft.com/windows/client-management/mdm/policy-csp-internetexplorer#internetexplorer-internetzoneallowloadingofxamlfiles","windows10","Professional; Enterprise; Education; MultiSession; CloudN; 11SE; iotEnterprise; iotEnterpriseSEval","Home; CPC; surfaceHub; hololens; hololensEnterprise; holographicForBusiness","x","",""
"Windows Intune Baseline","","XAML Files","Disable","","windows10","Professional; Enterprise; Education; MultiSession; CloudN; 11SE; iotEnterprise; iotEnterpriseSEval","Home; CPC; surfaceHub; hololens; hololensEnterprise; holographicForBusiness","x","",""
"Windows Intune Baseline","Allow only approved domains to use ActiveX controls without prompt","","Enabled","https://docs.microsoft.com/windows/client-management/mdm/policy-csp-internetexplorer#internetexplorer-internetzoneallowonlyapproveddomainstouseactivexcontrols","windows10","Professional; Enterprise; Education; MultiSession; CloudN; 11SE; iotEnterprise; iotEnterpriseSEval","Home; CPC; surfaceHub; hololens; hololensEnterprise; holographicForBusiness","x","",""
"Windows Intune Baseline","","Only allow approved domains to use ActiveX controls without prompt","Enable","","windows10","Professional; Enterprise; Education; MultiSession; CloudN; 11SE; iotEnterprise; iotEnterpriseSEval","Home; CPC; surfaceHub; hololens; hololensEnterprise; holographicForBusiness","x","",""
"Windows Intune Baseline","Allow only approved domains to use the TDC ActiveX control","","Enabled","https://docs.microsoft.com/windows/client-management/mdm/policy-csp-internetexplorer#internetexplorer-internetzoneallowonlyapproveddomainstousetdcactivexcontrol","windows10","Professional; Enterprise; Education; MultiSession; CloudN; 11SE; iotEnterprise; iotEnterpriseSEval","Home; CPC; surfaceHub; hololens; hololensEnterprise; holographicForBusiness","x","",""
"Windows Intune Baseline","","Only allow approved domains to use the TDC ActiveX control","Enable","","windows10","Professional; Enterprise; Education; MultiSession; CloudN; 11SE; iotEnterprise; iotEnterpriseSEval","Home; CPC; surfaceHub; hololens; hololensEnterprise; holographicForBusiness","x","",""
"Windows Intune Baseline","Allow script-initiated windows without size or position constraints","","Enabled","https://docs.microsoft.com/windows/client-management/mdm/policy-csp-internetexplorer#internetexplorer-internetzoneallowscriptinitiatedwindows","windows10","Professional; Enterprise; Education; MultiSession; CloudN; 11SE; iotEnterprise; iotEnterpriseSEval","Home; CPC; surfaceHub; hololens; hololensEnterprise; holographicForBusiness","x","",""
"Windows Intune Baseline","","Allow script-initiated windows without size or position constraints","Disable","","windows10","Professional; Enterprise; Education; MultiSession; CloudN; 11SE; iotEnterprise; iotEnterpriseSEval","Home; CPC; surfaceHub; hololens; hololensEnterprise; holographicForBusiness","x","",""
"Windows Intune Baseline","Allow scripting of Internet Explorer WebBrowser controls","","Enabled","https://docs.microsoft.com/windows/client-management/mdm/policy-csp-internetexplorer#internetexplorer-internetzoneallowscriptingofinternetexplorerwebbrowsercontrols","windows10","Professional; Enterprise; Education; MultiSession; CloudN; 11SE; iotEnterprise; iotEnterpriseSEval","Home; CPC; surfaceHub; hololens; hololensEnterprise; holographicForBusiness","x","",""
"Windows Intune Baseline","","Internet Explorer web browser control","Disable","","windows10","Professional; Enterprise; Education; MultiSession; CloudN; 11SE; iotEnterprise; iotEnterpriseSEval","Home; CPC; surfaceHub; hololens; hololensEnterprise; holographicForBusiness","x","",""
"Windows Intune Baseline","Allow scriptlets","","Enabled","https://docs.microsoft.com/windows/client-management/mdm/policy-csp-internetexplorer#internetexplorer-internetzoneallowscriptlets","windows10","Professional; Enterprise; Education; MultiSession; CloudN; 11SE; iotEnterprise; iotEnterpriseSEval","Home; CPC; surfaceHub; hololens; hololensEnterprise; holographicForBusiness","x","",""
"Windows Intune Baseline","","Scriptlets","Disable","","windows10","Professional; Enterprise; Education; MultiSession; CloudN; 11SE; iotEnterprise; iotEnterpriseSEval","Home; CPC; surfaceHub; hololens; hololensEnterprise; holographicForBusiness","x","",""
"Windows Intune Baseline","Allow updates to status bar via script","","Enabled","https://docs.microsoft.com/windows/client-management/mdm/policy-csp-internetexplorer#internetexplorer-internetzoneallowupdatestostatusbarviascript","windows10","Professional; Enterprise; Education; MultiSession; CloudN; 11SE; iotEnterprise; iotEnterpriseSEval","Home; CPC; surfaceHub; hololens; hololensEnterprise; holographicForBusiness","x","",""
"Windows Intune Baseline","","Status bar updates via script","Disable","","windows10","Professional; Enterprise; Education; MultiSession; CloudN; 11SE; iotEnterprise; iotEnterpriseSEval","Home; CPC; surfaceHub; hololens; hololensEnterprise; holographicForBusiness","x","",""
"Windows Intune Baseline","Allow VBScript to run in Internet Explorer","","Enabled","https://docs.microsoft.com/windows/client-management/mdm/policy-csp-internetexplorer#internetexplorer-internetzoneallowvbscripttorunininternetexplorer","windows10","Professional; Enterprise; Education; MultiSession; CloudN; 11SE; iotEnterprise; iotEnterpriseSEval","Home; CPC; surfaceHub; hololens; hololensEnterprise; holographicForBusiness","x","",""
"Windows Intune Baseline","","Allow VBScript to run in Internet Explorer","Disable","","windows10","Professional; Enterprise; Education; MultiSession; CloudN; 11SE; iotEnterprise; iotEnterpriseSEval","Home; CPC; surfaceHub; hololens; hololensEnterprise; holographicForBusiness","x","",""
"Windows Intune Baseline","Automatic prompting for file downloads","","Enabled","https://docs.microsoft.com/windows/client-management/mdm/policy-csp-internetexplorer#internetexplorer-internetzoneallowautomaticpromptingforfiledownloads","windows10","Professional; Enterprise; Education; MultiSession; CloudN; 11SE; iotEnterprise; iotEnterpriseSEval","Home; CPC; surfaceHub; hololens; hololensEnterprise; holographicForBusiness","x","",""
"Windows Intune Baseline","","Automatic prompting for file downloads","Disable","","windows10","Professional; Enterprise; Education; MultiSession; CloudN; 11SE; iotEnterprise; iotEnterpriseSEval","Home; CPC; surfaceHub; hololens; hololensEnterprise; holographicForBusiness","x","",""
"Windows Intune Baseline","Don't run antimalware programs against ActiveX controls","","Enabled","https://docs.microsoft.com/windows/client-management/mdm/policy-csp-internetexplorer#internetexplorer-internetzonedonotrunantimalwareagainstactivexcontrols","windows10","Professional; Enterprise; Education; MultiSession; CloudN; 11SE; iotEnterprise; iotEnterpriseSEval","Home; CPC; surfaceHub; hololens; hololensEnterprise; holographicForBusiness","x","",""
"Windows Intune Baseline","","Don't run antimalware programs against ActiveX controls","Disable","","windows10","Professional; Enterprise; Education; MultiSession; CloudN; 11SE; iotEnterprise; iotEnterpriseSEval","Home; CPC; surfaceHub; hololens; hololensEnterprise; holographicForBusiness","x","",""
"Windows Intune Baseline","Download signed ActiveX controls","","Enabled","https://docs.microsoft.com/windows/client-management/mdm/policy-csp-internetexplorer#internetexplorer-internetzonedownloadsignedactivexcontrols","windows10","Professional; Enterprise; Education; MultiSession; CloudN; 11SE; iotEnterprise; iotEnterpriseSEval","Home; CPC; surfaceHub; hololens; hololensEnterprise; holographicForBusiness","x","",""
"Windows Intune Baseline","","Download signed ActiveX controls","Disable","","windows10","Professional; Enterprise; Education; MultiSession; CloudN; 11SE; iotEnterprise; iotEnterpriseSEval","Home; CPC; surfaceHub; hololens; hololensEnterprise; holographicForBusiness","x","",""
"Windows Intune Baseline","Download unsigned ActiveX controls","","Enabled","https://docs.microsoft.com/windows/client-management/mdm/policy-csp-internetexplorer#internetexplorer-internetzonedownloadunsignedactivexcontrols","windows10","Professional; Enterprise; Education; MultiSession; CloudN; 11SE; iotEnterprise; iotEnterpriseSEval","Home; CPC; surfaceHub; hololens; hololensEnterprise; holographicForBusiness","x","",""
"Windows Intune Baseline","","Download unsigned ActiveX controls","Disable","","windows10","Professional; Enterprise; Education; MultiSession; CloudN; 11SE; iotEnterprise; iotEnterpriseSEval","Home; CPC; surfaceHub; hololens; hololensEnterprise; holographicForBusiness","x","",""
"Windows Intune Baseline","Enable dragging of content from different domains across windows","","Enabled","https://docs.microsoft.com/windows/client-management/mdm/policy-csp-internetexplorer#internetexplorer-internetzoneenabledraggingofcontentfromdifferentdomainsacrosswindows","windows10","Professional; Enterprise; Education; MultiSession; CloudN; 11SE; iotEnterprise; iotEnterpriseSEval","Home; CPC; surfaceHub; hololens; hololensEnterprise; holographicForBusiness","x","",""
"Windows Intune Baseline","","Enable dragging of content from different domains across windows","Disable","","windows10","Professional; Enterprise; Education; MultiSession; CloudN; 11SE; iotEnterprise; iotEnterpriseSEval","Home; CPC; surfaceHub; hololens; hololensEnterprise; holographicForBusiness","x","",""
"Windows Intune Baseline","Enable dragging of content from different domains within a window","","Enabled","https://docs.microsoft.com/windows/client-management/mdm/policy-csp-internetexplorer#internetexplorer-internetzoneenabledraggingofcontentfromdifferentdomainswithinwindows","windows10","Professional; Enterprise; Education; MultiSession; CloudN; 11SE; iotEnterprise; iotEnterpriseSEval","Home; CPC; surfaceHub; hololens; hololensEnterprise; holographicForBusiness","x","",""
"Windows Intune Baseline","","Enable dragging of content from different domains within a window","Disable","","windows10","Professional; Enterprise; Education; MultiSession; CloudN; 11SE; iotEnterprise; iotEnterpriseSEval","Home; CPC; surfaceHub; hololens; hololensEnterprise; holographicForBusiness","x","",""
"Windows Intune Baseline","Include local path when user is uploading files to a server","","Enabled","https://docs.microsoft.com/windows/client-management/mdm/policy-csp-internetexplorer#internetexplorer-internetzoneincludelocalpathwhenuploadingfilestoserver","windows10","Professional; Enterprise; Education; MultiSession; CloudN; 11SE; iotEnterprise; iotEnterpriseSEval","Home; CPC; surfaceHub; hololens; hololensEnterprise; holographicForBusiness","x","",""
"Windows Intune Baseline","","Include local directory path when uploading files to a server","Disable","","windows10","Professional; Enterprise; Education; MultiSession; CloudN; 11SE; iotEnterprise; iotEnterpriseSEval","Home; CPC; surfaceHub; hololens; hololensEnterprise; holographicForBusiness","x","",""
"Windows Intune Baseline","Initialize and script ActiveX controls not marked as safe","","Enabled","https://docs.microsoft.com/windows/client-management/mdm/policy-csp-internetexplorer#internetexplorer-internetzoneinitializeandscriptactivexcontrols","windows10","Professional; Enterprise; Education; MultiSession; CloudN; 11SE; iotEnterprise; iotEnterpriseSEval","Home; CPC; surfaceHub; hololens; hololensEnterprise; holographicForBusiness","x","",""
"Windows Intune Baseline","","Initialize and script ActiveX controls not marked as safe","Disable","","windows10","Professional; Enterprise; Education; MultiSession; CloudN; 11SE; iotEnterprise; iotEnterpriseSEval","Home; CPC; surfaceHub; hololens; hololensEnterprise; holographicForBusiness","x","",""
"Windows Intune Baseline","Java permissions","","Enabled","https://docs.microsoft.com/windows/client-management/mdm/policy-csp-internetexplorer#internetexplorer-internetzonejavapermissions","windows10","Professional; Enterprise; Education; MultiSession; CloudN; 11SE; iotEnterprise; iotEnterpriseSEval","Home; CPC; surfaceHub; hololens; hololensEnterprise; holographicForBusiness","x","",""
"Windows Intune Baseline","","Java permissions","Disable Java","","windows10","Professional; Enterprise; Education; MultiSession; CloudN; 11SE; iotEnterprise; iotEnterpriseSEval","Home; CPC; surfaceHub; hololens; hololensEnterprise; holographicForBusiness","x","",""
"Windows Intune Baseline","Launching applications and files in an IFRAME","","Enabled","https://docs.microsoft.com/windows/client-management/mdm/policy-csp-internetexplorer#internetexplorer-internetzonelaunchingapplicationsandfilesiniframe","windows10","Professional; Enterprise; Education; MultiSession; CloudN; 11SE; iotEnterprise; iotEnterpriseSEval","Home; CPC; surfaceHub; hololens; hololensEnterprise; holographicForBusiness","x","",""
"Windows Intune Baseline","","Launching applications and files in an IFRAME","Disable","","windows10","Professional; Enterprise; Education; MultiSession; CloudN; 11SE; iotEnterprise; iotEnterpriseSEval","Home; CPC; surfaceHub; hololens; hololensEnterprise; holographicForBusiness","x","",""
"Windows Intune Baseline","Logon options","","Enabled","https://docs.microsoft.com/windows/client-management/mdm/policy-csp-internetexplorer#internetexplorer-internetzonelogonoptions","windows10","Professional; Enterprise; Education; MultiSession; CloudN; 11SE; iotEnterprise; iotEnterpriseSEval","Home; CPC; surfaceHub; hololens; hololensEnterprise; holographicForBusiness","x","",""
"Windows Intune Baseline","","Logon options","Prompt for user name and password","","windows10","Professional; Enterprise; Education; MultiSession; CloudN; 11SE; iotEnterprise; iotEnterpriseSEval","Home; CPC; surfaceHub; hololens; hololensEnterprise; holographicForBusiness","x","",""
"Windows Intune Baseline","Navigate windows and frames across different domains","","Enabled","https://docs.microsoft.com/windows/client-management/mdm/policy-csp-internetexplorer#internetexplorer-internetzonenavigatewindowsandframes","windows10","Professional; Enterprise; Education; MultiSession; CloudN; 11SE; iotEnterprise; iotEnterpriseSEval","Home; CPC; surfaceHub; hololens; hololensEnterprise; holographicForBusiness","x","",""
"Windows Intune Baseline","","Navigate windows and frames across different domains","Disable","","windows10","Professional; Enterprise; Education; MultiSession; CloudN; 11SE; iotEnterprise; iotEnterpriseSEval","Home; CPC; surfaceHub; hololens; hololensEnterprise; holographicForBusiness","x","",""
"Windows Intune Baseline","Run .NET Framework-reliant components not signed with Authenticode","","Enabled","https://docs.microsoft.com/windows/client-management/mdm/policy-csp-internetexplorer#internetexplorer-internetzoneallownetframeworkreliantcomponents","windows10","Professional; Enterprise; Education; MultiSession; CloudN; 11SE; iotEnterprise; iotEnterpriseSEval","Home; CPC; surfaceHub; hololens; hololensEnterprise; holographicForBusiness","x","",""
"Windows Intune Baseline","","Run .NET Framework-reliant components not signed with Authenticode","Disable","","windows10","Professional; Enterprise; Education; MultiSession; CloudN; 11SE; iotEnterprise; iotEnterpriseSEval","Home; CPC; surfaceHub; hololens; hololensEnterprise; holographicForBusiness","x","",""
"Windows Intune Baseline","Run .NET Framework-reliant components signed with Authenticode","","Enabled","https://docs.microsoft.com/windows/client-management/mdm/policy-csp-internetexplorer#internetexplorer-internetzonerunnetframeworkreliantcomponentssignedwithauthenticode","windows10","Professional; Enterprise; Education; MultiSession; CloudN; 11SE; iotEnterprise; iotEnterpriseSEval","Home; CPC; surfaceHub; hololens; hololensEnterprise; holographicForBusiness","x","",""
"Windows Intune Baseline","","Run .NET Framework-reliant components signed with Authenticode","Disable","","windows10","Professional; Enterprise; Education; MultiSession; CloudN; 11SE; iotEnterprise; iotEnterpriseSEval","Home; CPC; surfaceHub; hololens; hololensEnterprise; holographicForBusiness","x","",""
"Windows Intune Baseline","Show security warning for potentially unsafe files","","Enabled","https://docs.microsoft.com/windows/client-management/mdm/policy-csp-internetexplorer#internetexplorer-internetzoneshowsecuritywarningforpotentiallyunsafefiles","windows10","Professional; Enterprise; Education; MultiSession; CloudN; 11SE; iotEnterprise; iotEnterpriseSEval","Home; CPC; surfaceHub; hololens; hololensEnterprise; holographicForBusiness","x","",""
"Windows Intune Baseline","","Launching programs and unsafe files","Prompt","","windows10","Professional; Enterprise; Education; MultiSession; CloudN; 11SE; iotEnterprise; iotEnterpriseSEval","Home; CPC; surfaceHub; hololens; hololensEnterprise; holographicForBusiness","x","",""
"Windows Intune Baseline","Turn on Cross-Site Scripting Filter","","Enabled","https://docs.microsoft.com/windows/client-management/mdm/policy-csp-internetexplorer#internetexplorer-internetzoneenablecrosssitescriptingfilter","windows10","Professional; Enterprise; Education; MultiSession; CloudN; 11SE; iotEnterprise; iotEnterpriseSEval","Home; CPC; surfaceHub; hololens; hololensEnterprise; holographicForBusiness","x","",""
"Windows Intune Baseline","","Turn on Cross-Site Scripting (XSS) Filter","Enable","","windows10","Professional; Enterprise; Education; MultiSession; CloudN; 11SE; iotEnterprise; iotEnterpriseSEval","Home; CPC; surfaceHub; hololens; hololensEnterprise; holographicForBusiness","x","",""
"Windows Intune Baseline","Turn on Protected Mode","","Enabled","https://docs.microsoft.com/windows/client-management/mdm/policy-csp-internetexplorer#internetexplorer-internetzoneenableprotectedmode","windows10","Professional; Enterprise; Education; MultiSession; CloudN; 11SE; iotEnterprise; iotEnterpriseSEval","Home; CPC; surfaceHub; hololens; hololensEnterprise; holographicForBusiness","x","",""
"Windows Intune Baseline","","Protected Mode","Enable","","windows10","Professional; Enterprise; Education; MultiSession; CloudN; 11SE; iotEnterprise; iotEnterpriseSEval","Home; CPC; surfaceHub; hololens; hololensEnterprise; holographicForBusiness","x","",""
"Windows Intune Baseline","Turn on SmartScreen Filter scan","","Enabled","https://docs.microsoft.com/windows/client-management/mdm/policy-csp-internetexplorer#internetexplorer-internetzoneallowsmartscreenie","windows10","Professional; Enterprise; Education; MultiSession; CloudN; 11SE; iotEnterprise; iotEnterpriseSEval","Home; CPC; surfaceHub; hololens; hololensEnterprise; holographicForBusiness","x","",""
"Windows Intune Baseline","","Use SmartScreen Filter","Enable","","windows10","Professional; Enterprise; Education; MultiSession; CloudN; 11SE; iotEnterprise; iotEnterpriseSEval","Home; CPC; surfaceHub; hololens; hololensEnterprise; holographicForBusiness","x","",""
"Windows Intune Baseline","Use Pop-up Blocker","","Enabled","https://docs.microsoft.com/windows/client-management/mdm/policy-csp-internetexplorer#internetexplorer-internetzoneusepopupblocker","windows10","Professional; Enterprise; Education; MultiSession; CloudN; 11SE; iotEnterprise; iotEnterpriseSEval","Home; CPC; surfaceHub; hololens; hololensEnterprise; holographicForBusiness","x","",""
"Windows Intune Baseline","","Use Pop-up Blocker","Enable","","windows10","Professional; Enterprise; Education; MultiSession; CloudN; 11SE; iotEnterprise; iotEnterpriseSEval","Home; CPC; surfaceHub; hololens; hololensEnterprise; holographicForBusiness","x","",""
"Windows Intune Baseline","Userdata persistence","","Enabled","https://docs.microsoft.com/windows/client-management/mdm/policy-csp-internetexplorer#internetexplorer-internetzoneallowuserdatapersistence","windows10","Professional; Enterprise; Education; MultiSession; CloudN; 11SE; iotEnterprise; iotEnterpriseSEval","Home; CPC; surfaceHub; hololens; hololensEnterprise; holographicForBusiness","x","",""
"Windows Intune Baseline","","Userdata persistence","Disable","","windows10","Professional; Enterprise; Education; MultiSession; CloudN; 11SE; iotEnterprise; iotEnterpriseSEval","Home; CPC; surfaceHub; hololens; hololensEnterprise; holographicForBusiness","x","",""
"Windows Intune Baseline","Web sites in less privileged Web content zones can navigate into this zone","","Enabled","https://docs.microsoft.com/windows/client-management/mdm/policy-csp-internetexplorer#internetexplorer-internetzoneallowlessprivilegedsites","windows10","Professional; Enterprise; Education; MultiSession; CloudN; 11SE; iotEnterprise; iotEnterpriseSEval","Home; CPC; surfaceHub; hololens; hololensEnterprise; holographicForBusiness","x","",""
"Windows Intune Baseline","","Web sites in less privileged Web content zones can navigate into this zone","Disable","","windows10","Professional; Enterprise; Education; MultiSession; CloudN; 11SE; iotEnterprise; iotEnterpriseSEval","Home; CPC; surfaceHub; hololens; hololensEnterprise; holographicForBusiness","x","",""
"Windows Intune Baseline","Don't run antimalware programs against ActiveX controls","","Enabled","https://docs.microsoft.com/windows/client-management/mdm/policy-csp-internetexplorer#internetexplorer-intranetzonedonotrunantimalwareagainstactivexcontrols","windows10","Professional; Enterprise; Education; MultiSession; CloudN; 11SE; iotEnterprise; iotEnterpriseSEval","Home; CPC; surfaceHub; hololens; hololensEnterprise; holographicForBusiness","x","",""
"Windows Intune Baseline","","Don't run antimalware programs against ActiveX controls","Disable","","windows10","Professional; Enterprise; Education; MultiSession; CloudN; 11SE; iotEnterprise; iotEnterpriseSEval","Home; CPC; surfaceHub; hololens; hololensEnterprise; holographicForBusiness","x","",""
"Windows Intune Baseline","Initialize and script ActiveX controls not marked as safe","","Enabled","https://docs.microsoft.com/windows/client-management/mdm/policy-csp-internetexplorer#internetexplorer-intranetzoneinitializeandscriptactivexcontrols","windows10","Professional; Enterprise; Education; MultiSession; CloudN; 11SE; iotEnterprise; iotEnterpriseSEval","Home; CPC; surfaceHub; hololens; hololensEnterprise; holographicForBusiness","x","",""
"Windows Intune Baseline","","Initialize and script ActiveX controls not marked as safe","Disable","","windows10","Professional; Enterprise; Education; MultiSession; CloudN; 11SE; iotEnterprise; iotEnterpriseSEval","Home; CPC; surfaceHub; hololens; hololensEnterprise; holographicForBusiness","x","",""
"Windows Intune Baseline","Java permissions","","Enabled","https://docs.microsoft.com/windows/client-management/mdm/policy-csp-internetexplorer#internetexplorer-intranetzonejavapermissions","windows10","Professional; Enterprise; Education; MultiSession; CloudN; 11SE; iotEnterprise; iotEnterpriseSEval","Home; CPC; surfaceHub; hololens; hololensEnterprise; holographicForBusiness","x","",""
"Windows Intune Baseline","","Java permissions","High safety","","windows10","Professional; Enterprise; Education; MultiSession; CloudN; 11SE; iotEnterprise; iotEnterpriseSEval","Home; CPC; surfaceHub; hololens; hololensEnterprise; holographicForBusiness","x","",""
"Windows Intune Baseline","Don't run antimalware programs against ActiveX controls","","Enabled","https://docs.microsoft.com/windows/client-management/mdm/policy-csp-internetexplorer#internetexplorer-localmachinezonedonotrunantimalwareagainstactivexcontrols","windows10","Professional; Enterprise; Education; MultiSession; CloudN; 11SE; iotEnterprise; iotEnterpriseSEval","Home; CPC; surfaceHub; hololens; hololensEnterprise; holographicForBusiness","x","",""
"Windows Intune Baseline","","Don't run antimalware programs against ActiveX controls","Disable","","windows10","Professional; Enterprise; Education; MultiSession; CloudN; 11SE; iotEnterprise; iotEnterpriseSEval","Home; CPC; surfaceHub; hololens; hololensEnterprise; holographicForBusiness","x","",""
"Windows Intune Baseline","Java permissions","","Enabled","https://docs.microsoft.com/windows/client-management/mdm/policy-csp-internetexplorer#internetexplorer-localmachinezonejavapermissions","windows10","Professional; Enterprise; Education; MultiSession; CloudN; 11SE; iotEnterprise; iotEnterpriseSEval","Home; CPC; surfaceHub; hololens; hololensEnterprise; holographicForBusiness","x","",""
"Windows Intune Baseline","","Java permissions","Disable Java","","windows10","Professional; Enterprise; Education; MultiSession; CloudN; 11SE; iotEnterprise; iotEnterpriseSEval","Home; CPC; surfaceHub; hololens; hololensEnterprise; holographicForBusiness","x","",""
"Windows Intune Baseline","Turn on SmartScreen Filter scan","","Enabled","https://docs.microsoft.com/windows/client-management/mdm/policy-csp-internetexplorer#internetexplorer-lockeddowninternetzoneallowsmartscreenie","windows10","Professional; Enterprise; Education; MultiSession; CloudN; 11SE; iotEnterprise; iotEnterpriseSEval","Home; CPC; surfaceHub; hololens; hololensEnterprise; holographicForBusiness","x","",""
"Windows Intune Baseline","","Use SmartScreen Filter","Enable","","windows10","Professional; Enterprise; Education; MultiSession; CloudN; 11SE; iotEnterprise; iotEnterpriseSEval","Home; CPC; surfaceHub; hololens; hololensEnterprise; holographicForBusiness","x","",""
"Windows Intune Baseline","Java permissions","","Enabled","https://docs.microsoft.com/windows/client-management/mdm/policy-csp-internetexplorer#internetexplorer-lockeddownintranetjavapermissions","windows10","Professional; Enterprise; Education; MultiSession; CloudN; 11SE; iotEnterprise; iotEnterpriseSEval","Home; CPC; surfaceHub; hololens; hololensEnterprise; holographicForBusiness","x","",""
"Windows Intune Baseline","","Java permissions","Disable Java","","windows10","Professional; Enterprise; Education; MultiSession; CloudN; 11SE; iotEnterprise; iotEnterpriseSEval","Home; CPC; surfaceHub; hololens; hololensEnterprise; holographicForBusiness","x","",""
"Windows Intune Baseline","Java permissions","","Enabled","https://docs.microsoft.com/windows/client-management/mdm/policy-csp-internetexplorer#internetexplorer-lockeddownlocalmachinezonejavapermissions","windows10","Professional; Enterprise; Education; MultiSession; CloudN; 11SE; iotEnterprise; iotEnterpriseSEval","Home; CPC; surfaceHub; hololens; hololensEnterprise; holographicForBusiness","x","",""
"Windows Intune Baseline","","Java permissions","Disable Java","","windows10","Professional; Enterprise; Education; MultiSession; CloudN; 11SE; iotEnterprise; iotEnterpriseSEval","Home; CPC; surfaceHub; hololens; hololensEnterprise; holographicForBusiness","x","",""
"Windows Intune Baseline","Java permissions","","Enabled","https://docs.microsoft.com/windows/client-management/mdm/policy-csp-internetexplorer#internetexplorer-lockeddownrestrictedsiteszonejavapermissions","windows10","Professional; Enterprise; Education; MultiSession; CloudN; 11SE; iotEnterprise; iotEnterpriseSEval","Home; CPC; surfaceHub; hololens; hololensEnterprise; holographicForBusiness","x","",""
"Windows Intune Baseline","","Java permissions","Disable Java","","windows10","Professional; Enterprise; Education; MultiSession; CloudN; 11SE; iotEnterprise; iotEnterpriseSEval","Home; CPC; surfaceHub; hololens; hololensEnterprise; holographicForBusiness","x","",""
"Windows Intune Baseline","Turn on SmartScreen Filter scan","","Enabled","https://docs.microsoft.com/windows/client-management/mdm/policy-csp-internetexplorer#internetexplorer-lockeddownrestrictedsiteszoneallowsmartscreenie","windows10","Professional; Enterprise; Education; MultiSession; CloudN; 11SE; iotEnterprise; iotEnterpriseSEval","Home; CPC; surfaceHub; hololens; hololensEnterprise; holographicForBusiness","x","",""
"Windows Intune Baseline","","Use SmartScreen Filter","Enable","","windows10","Professional; Enterprise; Education; MultiSession; CloudN; 11SE; iotEnterprise; iotEnterpriseSEval","Home; CPC; surfaceHub; hololens; hololensEnterprise; holographicForBusiness","x","",""
"Windows Intune Baseline","Java permissions","","Enabled","https://docs.microsoft.com/windows/client-management/mdm/policy-csp-internetexplorer#internetexplorer-lockeddowntrustedsiteszonejavapermissions","windows10","Professional; Enterprise; Education; MultiSession; CloudN; 11SE; iotEnterprise; iotEnterpriseSEval","Home; CPC; surfaceHub; hololens; hololensEnterprise; holographicForBusiness","x","",""
"Windows Intune Baseline","","Java permissions","Disable Java","","windows10","Professional; Enterprise; Education; MultiSession; CloudN; 11SE; iotEnterprise; iotEnterpriseSEval","Home; CPC; surfaceHub; hololens; hololensEnterprise; holographicForBusiness","x","",""
"Windows Intune Baseline","Access data sources across domains","","Enabled","https://docs.microsoft.com/windows/client-management/mdm/policy-csp-internetexplorer#internetexplorer-restrictedsiteszoneallowaccesstodatasources","windows10","Professional; Enterprise; Education; MultiSession; CloudN; 11SE; iotEnterprise; iotEnterpriseSEval","Home; CPC; surfaceHub; hololens; hololensEnterprise; holographicForBusiness","x","",""
"Windows Intune Baseline","","Access data sources across domains","Disable","","windows10","Professional; Enterprise; Education; MultiSession; CloudN; 11SE; iotEnterprise; iotEnterpriseSEval","Home; CPC; surfaceHub; hololens; hololensEnterprise; holographicForBusiness","x","",""
"Windows Intune Baseline","Allow active scripting","","Enabled","https://docs.microsoft.com/windows/client-management/mdm/policy-csp-internetexplorer#internetexplorer-restrictedsiteszoneallowactivescripting","windows10","Professional; Enterprise; Education; MultiSession; CloudN; 11SE; iotEnterprise; iotEnterpriseSEval","Home; CPC; surfaceHub; hololens; hololensEnterprise; holographicForBusiness","x","",""
"Windows Intune Baseline","","Allow active scripting","Disable","","windows10","Professional; Enterprise; Education; MultiSession; CloudN; 11SE; iotEnterprise; iotEnterpriseSEval","Home; CPC; surfaceHub; hololens; hololensEnterprise; holographicForBusiness","x","",""
"Windows Intune Baseline","Allow binary and script behaviors","","Enabled","https://docs.microsoft.com/windows/client-management/mdm/policy-csp-internetexplorer#internetexplorer-restrictedsiteszoneallowbinaryandscriptbehaviors","windows10","Professional; Enterprise; Education; MultiSession; CloudN; 11SE; iotEnterprise; iotEnterpriseSEval","Home; CPC; surfaceHub; hololens; hololensEnterprise; holographicForBusiness","x","",""
"Windows Intune Baseline","","Allow Binary and Script Behaviors","Disable","","windows10","Professional; Enterprise; Education; MultiSession; CloudN; 11SE; iotEnterprise; iotEnterpriseSEval","Home; CPC; surfaceHub; hololens; hololensEnterprise; holographicForBusiness","x","",""
"Windows Intune Baseline","Allow cut, copy or paste operations from the clipboard via script","","Enabled","https://docs.microsoft.com/windows/client-management/mdm/policy-csp-internetexplorer#internetexplorer-restrictedsiteszoneallowcopypasteviascript","windows10","Professional; Enterprise; Education; MultiSession; CloudN; 11SE; iotEnterprise; iotEnterpriseSEval","Home; CPC; surfaceHub; hololens; hololensEnterprise; holographicForBusiness","x","",""
"Windows Intune Baseline","","Allow paste operations via script","Disable","","windows10","Professional; Enterprise; Education; MultiSession; CloudN; 11SE; iotEnterprise; iotEnterpriseSEval","Home; CPC; surfaceHub; hololens; hololensEnterprise; holographicForBusiness","x","",""
"Windows Intune Baseline","Allow drag and drop or copy and paste files","","Enabled","https://docs.microsoft.com/windows/client-management/mdm/policy-csp-internetexplorer#internetexplorer-restrictedsiteszoneallowdraganddropcopyandpastefiles","windows10","Professional; Enterprise; Education; MultiSession; CloudN; 11SE; iotEnterprise; iotEnterpriseSEval","Home; CPC; surfaceHub; hololens; hololensEnterprise; holographicForBusiness","x","",""
"Windows Intune Baseline","","Allow drag and drop or copy and paste files","Disable","","windows10","Professional; Enterprise; Education; MultiSession; CloudN; 11SE; iotEnterprise; iotEnterpriseSEval","Home; CPC; surfaceHub; hololens; hololensEnterprise; holographicForBusiness","x","",""
"Windows Intune Baseline","Allow file downloads","","Enabled","https://docs.microsoft.com/windows/client-management/mdm/policy-csp-internetexplorer#internetexplorer-restrictedsiteszoneallowfiledownloads","windows10","Professional; Enterprise; Education; MultiSession; CloudN; 11SE; iotEnterprise; iotEnterpriseSEval","Home; CPC; surfaceHub; hololens; hololensEnterprise; holographicForBusiness","x","",""
"Windows Intune Baseline","","Allow file downloads","Disable","","windows10","Professional; Enterprise; Education; MultiSession; CloudN; 11SE; iotEnterprise; iotEnterpriseSEval","Home; CPC; surfaceHub; hololens; hololensEnterprise; holographicForBusiness","x","",""
"Windows Intune Baseline","Allow loading of XAML files","","Enabled","https://docs.microsoft.com/windows/client-management/mdm/policy-csp-internetexplorer#internetexplorer-restrictedsiteszoneallowloadingofxamlfiles","windows10","Professional; Enterprise; Education; MultiSession; CloudN; 11SE; iotEnterprise; iotEnterpriseSEval","Home; CPC; surfaceHub; hololens; hololensEnterprise; holographicForBusiness","x","",""
"Windows Intune Baseline","","XAML Files","Disable","","windows10","Professional; Enterprise; Education; MultiSession; CloudN; 11SE; iotEnterprise; iotEnterpriseSEval","Home; CPC; surfaceHub; hololens; hololensEnterprise; holographicForBusiness","x","",""
"Windows Intune Baseline","Allow META REFRESH","","Enabled","https://docs.microsoft.com/windows/client-management/mdm/policy-csp-internetexplorer#internetexplorer-restrictedsiteszoneallowmetarefresh","windows10","Professional; Enterprise; Education; MultiSession; CloudN; 11SE; iotEnterprise; iotEnterpriseSEval","Home; CPC; surfaceHub; hololens; hololensEnterprise; holographicForBusiness","x","",""
"Windows Intune Baseline","","Allow META REFRESH","Disable","","windows10","Professional; Enterprise; Education; MultiSession; CloudN; 11SE; iotEnterprise; iotEnterpriseSEval","Home; CPC; surfaceHub; hololens; hololensEnterprise; holographicForBusiness","x","",""
"Windows Intune Baseline","Allow only approved domains to use ActiveX controls without prompt","","Enabled","https://docs.microsoft.com/windows/client-management/mdm/policy-csp-internetexplorer#internetexplorer-restrictedsiteszoneallowonlyapproveddomainstouseactivexcontrols","windows10","Professional; Enterprise; Education; MultiSession; CloudN; 11SE; iotEnterprise; iotEnterpriseSEval","Home; CPC; surfaceHub; hololens; hololensEnterprise; holographicForBusiness","x","",""
"Windows Intune Baseline","","Only allow approved domains to use ActiveX controls without prompt","Enable","","windows10","Professional; Enterprise; Education; MultiSession; CloudN; 11SE; iotEnterprise; iotEnterpriseSEval","Home; CPC; surfaceHub; hololens; hololensEnterprise; holographicForBusiness","x","",""
"Windows Intune Baseline","Allow only approved domains to use the TDC ActiveX control","","Enabled","https://docs.microsoft.com/windows/client-management/mdm/policy-csp-internetexplorer#internetexplorer-restrictedsiteszoneallowonlyapproveddomainstousetdcactivexcontrol","windows10","Professional; Enterprise; Education; MultiSession; CloudN; 11SE; iotEnterprise; iotEnterpriseSEval","Home; CPC; surfaceHub; hololens; hololensEnterprise; holographicForBusiness","x","",""
"Windows Intune Baseline","","Only allow approved domains to use the TDC ActiveX control","Enable","","windows10","Professional; Enterprise; Education; MultiSession; CloudN; 11SE; iotEnterprise; iotEnterpriseSEval","Home; CPC; surfaceHub; hololens; hololensEnterprise; holographicForBusiness","x","",""
"Windows Intune Baseline","Allow script-initiated windows without size or position constraints","","Enabled","https://docs.microsoft.com/windows/client-management/mdm/policy-csp-internetexplorer#internetexplorer-restrictedsiteszoneallowscriptinitiatedwindows","windows10","Professional; Enterprise; Education; MultiSession; CloudN; 11SE; iotEnterprise; iotEnterpriseSEval","Home; CPC; surfaceHub; hololens; hololensEnterprise; holographicForBusiness","x","",""
"Windows Intune Baseline","","Allow script-initiated windows without size or position constraints","Disable","","windows10","Professional; Enterprise; Education; MultiSession; CloudN; 11SE; iotEnterprise; iotEnterpriseSEval","Home; CPC; surfaceHub; hololens; hololensEnterprise; holographicForBusiness","x","",""
"Windows Intune Baseline","Allow scripting of Internet Explorer WebBrowser controls","","Enabled","https://docs.microsoft.com/windows/client-management/mdm/policy-csp-internetexplorer#internetexplorer-restrictedsiteszoneallowscriptingofinternetexplorerwebbrowsercontrols","windows10","Professional; Enterprise; Education; MultiSession; CloudN; 11SE; iotEnterprise; iotEnterpriseSEval","Home; CPC; surfaceHub; hololens; hololensEnterprise; holographicForBusiness","x","",""
"Windows Intune Baseline","","Internet Explorer web browser control","Disable","","windows10","Professional; Enterprise; Education; MultiSession; CloudN; 11SE; iotEnterprise; iotEnterpriseSEval","Home; CPC; surfaceHub; hololens; hololensEnterprise; holographicForBusiness","x","",""
"Windows Intune Baseline","Allow scriptlets","","Enabled","https://docs.microsoft.com/windows/client-management/mdm/policy-csp-internetexplorer#internetexplorer-restrictedsiteszoneallowscriptlets","windows10","Professional; Enterprise; Education; MultiSession; CloudN; 11SE; iotEnterprise; iotEnterpriseSEval","Home; CPC; surfaceHub; hololens; hololensEnterprise; holographicForBusiness","x","",""
"Windows Intune Baseline","","Scriptlets","Disable","","windows10","Professional; Enterprise; Education; MultiSession; CloudN; 11SE; iotEnterprise; iotEnterpriseSEval","Home; CPC; surfaceHub; hololens; hololensEnterprise; holographicForBusiness","x","",""
"Windows Intune Baseline","Allow updates to status bar via script","","Enabled","https://docs.microsoft.com/windows/client-management/mdm/policy-csp-internetexplorer#internetexplorer-restrictedsiteszoneallowupdatestostatusbarviascript","windows10","Professional; Enterprise; Education; MultiSession; CloudN; 11SE; iotEnterprise; iotEnterpriseSEval","Home; CPC; surfaceHub; hololens; hololensEnterprise; holographicForBusiness","x","",""
"Windows Intune Baseline","","Status bar updates via script","Disable","","windows10","Professional; Enterprise; Education; MultiSession; CloudN; 11SE; iotEnterprise; iotEnterpriseSEval","Home; CPC; surfaceHub; hololens; hololensEnterprise; holographicForBusiness","x","",""
"Windows Intune Baseline","Allow VBScript to run in Internet Explorer","","Enabled","https://docs.microsoft.com/windows/client-management/mdm/policy-csp-internetexplorer#internetexplorer-restrictedsiteszoneallowvbscripttorunininternetexplorer","windows10","Professional; Enterprise; Education; MultiSession; CloudN; 11SE; iotEnterprise; iotEnterpriseSEval","Home; CPC; surfaceHub; hololens; hololensEnterprise; holographicForBusiness","x","",""
"Windows Intune Baseline","","Allow VBScript to run in Internet Explorer","Disable","","windows10","Professional; Enterprise; Education; MultiSession; CloudN; 11SE; iotEnterprise; iotEnterpriseSEval","Home; CPC; surfaceHub; hololens; hololensEnterprise; holographicForBusiness","x","",""
"Windows Intune Baseline","Automatic prompting for file downloads","","Enabled","https://docs.microsoft.com/windows/client-management/mdm/policy-csp-internetexplorer#internetexplorer-restrictedsiteszoneallowautomaticpromptingforfiledownloads","windows10","Professional; Enterprise; Education; MultiSession; CloudN; 11SE; iotEnterprise; iotEnterpriseSEval","Home; CPC; surfaceHub; hololens; hololensEnterprise; holographicForBusiness","x","",""
"Windows Intune Baseline","","Automatic prompting for file downloads","Disable","","windows10","Professional; Enterprise; Education; MultiSession; CloudN; 11SE; iotEnterprise; iotEnterpriseSEval","Home; CPC; surfaceHub; hololens; hololensEnterprise; holographicForBusiness","x","",""
"Windows Intune Baseline","Don't run antimalware programs against ActiveX controls","","Enabled","https://docs.microsoft.com/windows/client-management/mdm/policy-csp-internetexplorer#internetexplorer-restrictedsiteszonedonotrunantimalwareagainstactivexcontrols","windows10","Professional; Enterprise; Education; MultiSession; CloudN; 11SE; iotEnterprise; iotEnterpriseSEval","Home; CPC; surfaceHub; hololens; hololensEnterprise; holographicForBusiness","x","",""
"Windows Intune Baseline","","Don't run antimalware programs against ActiveX controls","Disable","","windows10","Professional; Enterprise; Education; MultiSession; CloudN; 11SE; iotEnterprise; iotEnterpriseSEval","Home; CPC; surfaceHub; hololens; hololensEnterprise; holographicForBusiness","x","",""
"Windows Intune Baseline","Download signed ActiveX controls","","Enabled","https://docs.microsoft.com/windows/client-management/mdm/policy-csp-internetexplorer#internetexplorer-restrictedsiteszonedownloadsignedactivexcontrols","windows10","Professional; Enterprise; Education; MultiSession; CloudN; 11SE; iotEnterprise; iotEnterpriseSEval","Home; CPC; surfaceHub; hololens; hololensEnterprise; holographicForBusiness","x","",""
"Windows Intune Baseline","","Download signed ActiveX controls","Disable","","windows10","Professional; Enterprise; Education; MultiSession; CloudN; 11SE; iotEnterprise; iotEnterpriseSEval","Home; CPC; surfaceHub; hololens; hololensEnterprise; holographicForBusiness","x","",""
"Windows Intune Baseline","Download unsigned ActiveX controls","","Enabled","https://docs.microsoft.com/windows/client-management/mdm/policy-csp-internetexplorer#internetexplorer-restrictedsiteszonedownloadunsignedactivexcontrols","windows10","Professional; Enterprise; Education; MultiSession; CloudN; 11SE; iotEnterprise; iotEnterpriseSEval","Home; CPC; surfaceHub; hololens; hololensEnterprise; holographicForBusiness","x","",""
"Windows Intune Baseline","","Download unsigned ActiveX controls","Disable","","windows10","Professional; Enterprise; Education; MultiSession; CloudN; 11SE; iotEnterprise; iotEnterpriseSEval","Home; CPC; surfaceHub; hololens; hololensEnterprise; holographicForBusiness","x","",""
"Windows Intune Baseline","Enable dragging of content from different domains across windows","","Enabled","https://docs.microsoft.com/windows/client-management/mdm/policy-csp-internetexplorer#internetexplorer-restrictedsiteszoneenabledraggingofcontentfromdifferentdomainsacrosswindows","windows10","Professional; Enterprise; Education; MultiSession; CloudN; 11SE; iotEnterprise; iotEnterpriseSEval","Home; CPC; surfaceHub; hololens; hololensEnterprise; holographicForBusiness","x","",""
"Windows Intune Baseline","","Enable dragging of content from different domains across windows","Disable","","windows10","Professional; Enterprise; Education; MultiSession; CloudN; 11SE; iotEnterprise; iotEnterpriseSEval","Home; CPC; surfaceHub; hololens; hololensEnterprise; holographicForBusiness","x","",""
"Windows Intune Baseline","Enable dragging of content from different domains within a window","","Enabled","https://docs.microsoft.com/windows/client-management/mdm/policy-csp-internetexplorer#internetexplorer-restrictedsiteszoneenabledraggingofcontentfromdifferentdomainswithinwindows","windows10","Professional; Enterprise; Education; MultiSession; CloudN; 11SE; iotEnterprise; iotEnterpriseSEval","Home; CPC; surfaceHub; hololens; hololensEnterprise; holographicForBusiness","x","",""
"Windows Intune Baseline","","Enable dragging of content from different domains within a window","Disable","","windows10","Professional; Enterprise; Education; MultiSession; CloudN; 11SE; iotEnterprise; iotEnterpriseSEval","Home; CPC; surfaceHub; hololens; hololensEnterprise; holographicForBusiness","x","",""
"Windows Intune Baseline","Include local path when user is uploading files to a server","","Enabled","https://docs.microsoft.com/windows/client-management/mdm/policy-csp-internetexplorer#internetexplorer-restrictedsiteszoneincludelocalpathwhenuploadingfilestoserver","windows10","Professional; Enterprise; Education; MultiSession; CloudN; 11SE; iotEnterprise; iotEnterpriseSEval","Home; CPC; surfaceHub; hololens; hololensEnterprise; holographicForBusiness","x","",""
"Windows Intune Baseline","","Include local directory path when uploading files to a server","Disable","","windows10","Professional; Enterprise; Education; MultiSession; CloudN; 11SE; iotEnterprise; iotEnterpriseSEval","Home; CPC; surfaceHub; hololens; hololensEnterprise; holographicForBusiness","x","",""
"Windows Intune Baseline","Initialize and script ActiveX controls not marked as safe","","Enabled","https://docs.microsoft.com/windows/client-management/mdm/policy-csp-internetexplorer#internetexplorer-restrictedsiteszoneinitializeandscriptactivexcontrols","windows10","Professional; Enterprise; Education; MultiSession; CloudN; 11SE; iotEnterprise; iotEnterpriseSEval","Home; CPC; surfaceHub; hololens; hololensEnterprise; holographicForBusiness","x","",""
"Windows Intune Baseline","","Initialize and script ActiveX controls not marked as safe","Disable","","windows10","Professional; Enterprise; Education; MultiSession; CloudN; 11SE; iotEnterprise; iotEnterpriseSEval","Home; CPC; surfaceHub; hololens; hololensEnterprise; holographicForBusiness","x","",""
"Windows Intune Baseline","Java permissions","","Enabled","https://docs.microsoft.com/windows/client-management/mdm/policy-csp-internetexplorer#internetexplorer-restrictedsiteszonejavapermissions","windows10","Professional; Enterprise; Education; MultiSession; CloudN; 11SE; iotEnterprise; iotEnterpriseSEval","Home; CPC; surfaceHub; hololens; hololensEnterprise; holographicForBusiness","x","",""
"Windows Intune Baseline","","Java permissions","Disable Java","","windows10","Professional; Enterprise; Education; MultiSession; CloudN; 11SE; iotEnterprise; iotEnterpriseSEval","Home; CPC; surfaceHub; hololens; hololensEnterprise; holographicForBusiness","x","",""
"Windows Intune Baseline","Launching applications and files in an IFRAME","","Enabled","https://docs.microsoft.com/windows/client-management/mdm/policy-csp-internetexplorer#internetexplorer-restrictedsiteszonelaunchingapplicationsandfilesiniframe","windows10","Professional; Enterprise; Education; MultiSession; CloudN; 11SE; iotEnterprise; iotEnterpriseSEval","Home; CPC; surfaceHub; hololens; hololensEnterprise; holographicForBusiness","x","",""
"Windows Intune Baseline","","Launching applications and files in an IFRAME","Disable","","windows10","Professional; Enterprise; Education; MultiSession; CloudN; 11SE; iotEnterprise; iotEnterpriseSEval","Home; CPC; surfaceHub; hololens; hololensEnterprise; holographicForBusiness","x","",""
"Windows Intune Baseline","Logon options","","Enabled","https://docs.microsoft.com/windows/client-management/mdm/policy-csp-internetexplorer#internetexplorer-restrictedsiteszonelogonoptions","windows10","Professional; Enterprise; Education; MultiSession; CloudN; 11SE; iotEnterprise; iotEnterpriseSEval","Home; CPC; surfaceHub; hololens; hololensEnterprise; holographicForBusiness","x","",""
"Windows Intune Baseline","","Logon options","Anonymous logon","","windows10","Professional; Enterprise; Education; MultiSession; CloudN; 11SE; iotEnterprise; iotEnterpriseSEval","Home; CPC; surfaceHub; hololens; hololensEnterprise; holographicForBusiness","x","",""
"Windows Intune Baseline","Navigate windows and frames across different domains","","Enabled","https://docs.microsoft.com/windows/client-management/mdm/policy-csp-internetexplorer#internetexplorer-restrictedsiteszonenavigatewindowsandframes","windows10","Professional; Enterprise; Education; MultiSession; CloudN; 11SE; iotEnterprise; iotEnterpriseSEval","Home; CPC; surfaceHub; hololens; hololensEnterprise; holographicForBusiness","x","",""
"Windows Intune Baseline","","Navigate windows and frames across different domains","Disable","","windows10","Professional; Enterprise; Education; MultiSession; CloudN; 11SE; iotEnterprise; iotEnterpriseSEval","Home; CPC; surfaceHub; hololens; hololensEnterprise; holographicForBusiness","x","",""
"Windows Intune Baseline","Run .NET Framework-reliant components not signed with Authenticode","","Enabled","https://docs.microsoft.com/windows/client-management/mdm/policy-csp-internetexplorer#internetexplorer-restrictedsiteszoneallownetframeworkreliantcomponents","windows10","Professional; Enterprise; Education; MultiSession; CloudN; 11SE; iotEnterprise; iotEnterpriseSEval","Home; CPC; surfaceHub; hololens; hololensEnterprise; holographicForBusiness","x","",""
"Windows Intune Baseline","","Run .NET Framework-reliant components not signed with Authenticode","Disable","","windows10","Professional; Enterprise; Education; MultiSession; CloudN; 11SE; iotEnterprise; iotEnterpriseSEval","Home; CPC; surfaceHub; hololens; hololensEnterprise; holographicForBusiness","x","",""
"Windows Intune Baseline","Run .NET Framework-reliant components signed with Authenticode","","Enabled","https://docs.microsoft.com/windows/client-management/mdm/policy-csp-internetexplorer#internetexplorer-restrictedsiteszonerunnetframeworkreliantcomponentssignedwithauthenticode","windows10","Professional; Enterprise; Education; MultiSession; CloudN; 11SE; iotEnterprise; iotEnterpriseSEval","Home; CPC; surfaceHub; hololens; hololensEnterprise; holographicForBusiness","x","",""
"Windows Intune Baseline","","Run .NET Framework-reliant components signed with Authenticode","Disable","","windows10","Professional; Enterprise; Education; MultiSession; CloudN; 11SE; iotEnterprise; iotEnterpriseSEval","Home; CPC; surfaceHub; hololens; hololensEnterprise; holographicForBusiness","x","",""
"Windows Intune Baseline","Run ActiveX controls and plugins","","Enabled","https://docs.microsoft.com/windows/client-management/mdm/policy-csp-internetexplorer#internetexplorer-restrictedsiteszonerunactivexcontrolsandplugins","windows10","Professional; Enterprise; Education; MultiSession; CloudN; 11SE; iotEnterprise; iotEnterpriseSEval","Home; CPC; surfaceHub; hololens; hololensEnterprise; holographicForBusiness","x","",""
"Windows Intune Baseline","","Run ActiveX controls and plugins","Disable","","windows10","Professional; Enterprise; Education; MultiSession; CloudN; 11SE; iotEnterprise; iotEnterpriseSEval","Home; CPC; surfaceHub; hololens; hololensEnterprise; holographicForBusiness","x","",""
"Windows Intune Baseline","Script ActiveX controls marked safe for scripting","","Enabled","https://docs.microsoft.com/windows/client-management/mdm/policy-csp-internetexplorer#internetexplorer-restrictedsiteszonescriptactivexcontrolsmarkedsafeforscripting","windows10","Professional; Enterprise; Education; MultiSession; CloudN; 11SE; iotEnterprise; iotEnterpriseSEval","Home; CPC; surfaceHub; hololens; hololensEnterprise; holographicForBusiness","x","",""
"Windows Intune Baseline","","Script ActiveX controls marked safe for scripting","Disable","","windows10","Professional; Enterprise; Education; MultiSession; CloudN; 11SE; iotEnterprise; iotEnterpriseSEval","Home; CPC; surfaceHub; hololens; hololensEnterprise; holographicForBusiness","x","",""
"Windows Intune Baseline","Scripting of Java applets","","Enabled","https://docs.microsoft.com/windows/client-management/mdm/policy-csp-internetexplorer#internetexplorer-restrictedsiteszonescriptingofjavaapplets","windows10","Professional; Enterprise; Education; MultiSession; CloudN; 11SE; iotEnterprise; iotEnterpriseSEval","Home; CPC; surfaceHub; hololens; hololensEnterprise; holographicForBusiness","x","",""
"Windows Intune Baseline","","Scripting of Java applets","Disable","","windows10","Professional; Enterprise; Education; MultiSession; CloudN; 11SE; iotEnterprise; iotEnterpriseSEval","Home; CPC; surfaceHub; hololens; hololensEnterprise; holographicForBusiness","x","",""
"Windows Intune Baseline","Show security warning for potentially unsafe files","","Enabled","https://docs.microsoft.com/windows/client-management/mdm/policy-csp-internetexplorer#internetexplorer-restrictedsiteszoneshowsecuritywarningforpotentiallyunsafefiles","windows10","Professional; Enterprise; Education; MultiSession; CloudN; 11SE; iotEnterprise; iotEnterpriseSEval","Home; CPC; surfaceHub; hololens; hololensEnterprise; holographicForBusiness","x","",""
"Windows Intune Baseline","","Launching programs and unsafe files","Disable","","windows10","Professional; Enterprise; Education; MultiSession; CloudN; 11SE; iotEnterprise; iotEnterpriseSEval","Home; CPC; surfaceHub; hololens; hololensEnterprise; holographicForBusiness","x","",""
"Windows Intune Baseline","Turn on Cross-Site Scripting Filter","","Enabled","https://docs.microsoft.com/windows/client-management/mdm/policy-csp-internetexplorer#internetexplorer-restrictedsiteszoneenablecrosssitescriptingfilter","windows10","Professional; Enterprise; Education; MultiSession; CloudN; 11SE; iotEnterprise; iotEnterpriseSEval","Home; CPC; surfaceHub; hololens; hololensEnterprise; holographicForBusiness","x","",""
"Windows Intune Baseline","","Turn on Cross-Site Scripting (XSS) Filter","Enable","","windows10","Professional; Enterprise; Education; MultiSession; CloudN; 11SE; iotEnterprise; iotEnterpriseSEval","Home; CPC; surfaceHub; hololens; hololensEnterprise; holographicForBusiness","x","",""
"Windows Intune Baseline","Turn on Protected Mode","","Enabled","https://docs.microsoft.com/windows/client-management/mdm/policy-csp-internetexplorer#internetexplorer-restrictedsiteszoneturnonprotectedmode","windows10","Professional; Enterprise; Education; MultiSession; CloudN; 11SE; iotEnterprise; iotEnterpriseSEval","Home; CPC; surfaceHub; hololens; hololensEnterprise; holographicForBusiness","x","",""
"Windows Intune Baseline","","Protected Mode","Enable","","windows10","Professional; Enterprise; Education; MultiSession; CloudN; 11SE; iotEnterprise; iotEnterpriseSEval","Home; CPC; surfaceHub; hololens; hololensEnterprise; holographicForBusiness","x","",""
"Windows Intune Baseline","Turn on SmartScreen Filter scan","","Enabled","https://docs.microsoft.com/windows/client-management/mdm/policy-csp-internetexplorer#internetexplorer-restrictedsiteszoneallowsmartscreenie","windows10","Professional; Enterprise; Education; MultiSession; CloudN; 11SE; iotEnterprise; iotEnterpriseSEval","Home; CPC; surfaceHub; hololens; hololensEnterprise; holographicForBusiness","x","",""
"Windows Intune Baseline","","Use SmartScreen Filter","Enable","","windows10","Professional; Enterprise; Education; MultiSession; CloudN; 11SE; iotEnterprise; iotEnterpriseSEval","Home; CPC; surfaceHub; hololens; hololensEnterprise; holographicForBusiness","x","",""
"Windows Intune Baseline","Use Pop-up Blocker","","Enabled","https://docs.microsoft.com/windows/client-management/mdm/policy-csp-internetexplorer#internetexplorer-restrictedsiteszoneusepopupblocker","windows10","Professional; Enterprise; Education; MultiSession; CloudN; 11SE; iotEnterprise; iotEnterpriseSEval","Home; CPC; surfaceHub; hololens; hololensEnterprise; holographicForBusiness","x","",""
"Windows Intune Baseline","","Use Pop-up Blocker","Enable","","windows10","Professional; Enterprise; Education; MultiSession; CloudN; 11SE; iotEnterprise; iotEnterpriseSEval","Home; CPC; surfaceHub; hololens; hololensEnterprise; holographicForBusiness","x","",""
"Windows Intune Baseline","Userdata persistence","","Enabled","https://docs.microsoft.com/windows/client-management/mdm/policy-csp-internetexplorer#internetexplorer-restrictedsiteszoneallowuserdatapersistence","windows10","Professional; Enterprise; Education; MultiSession; CloudN; 11SE; iotEnterprise; iotEnterpriseSEval","Home; CPC; surfaceHub; hololens; hololensEnterprise; holographicForBusiness","x","",""
"Windows Intune Baseline","","Userdata persistence","Disable","","windows10","Professional; Enterprise; Education; MultiSession; CloudN; 11SE; iotEnterprise; iotEnterpriseSEval","Home; CPC; surfaceHub; hololens; hololensEnterprise; holographicForBusiness","x","",""
"Windows Intune Baseline","Web sites in less privileged Web content zones can navigate into this zone","","Enabled","https://docs.microsoft.com/windows/client-management/mdm/policy-csp-internetexplorer#internetexplorer-restrictedsiteszoneallowlessprivilegedsites","windows10","Professional; Enterprise; Education; MultiSession; CloudN; 11SE; iotEnterprise; iotEnterpriseSEval","Home; CPC; surfaceHub; hololens; hololensEnterprise; holographicForBusiness","x","",""
"Windows Intune Baseline","","Web sites in less privileged Web content zones can navigate into this zone","Disable","","windows10","Professional; Enterprise; Education; MultiSession; CloudN; 11SE; iotEnterprise; iotEnterpriseSEval","Home; CPC; surfaceHub; hololens; hololensEnterprise; holographicForBusiness","x","",""
"Windows Intune Baseline","Don't run antimalware programs against ActiveX controls","","Enabled","https://docs.microsoft.com/windows/client-management/mdm/policy-csp-internetexplorer#internetexplorer-trustedsiteszonedonotrunantimalwareagainstactivexcontrols","windows10","Professional; Enterprise; Education; MultiSession; CloudN; 11SE; iotEnterprise; iotEnterpriseSEval","Home; CPC; surfaceHub; hololens; hololensEnterprise; holographicForBusiness","x","",""
"Windows Intune Baseline","","Don't run antimalware programs against ActiveX controls","Disable","","windows10","Professional; Enterprise; Education; MultiSession; CloudN; 11SE; iotEnterprise; iotEnterpriseSEval","Home; CPC; surfaceHub; hololens; hololensEnterprise; holographicForBusiness","x","",""
"Windows Intune Baseline","Initialize and script ActiveX controls not marked as safe","","Enabled","https://docs.microsoft.com/windows/client-management/mdm/policy-csp-internetexplorer#internetexplorer-trustedsiteszoneinitializeandscriptactivexcontrols","windows10","Professional; Enterprise; Education; MultiSession; CloudN; 11SE; iotEnterprise; iotEnterpriseSEval","Home; CPC; surfaceHub; hololens; hololensEnterprise; holographicForBusiness","x","",""
"Windows Intune Baseline","","Initialize and script ActiveX controls not marked as safe","Disable","","windows10","Professional; Enterprise; Education; MultiSession; CloudN; 11SE; iotEnterprise; iotEnterpriseSEval","Home; CPC; surfaceHub; hololens; hololensEnterprise; holographicForBusiness","x","",""
"Windows Intune Baseline","Java permissions","","Enabled","https://docs.microsoft.com/windows/client-management/mdm/policy-csp-internetexplorer#internetexplorer-trustedsiteszonejavapermissions","windows10","Professional; Enterprise; Education; MultiSession; CloudN; 11SE; iotEnterprise; iotEnterpriseSEval","Home; CPC; surfaceHub; hololens; hololensEnterprise; holographicForBusiness","x","",""
"Windows Intune Baseline","","Java permissions","High safety","","windows10","Professional; Enterprise; Education; MultiSession; CloudN; 11SE; iotEnterprise; iotEnterpriseSEval","Home; CPC; surfaceHub; hololens; hololensEnterprise; holographicForBusiness","x","",""
"Windows Intune Baseline","Intranet Sites: Include all network paths (UNCs)","","Disabled","https://docs.microsoft.com/windows/client-management/mdm/policy-csp-internetexplorer#internetexplorer-includeallnetworkpaths","windows10","Professional; Enterprise; Education; MultiSession; CloudN; 11SE; iotEnterprise; iotEnterpriseSEval","Home; CPC; surfaceHub; hololens; hololensEnterprise; holographicForBusiness","x","",""
"Windows Intune Baseline","Turn on certificate address mismatch warning","","Enabled","https://docs.microsoft.com/windows/client-management/mdm/policy-csp-internetexplorer#internetexplorer-allowcertificateaddressmismatchwarning","windows10","Professional; Enterprise; Education; MultiSession; CloudN; 11SE; iotEnterprise; iotEnterpriseSEval","Home; CPC; surfaceHub; hololens; hololensEnterprise; holographicForBusiness","x","",""
"Windows Intune Baseline","Prevent ignoring certificate errors","","Enabled","https://docs.microsoft.com/windows/client-management/mdm/policy-csp-internetexplorer#internetexplorer-disableignoringcertificateerrors","windows10","Professional; Enterprise; Education; MultiSession; CloudN; 11SE; iotEnterprise; iotEnterpriseSEval","Home; CPC; surfaceHub; hololens; hololensEnterprise; holographicForBusiness","x","",""
"Windows Intune Baseline","Remove ""Run this time"" button for outdated ActiveX controls in Internet Explorer","","Enabled","https://docs.microsoft.com/windows/client-management/mdm/policy-csp-internetexplorer#internetexplorer-removerunthistimebuttonforoutdatedactivexcontrols","windows10","Professional; Enterprise; Education; MultiSession; CloudN; 11SE; iotEnterprise; iotEnterpriseSEval","Home; CPC; surfaceHub; hololens; hololensEnterprise; holographicForBusiness","x","",""
"Windows Intune Baseline","Turn off blocking of outdated ActiveX controls for Internet Explorer","","Disabled","https://docs.microsoft.com/windows/client-management/mdm/policy-csp-internetexplorer#internetexplorer-donotblockoutdatedactivexcontrols","windows10","Professional; Enterprise; Education; MultiSession; CloudN; 11SE; iotEnterprise; iotEnterpriseSEval","Home; CPC; surfaceHub; hololens; hololensEnterprise; holographicForBusiness","x","",""
"Windows Intune Baseline","Internet Explorer Processes","","Enabled","https://docs.microsoft.com/windows/client-management/mdm/policy-csp-internetexplorer#internetexplorer-consistentmimehandlinginternetexplorerprocesses","windows10","Professional; Enterprise; Education; MultiSession; CloudN; 11SE; iotEnterprise; iotEnterpriseSEval","Home; CPC; surfaceHub; hololens; hololensEnterprise; holographicForBusiness","x","",""
"Windows Intune Baseline","Internet Explorer Processes","","Enabled","https://docs.microsoft.com/windows/client-management/mdm/policy-csp-internetexplorer#internetexplorer-mimesniffingsafetyfeatureinternetexplorerprocesses","windows10","Professional; Enterprise; Education; MultiSession; CloudN; 11SE; iotEnterprise; iotEnterpriseSEval","Home; CPC; surfaceHub; hololens; hololensEnterprise; holographicForBusiness","x","",""
"Windows Intune Baseline","Internet Explorer Processes","","Enabled","https://docs.microsoft.com/windows/client-management/mdm/policy-csp-internetexplorer#internetexplorer-mkprotocolsecurityrestrictioninternetexplorerprocesses","windows10","Professional; Enterprise; Education; MultiSession; CloudN; 11SE; iotEnterprise; iotEnterpriseSEval","Home; CPC; surfaceHub; hololens; hololensEnterprise; holographicForBusiness","x","",""
"Windows Intune Baseline","Internet Explorer Processes","","Enabled","https://docs.microsoft.com/windows/client-management/mdm/policy-csp-internetexplorer#internetexplorer-notificationbarinternetexplorerprocesses","windows10","Professional; Enterprise; Education; MultiSession; CloudN; 11SE; iotEnterprise; iotEnterpriseSEval","Home; CPC; surfaceHub; hololens; hololensEnterprise; holographicForBusiness","x","",""
"Windows Intune Baseline","Internet Explorer Processes","","Enabled","https://docs.microsoft.com/windows/client-management/mdm/policy-csp-internetexplorer#internetexplorer-protectionfromzoneelevationinternetexplorerprocesses","windows10","Professional; Enterprise; Education; MultiSession; CloudN; 11SE; iotEnterprise; iotEnterpriseSEval","Home; CPC; surfaceHub; hololens; hololensEnterprise; holographicForBusiness","x","",""
"Windows Intune Baseline","Internet Explorer Processes","","Enabled","https://docs.microsoft.com/windows/client-management/mdm/policy-csp-internetexplorer#internetexplorer-restrictactivexinstallinternetexplorerprocesses","windows10","Professional; Enterprise; Education; MultiSession; CloudN; 11SE; iotEnterprise; iotEnterpriseSEval","Home; CPC; surfaceHub; hololens; hololensEnterprise; holographicForBusiness","x","",""
"Windows Intune Baseline","Internet Explorer Processes","","Enabled","https://docs.microsoft.com/windows/client-management/mdm/policy-csp-internetexplorer#internetexplorer-restrictfiledownloadinternetexplorerprocesses","windows10","Professional; Enterprise; Education; MultiSession; CloudN; 11SE; iotEnterprise; iotEnterpriseSEval","Home; CPC; surfaceHub; hololens; hololensEnterprise; holographicForBusiness","x","",""
"Windows Intune Baseline","Internet Explorer Processes","","Enabled","https://docs.microsoft.com/windows/client-management/mdm/policy-csp-internetexplorer#internetexplorer-scriptedwindowsecurityrestrictionsinternetexplorerprocesses","windows10","Professional; Enterprise; Education; MultiSession; CloudN; 11SE; iotEnterprise; iotEnterpriseSEval","Home; CPC; surfaceHub; hololens; hololensEnterprise; holographicForBusiness","x","",""
"Windows Intune Baseline","Allow fallback to SSL 3.0 (Internet Explorer)","","Enabled","https://docs.microsoft.com/windows/client-management/mdm/policy-csp-internetexplorer#internetexplorer-allowfallbacktossl3","windows10","Professional; Enterprise; Education; MultiSession; CloudN; 11SE; iotEnterprise; iotEnterpriseSEval","Home; CPC; surfaceHub; hololens; hololensEnterprise; holographicForBusiness","x","",""
"Windows Intune Baseline","","Allow insecure fallback for:","No Sites","","windows10","Professional; Enterprise; Education; MultiSession; CloudN; 11SE; iotEnterprise; iotEnterpriseSEval","Home; CPC; surfaceHub; hololens; hololensEnterprise; holographicForBusiness","x","",""
"Windows Intune Baseline","Prevent bypassing SmartScreen Filter warnings","","Enabled","https://docs.microsoft.com/windows/client-management/mdm/policy-csp-internetexplorer#internetexplorer-disablebypassofsmartscreenwarnings","windows10","Professional; Enterprise; Education; MultiSession; CloudN; 11SE; iotEnterprise; iotEnterpriseSEval","Home; CPC; surfaceHub; hololens; hololensEnterprise; holographicForBusiness","x","",""
"Windows Intune Baseline","Prevent bypassing SmartScreen Filter warnings about files that are not commonly downloaded from the Internet","","Enabled","https://docs.microsoft.com/windows/client-management/mdm/policy-csp-internetexplorer#internetexplorer-disablebypassofsmartscreenwarningsaboutuncommonfiles","windows10","Professional; Enterprise; Education; MultiSession; CloudN; 11SE; iotEnterprise; iotEnterpriseSEval","Home; CPC; surfaceHub; hololens; hololensEnterprise; holographicForBusiness","x","",""
"Windows Intune Baseline","Prevent managing SmartScreen Filter","","Enabled","https://docs.microsoft.com/windows/client-management/mdm/policy-csp-internetexplorer#internetexplorer-preventmanagingsmartscreenfilter","windows10","Professional; Enterprise; Education; MultiSession; CloudN; 11SE; iotEnterprise; iotEnterpriseSEval","Home; CPC; surfaceHub; hololens; hololensEnterprise; holographicForBusiness","x","",""
"Windows Intune Baseline","","Select SmartScreen Filter mode","On","","windows10","Professional; Enterprise; Education; MultiSession; CloudN; 11SE; iotEnterprise; iotEnterpriseSEval","Home; CPC; surfaceHub; hololens; hololensEnterprise; holographicForBusiness","x","",""
"Windows Intune Baseline","Prevent per-user installation of ActiveX controls","","Enabled","https://docs.microsoft.com/windows/client-management/mdm/policy-csp-internetexplorer#internetexplorer-preventperuserinstallationofactivexcontrols","windows10","Professional; Enterprise; Education; MultiSession; CloudN; 11SE; iotEnterprise; iotEnterpriseSEval","Home; CPC; surfaceHub; hololens; hololensEnterprise; holographicForBusiness","x","",""
"Windows Intune Baseline","Security Zones: Do not allow users to add/delete sites","","Enabled","https://docs.microsoft.com/windows/client-management/mdm/policy-csp-internetexplorer#internetexplorer-donotallowuserstoaddsites","windows10","Professional; Enterprise; Education; MultiSession; CloudN; 11SE; iotEnterprise; iotEnterpriseSEval","Home; CPC; surfaceHub; hololens; hololensEnterprise; holographicForBusiness","x","",""
"Windows Intune Baseline","Security Zones: Do not allow users to change policies","","Enabled","https://docs.microsoft.com/windows/client-management/mdm/policy-csp-internetexplorer#internetexplorer-donotallowuserstochangepolicies","windows10","Professional; Enterprise; Education; MultiSession; CloudN; 11SE; iotEnterprise; iotEnterpriseSEval","Home; CPC; surfaceHub; hololens; hololensEnterprise; holographicForBusiness","x","",""
"Windows Intune Baseline","Security Zones: Use only machine settings","","Enabled","https://docs.microsoft.com/windows/client-management/mdm/policy-csp-internetexplorer#internetexplorer-securityzonesuseonlymachinesettings","windows10","Professional; Enterprise; Education; MultiSession; CloudN; 11SE; iotEnterprise; iotEnterpriseSEval","Home; CPC; surfaceHub; hololens; hololensEnterprise; holographicForBusiness","x","",""
"Windows Intune Baseline","Specify use of ActiveX Installer Service for installation of ActiveX controls","","Enabled","https://docs.microsoft.com/windows/client-management/mdm/policy-csp-internetexplorer#internetexplorer-specifyuseofactivexinstallerservice","windows10","Professional; Enterprise; Education; MultiSession; CloudN; 11SE; iotEnterprise; iotEnterpriseSEval","Home; CPC; surfaceHub; hololens; hololensEnterprise; holographicForBusiness","x","",""
"Windows Intune Baseline","Turn off Crash Detection","","Enabled","https://docs.microsoft.com/windows/client-management/mdm/policy-csp-internetexplorer#internetexplorer-disablecrashdetection","windows10","Professional; Enterprise; Education; MultiSession; CloudN; 11SE; iotEnterprise; iotEnterpriseSEval","Home; CPC; surfaceHub; hololens; hololensEnterprise; holographicForBusiness","x","",""
"Windows Intune Baseline","Turn off the Security Settings Check feature","","Disabled","https://docs.microsoft.com/windows/client-management/mdm/policy-csp-internetexplorer#internetexplorer-disablesecuritysettingscheck","windows10","Professional; Enterprise; Education; MultiSession; CloudN; 11SE; iotEnterprise; iotEnterpriseSEval","Home; CPC; surfaceHub; hololens; hololensEnterprise; holographicForBusiness","x","",""
"Windows Intune Baseline","Turn on the auto-complete feature for user names and passwords on forms (User)","","Disabled","https://docs.microsoft.com/en-us/windows/client-management/mdm/policy-csp-internetexplorer#internetexplorer-allowautocomplete","windows10","Professional; Enterprise; Education; MultiSession; CloudN; 11SE; iotEnterprise; iotEnterpriseSEval","Home; CPC; surfaceHub; hololens; hololensEnterprise; holographicForBusiness","x","",""
"Windows Intune Baseline","Configure the 'Block at First Sight' feature","","Enabled","https://docs.microsoft.com/windows/client-management/mdm/policy-csp-admx-microsoftdefenderantivirus#admx-microsoftdefenderantivirus-disableblockatfirstseen","windows10","Professional; Enterprise; Education; MultiSession; CloudN; 11SE; iotEnterprise; iotEnterpriseSEval; holographicForBusiness","Home; CPC; surfaceHub; hololens; hololensEnterprise","x","",""
"Windows Intune Baseline","Turn on process scanning whenever real-time protection is enabled","","Enabled","https://docs.microsoft.com/windows/client-management/mdm/policy-csp-admx-microsoftdefenderantivirus#admx-microsoftdefenderantivirus-realtimeprotection-disablescanonrealtimeenable","windows10","Professional; Enterprise; Education; MultiSession; CloudN; 11SE; iotEnterprise; iotEnterpriseSEval; holographicForBusiness","Home; CPC; surfaceHub; hololens; hololensEnterprise","x","",""
"Windows Intune Baseline","Turn off routine remediation","","Disabled","https://docs.microsoft.com/windows/client-management/mdm/policy-csp-admx-microsoftdefenderantivirus#admx-microsoftdefenderantivirus-disableroutinelytakingaction","windows10","Professional; Enterprise; Education; MultiSession; CloudN; 11SE; iotEnterprise; iotEnterpriseSEval; holographicForBusiness","Home; CPC; surfaceHub; hololens; hololensEnterprise","x","",""
"Windows Intune Baseline","Do not allow passwords to be saved","","Enabled","https://docs.microsoft.com/windows/client-management/mdm/policy-csp-remotedesktopservices#remotedesktopservices-donotallowpasswordsaving","windows10","Professional; Enterprise; Education; MultiSession; CloudN; CPC; 11SE; iotEnterprise; iotEnterpriseSEval","Home; surfaceHub; hololens; hololensEnterprise; holographicForBusiness","","x",""
"Windows Intune Baseline","Do not allow drive redirection","","Enabled","https://docs.microsoft.com/windows/client-management/mdm/policy-csp-remotedesktopservices#remotedesktopservices-donotallowdriveredirection","windows10","Professional; Enterprise; Education; MultiSession; CloudN; CPC; 11SE; iotEnterprise; iotEnterpriseSEval","Home; surfaceHub; hololens; hololensEnterprise; holographicForBusiness","","x",""
"Windows Intune Baseline","Always prompt for password upon connection","","Enabled","https://docs.microsoft.com/windows/client-management/mdm/policy-csp-remotedesktopservices#remotedesktopservices-promptforpassworduponconnection","windows10","Professional; Enterprise; Education; MultiSession; CloudN; CPC; 11SE; iotEnterprise; iotEnterpriseSEval","Home; surfaceHub; hololens; hololensEnterprise; holographicForBusiness","","x",""
"Windows Intune Baseline","Require secure RPC communication","","Enabled","https://docs.microsoft.com/windows/client-management/mdm/policy-csp-remotedesktopservices#remotedesktopservices-requiresecurerpccommunication","windows10","Professional; Enterprise; Education; MultiSession; CloudN; CPC; 11SE; iotEnterprise; iotEnterpriseSEval","Home; surfaceHub; hololens; hololensEnterprise; holographicForBusiness","","x",""
"Windows Intune Baseline","Set client connection encryption level","","Enabled","https://docs.microsoft.com/windows/client-management/mdm/policy-csp-remotedesktopservices#remotedesktopservices-clientconnectionencryptionlevel","windows10","Professional; Enterprise; Education; MultiSession; CloudN; CPC; 11SE; iotEnterprise; iotEnterpriseSEval","Home; surfaceHub; hololens; hololensEnterprise; holographicForBusiness","","x",""
"Windows Intune Baseline","","Encryption Level","High Level","","windows10","Professional; Enterprise; Education; MultiSession; CloudN; CPC; 11SE; iotEnterprise; iotEnterpriseSEval","Home; surfaceHub; hololens; hololensEnterprise; holographicForBusiness","","x",""
"Windows Intune Baseline","Prevent downloading of enclosures","","Enabled","https://docs.microsoft.com/windows/client-management/mdm/policy-csp-internetexplorer#internetexplorer-disableenclosuredownloading","windows10","Professional; Enterprise; Education; MultiSession; CloudN; 11SE; iotEnterprise; iotEnterpriseSEval","Home; CPC; surfaceHub; hololens; hololensEnterprise; holographicForBusiness","","x",""
"Windows Intune Baseline","Configure the transmission of the user's password in the content of MPR notifications sent by winlogon.","","Disabled","https://docs.microsoft.com/windows/client-management/mdm/policy-csp-windowslogon#windowslogon-enablemprnotifications","windows10","Professional; Enterprise; Education; CloudN; 11SE; iotEnterprise; iotEnterpriseSEval","Home; MultiSession; CPC; surfaceHub; hololens; hololensEnterprise; holographicForBusiness","","x",""
"Windows Intune Baseline","Sign-in and lock last interactive user automatically after a restart","","Disabled","https://docs.microsoft.com/windows/client-management/mdm/policy-csp-windowslogon#windowslogon-allowautomaticrestartsignon","windows10","Home; Professional; Enterprise; Education; CloudN; 11SE; iotEnterprise; iotEnterpriseSEval","MultiSession; CPC; surfaceHub; hololens; hololensEnterprise; holographicForBusiness","","x",""
"Windows Intune Baseline","Turn on PowerShell Script Block Logging","","Enabled","https://docs.microsoft.com/windows/client-management/mdm/policy-csp-windowspowershell#windowspowershell-turnonpowershellscriptblocklogging","windows10","Professional; Enterprise; Education; MultiSession; CloudN; 11SE; iotEnterprise; iotEnterpriseSEval","Home; CPC; surfaceHub; hololens; hololensEnterprise; holographicForBusiness","x","",""
"Windows Intune Baseline","","Log script block invocation start / stop events:","False","","windows10","Professional; Enterprise; Education; MultiSession; CloudN; 11SE; iotEnterprise; iotEnterpriseSEval","Home; CPC; surfaceHub; hololens; hololensEnterprise; holographicForBusiness","x","",""
"Windows Intune Baseline","Allow Basic authentication","","Disabled","https://docs.microsoft.com/windows/client-management/mdm/policy-csp-remotemanagement#remotemanagement-allowbasicauthentication-client","windows10","Professional; Enterprise; Education; MultiSession; CloudN; 11SE; iotEnterprise; iotEnterpriseSEval","Home; CPC; surfaceHub; hololens; hololensEnterprise; holographicForBusiness","","x",""
"Windows Intune Baseline","Allow unencrypted traffic","","Disabled","https://docs.microsoft.com/windows/client-management/mdm/policy-csp-remotemanagement#remotemanagement-allowunencryptedtraffic-client","windows10","Professional; Enterprise; Education; MultiSession; CloudN; 11SE; iotEnterprise; iotEnterpriseSEval","Home; CPC; surfaceHub; hololens; hololensEnterprise; holographicForBusiness","","x",""
"Windows Intune Baseline","Disallow Digest authentication","","Enabled","https://docs.microsoft.com/windows/client-management/mdm/policy-csp-remotemanagement#remotemanagement-disallowdigestauthentication","windows10","Professional; Enterprise; Education; MultiSession; CloudN; 11SE; iotEnterprise; iotEnterpriseSEval","Home; CPC; surfaceHub; hololens; hololensEnterprise; holographicForBusiness","","x",""
"Windows Intune Baseline","Allow Basic authentication","","Disabled","https://docs.microsoft.com/windows/client-management/mdm/policy-csp-remotemanagement#remotemanagement-allowbasicauthentication-service","windows10","Professional; Enterprise; Education; MultiSession; CloudN; 11SE; iotEnterprise; iotEnterpriseSEval","Home; CPC; surfaceHub; hololens; hololensEnterprise; holographicForBusiness","","x",""
"Windows Intune Baseline","Allow unencrypted traffic","","Disabled","https://docs.microsoft.com/windows/client-management/mdm/policy-csp-remotemanagement#remotemanagement-allowunencryptedtraffic-service","windows10","Professional; Enterprise; Education; MultiSession; CloudN; 11SE; iotEnterprise; iotEnterpriseSEval","Home; CPC; surfaceHub; hololens; hololensEnterprise; holographicForBusiness","","x",""
"Windows Intune Baseline","Disallow WinRM from storing RunAs credentials","","Enabled","https://docs.microsoft.com/windows/client-management/mdm/policy-csp-remotemanagement#remotemanagement-disallowstoringofrunascredentials","windows10","Professional; Enterprise; Education; MultiSession; CloudN; 11SE; iotEnterprise; iotEnterpriseSEval","Home; CPC; surfaceHub; hololens; hololensEnterprise; holographicForBusiness","","x",""
"Windows Intune Baseline","Account Logon Audit Credential Validation","","Success+ Failure","https://docs.microsoft.com/windows/client-management/mdm/policy-csp-Audit#accountlogon_auditcredentialvalidation","windows10","Professional; Enterprise; Education; MultiSession; CloudN; CPC; 11SE; iotEnterprise; iotEnterpriseSEval","Home; surfaceHub; hololens; hololensEnterprise; holographicForBusiness","","x",""
"Windows Intune Baseline","Account Logon Logoff Audit Account Lockout","","Failure","https://docs.microsoft.com/windows/client-management/mdm/policy-csp-Audit#accountlogonlogoff_auditaccountlockout","windows10","Professional; Enterprise; Education; MultiSession; CloudN; CPC; 11SE; iotEnterprise; iotEnterpriseSEval","Home; surfaceHub; hololens; hololensEnterprise; holographicForBusiness","","x",""
"Windows Intune Baseline","Account Logon Logoff Audit Group Membership","","Success","https://docs.microsoft.com/windows/client-management/mdm/policy-csp-Audit#accountlogonlogoff_auditgroupmembership","windows10","Professional; Enterprise; Education; MultiSession; CloudN; CPC; 11SE; iotEnterprise; iotEnterpriseSEval","Home; surfaceHub; hololens; hololensEnterprise; holographicForBusiness","","x",""
"Windows Intune Baseline","Account Logon Logoff Audit Logon","","Success+ Failure","https://docs.microsoft.com/windows/client-management/mdm/policy-csp-Audit#accountlogonlogoff_auditlogon","windows10","Professional; Enterprise; Education; MultiSession; CloudN; CPC; 11SE; iotEnterprise; iotEnterpriseSEval","Home; surfaceHub; hololens; hololensEnterprise; holographicForBusiness","","x",""
"Windows Intune Baseline","Audit Authentication Policy Change","","Success","https://docs.microsoft.com/windows/client-management/mdm/policy-csp-Audit#policychange_auditauthenticationpolicychange","windows10","Professional; Enterprise; Education; MultiSession; CloudN; CPC; 11SE; iotEnterprise; iotEnterpriseSEval","Home; surfaceHub; hololens; hololensEnterprise; holographicForBusiness","","x",""
"Windows Intune Baseline","Audit Changes to Audit Policy","","Success","https://docs.microsoft.com/windows/client-management/mdm/policy-csp-Audit#policychange_auditpolicychange","windows10","Professional; Enterprise; Education; MultiSession; CloudN; CPC; 11SE; iotEnterprise; iotEnterpriseSEval","Home; surfaceHub; hololens; hololensEnterprise; holographicForBusiness","","x",""
"Windows Intune Baseline","Audit File Share Access","","Success+Failure","https://docs.microsoft.com/windows/client-management/mdm/policy-csp-Audit#objectaccess_auditfileshare","windows10","Professional; Enterprise; Education; MultiSession; CloudN; CPC; 11SE; iotEnterprise; iotEnterpriseSEval","Home; surfaceHub; hololens; hololensEnterprise; holographicForBusiness","","x",""
"Windows Intune Baseline","Audit Other Logon Logoff Events","","Success+Failure","https://docs.microsoft.com/windows/client-management/mdm/policy-csp-Audit#accountlogonlogoff_auditotherlogonlogoffevents","windows10","Professional; Enterprise; Education; MultiSession; CloudN; CPC; 11SE; iotEnterprise; iotEnterpriseSEval","Home; surfaceHub; hololens; hololensEnterprise; holographicForBusiness","","x",""
"Windows Intune Baseline","Audit Security Group Management","","Success","https://docs.microsoft.com/windows/client-management/mdm/policy-csp-Audit#accountmanagement_auditsecuritygroupmanagement","windows10","Professional; Enterprise; Education; MultiSession; CloudN; CPC; 11SE; iotEnterprise; iotEnterpriseSEval","Home; surfaceHub; hololens; hololensEnterprise; holographicForBusiness","","x",""
"Windows Intune Baseline","Audit Security System Extension","","Success","https://docs.microsoft.com/windows/client-management/mdm/policy-csp-Audit#system_auditsecuritysystemextension","windows10","Professional; Enterprise; Education; MultiSession; CloudN; CPC; 11SE; iotEnterprise; iotEnterpriseSEval","Home; surfaceHub; hololens; hololensEnterprise; holographicForBusiness","","x",""
"Windows Intune Baseline","Audit Special Logon","","Success","https://docs.microsoft.com/windows/client-management/mdm/policy-csp-Audit#accountlogonlogoff_auditspeciallogon","windows10","Professional; Enterprise; Education; MultiSession; CloudN; CPC; 11SE; iotEnterprise; iotEnterpriseSEval","Home; surfaceHub; hololens; hololensEnterprise; holographicForBusiness","","x",""
"Windows Intune Baseline","Audit User Account Management","","Success+Failure","https://docs.microsoft.com/windows/client-management/mdm/policy-csp-Audit#accountmanagement_audituseraccountmanagement","windows10","Professional; Enterprise; Education; MultiSession; CloudN; CPC; 11SE; iotEnterprise; iotEnterpriseSEval","Home; surfaceHub; hololens; hololensEnterprise; holographicForBusiness","","x",""
"Windows Intune Baseline","Detailed Tracking Audit PNP Activity","","Success","https://docs.microsoft.com/windows/client-management/mdm/policy-csp-Audit#detailedtracking_auditpnpactivity","windows10","Professional; Enterprise; Education; MultiSession; CloudN; CPC; 11SE; iotEnterprise; iotEnterpriseSEval","Home; surfaceHub; hololens; hololensEnterprise; holographicForBusiness","","x",""
"Windows Intune Baseline","Detailed Tracking Audit Process Creation","","Success","https://docs.microsoft.com/windows/client-management/mdm/policy-csp-Audit#detailedtracking_auditprocesscreation","windows10","Professional; Enterprise; Education; MultiSession; CloudN; CPC; 11SE; iotEnterprise; iotEnterpriseSEval","Home; surfaceHub; hololens; hololensEnterprise; holographicForBusiness","","x",""
"Windows Intune Baseline","Object Access Audit Detailed File Share","","Failure","https://docs.microsoft.com/windows/client-management/mdm/policy-csp-Audit#objectaccess_auditdetailedfileshare","windows10","Professional; Enterprise; Education; MultiSession; CloudN; CPC; 11SE; iotEnterprise; iotEnterpriseSEval","Home; surfaceHub; hololens; hololensEnterprise; holographicForBusiness","","x",""
"Windows Intune Baseline","Object Access Audit Other Object Access Events","","Success+ Failure","https://docs.microsoft.com/windows/client-management/mdm/policy-csp-Audit#objectaccess_auditotherobjectaccessevents","windows10","Professional; Enterprise; Education; MultiSession; CloudN; CPC; 11SE; iotEnterprise; iotEnterpriseSEval","Home; surfaceHub; hololens; hololensEnterprise; holographicForBusiness","","x",""
"Windows Intune Baseline","Object Access Audit Removable Storage","","Success+ Failure","https://docs.microsoft.com/windows/client-management/mdm/policy-csp-Audit#objectaccess_auditremovablestorage","windows10","Professional; Enterprise; Education; MultiSession; CloudN; CPC; 11SE; iotEnterprise; iotEnterpriseSEval","Home; surfaceHub; hololens; hololensEnterprise; holographicForBusiness","","x",""
"Windows Intune Baseline","Policy Change Audit MPSSVC Rule Level Policy Change","","Success+ Failure","https://docs.microsoft.com/windows/client-management/mdm/policy-csp-Audit#policychange_auditmpssvcrulelevelpolicychange","windows10","Professional; Enterprise; Education; MultiSession; CloudN; CPC; 11SE; iotEnterprise; iotEnterpriseSEval","Home; surfaceHub; hololens; hololensEnterprise; holographicForBusiness","","x",""
"Windows Intune Baseline","Policy Change Audit Other Policy Change Events","","Failure","https://docs.microsoft.com/windows/client-management/mdm/policy-csp-Audit#policychange_auditotherpolicychangeevents","windows10","Professional; Enterprise; Education; MultiSession; CloudN; CPC; 11SE; iotEnterprise; iotEnterpriseSEval","Home; surfaceHub; hololens; hololensEnterprise; holographicForBusiness","","x",""
"Windows Intune Baseline","Privilege Use Audit Sensitive Privilege Use","","Success","https://docs.microsoft.com/windows/client-management/mdm/policy-csp-Audit#privilegeuse_auditsensitiveprivilegeuse","windows10","Professional; Enterprise; Education; MultiSession; CloudN; CPC; 11SE; iotEnterprise; iotEnterpriseSEval","Home; surfaceHub; hololens; hololensEnterprise; holographicForBusiness","","","x"
"Windows Intune Baseline","System Audit Other System Events","","Success+ Failure","https://docs.microsoft.com/windows/client-management/mdm/policy-csp-Audit#system_auditothersystemevents","windows10","Professional; Enterprise; Education; MultiSession; CloudN; CPC; 11SE; iotEnterprise; iotEnterpriseSEval","Home; surfaceHub; hololens; hololensEnterprise; holographicForBusiness","","x",""
"Windows Intune Baseline","System Audit Security State Change","","Success","https://docs.microsoft.com/windows/client-management/mdm/policy-csp-Audit#system_auditsecuritystatechange","windows10","Professional; Enterprise; Education; MultiSession; CloudN; CPC; 11SE; iotEnterprise; iotEnterpriseSEval","Home; surfaceHub; hololens; hololensEnterprise; holographicForBusiness","","x",""
"Windows Intune Baseline","System Audit System Integrity","","Success+ Failure","https://docs.microsoft.com/windows/client-management/mdm/policy-csp-Audit#system_auditsystemintegrity","windows10","Professional; Enterprise; Education; MultiSession; CloudN; CPC; 11SE; iotEnterprise; iotEnterpriseSEval","Home; surfaceHub; hololens; hololensEnterprise; holographicForBusiness","","x",""
"Windows Intune Baseline","Allow Password Manager","","Block","https://docs.microsoft.com/windows/client-management/mdm/policy-csp-Browser#allowpasswordmanager","windows10","Professional; Enterprise; Education; MultiSession; CloudN; 11SE; iotEnterprise; iotEnterpriseSEval; holographicForBusiness","Home; CPC; surfaceHub; hololens; hololensEnterprise","x","",""
"Windows Intune Baseline","Allow Smart Screen","","Allow","https://docs.microsoft.com/windows/client-management/mdm/policy-csp-Browser#allowsmartscreen","windows10","Professional; Enterprise; Education; MultiSession; CloudN; 11SE; iotEnterprise; iotEnterpriseSEval; holographicForBusiness","Home; CPC; surfaceHub; hololens; hololensEnterprise","x","",""
"Windows Intune Baseline","Prevent Cert Error Overrides","","Enabled","https://docs.microsoft.com/windows/client-management/mdm/policy-csp-Browser#preventcerterroroverrides","windows10","Professional; Enterprise; Education; MultiSession; CloudN; 11SE; iotEnterprise; iotEnterpriseSEval","Home; CPC; surfaceHub; hololens; hololensEnterprise; holographicForBusiness","x","",""
"Windows Intune Baseline","Prevent Smart Screen Prompt Override","","Enabled","https://docs.microsoft.com/windows/client-management/mdm/policy-csp-Browser#preventsmartscreenpromptoverride","windows10","Professional; Enterprise; Education; MultiSession; CloudN; 11SE; iotEnterprise; iotEnterpriseSEval","Home; CPC; surfaceHub; hololens; hololensEnterprise; holographicForBusiness","x","",""
"Windows Intune Baseline","Prevent Smart Screen Prompt Override For Files","","Enabled","https://docs.microsoft.com/windows/client-management/mdm/policy-csp-Browser#preventsmartscreenpromptoverrideforfiles","windows10","Professional; Enterprise; Education; MultiSession; CloudN; 11SE; iotEnterprise; iotEnterpriseSEval","Home; CPC; surfaceHub; hololens; hololensEnterprise; holographicForBusiness","x","",""
"Windows Intune Baseline","Allow Direct Memory Access","","Block","https://docs.microsoft.com/en-us/windows/client-management/mdm/policy-csp-dataprotection#allowdirectmemoryaccess","windows10","Professional; Enterprise; Education; MultiSession; CloudN; 11SE; iotEnterprise; iotEnterpriseSEval","Home; CPC; surfaceHub; hololens; hololensEnterprise; holographicForBusiness","x","",""
"Windows Intune Baseline","Allow Archive Scanning","","Allowed. Scans the archive files.","https://docs.microsoft.com/en-us/windows/client-management/mdm/policy-csp-defender","windows10","Home; Professional; Enterprise; Education; MultiSession; CloudN; CPC; 11SE; iotEnterprise; iotEnterpriseSEval","surfaceHub; hololens; hololensEnterprise; holographicForBusiness","x","",""
"Windows Intune Baseline","Allow Behavior Monitoring","","Allowed. Turns on real-time behavior monitoring.","https://docs.microsoft.com/en-us/windows/client-management/mdm/policy-csp-defender","windows10","Home; Professional; Enterprise; Education; MultiSession; CloudN; CPC; 11SE; iotEnterprise; iotEnterpriseSEval","surfaceHub; hololens; hololensEnterprise; holographicForBusiness","","x",""
"Windows Intune Baseline","Allow Cloud Protection","","Allowed. Turns on Cloud Protection.","https://docs.microsoft.com/en-us/windows/client-management/mdm/policy-csp-defender","windows10","Home; Professional; Enterprise; Education; MultiSession; CloudN; CPC; 11SE; iotEnterprise; iotEnterpriseSEval","surfaceHub; hololens; hololensEnterprise; holographicForBusiness","x","",""
"Windows Intune Baseline","Allow Full Scan Removable Drive Scanning","","Allowed. Scans removable drives.","https://docs.microsoft.com/en-us/windows/client-management/mdm/policy-csp-defender","windows10","Home; Professional; Enterprise; Education; MultiSession; CloudN; CPC; 11SE; iotEnterprise; iotEnterpriseSEval","surfaceHub; hololens; hololensEnterprise; holographicForBusiness","","x",""
"Windows Intune Baseline","Allow On Access Protection","","Allowed.","https://docs.microsoft.com/en-us/windows/client-management/mdm/policy-csp-defender","windows10","Home; Professional; Enterprise; Education; MultiSession; CloudN; CPC; 11SE; iotEnterprise; iotEnterpriseSEval","surfaceHub; hololens; hololensEnterprise; holographicForBusiness","x","",""
"Windows Intune Baseline","Allow Realtime Monitoring","","Allowed. Turns on and runs the real-time monitoring service.","https://docs.microsoft.com/en-us/windows/client-management/mdm/policy-csp-defender","windows10","Home; Professional; Enterprise; Education; MultiSession; CloudN; CPC; 11SE; iotEnterprise; iotEnterpriseSEval","surfaceHub; hololens; hololensEnterprise; holographicForBusiness","","x",""
"Windows Intune Baseline","Allow scanning of all downloaded files and attachments","","Allowed.","https://docs.microsoft.com/en-us/windows/client-management/mdm/policy-csp-defender","windows10","Home; Professional; Enterprise; Education; MultiSession; CloudN; CPC; 11SE; iotEnterprise; iotEnterpriseSEval","surfaceHub; hololens; hololensEnterprise; holographicForBusiness","","x",""
"Windows Intune Baseline","Allow Script Scanning","","Allowed.","https://docs.microsoft.com/en-us/windows/client-management/mdm/policy-csp-defender","windows10","Home; Professional; Enterprise; Education; MultiSession; CloudN; CPC; 11SE; iotEnterprise; iotEnterpriseSEval","surfaceHub; hololens; hololensEnterprise; holographicForBusiness","","x",""
"Windows Intune Baseline","Attack Surface Reduction Rules","","","https://docs.microsoft.com/en-us/windows/client-management/mdm/policy-csp-defender#attacksurfacereductionrules","windows10","Home; Professional; Enterprise; Education; MultiSession; iotEnterprise; surfaceHub","CloudN; CPC; 11SE; iotEnterpriseSEval; hololens; hololensEnterprise; holographicForBusiness","","x",""
"Windows Intune Baseline","","Block execution of potentially obfuscated scripts","Block","https://docs.microsoft.com/en-us/windows/security/threat-protection/microsoft-defender-atp/attack-surface-reduction","windows10","Home; Professional; Enterprise; Education; MultiSession; iotEnterprise; surfaceHub","CloudN; CPC; 11SE; iotEnterpriseSEval; hololens; hololensEnterprise; holographicForBusiness","","","x"
"Windows Intune Baseline","","Block Office communication application from creating child processes","Block","https://docs.microsoft.com/en-us/windows/security/threat-protection/microsoft-defender-atp/attack-surface-reduction","windows10","Home; Professional; Enterprise; Education; MultiSession; iotEnterprise; surfaceHub","CloudN; CPC; 11SE; iotEnterpriseSEval; hololens; hololensEnterprise; holographicForBusiness","","","x"
"Windows Intune Baseline","","Block all Office applications from creating child processes","Block","https://docs.microsoft.com/en-us/windows/security/threat-protection/microsoft-defender-atp/attack-surface-reduction","windows10","Home; Professional; Enterprise; Education; MultiSession; iotEnterprise; surfaceHub","CloudN; CPC; 11SE; iotEnterpriseSEval; hololens; hololensEnterprise; holographicForBusiness","","","x"
"Windows Intune Baseline","","Block Win32 API calls from Office macros","Block","https://docs.microsoft.com/en-us/windows/security/threat-protection/microsoft-defender-atp/attack-surface-reduction","windows10","Home; Professional; Enterprise; Education; MultiSession; iotEnterprise; surfaceHub","CloudN; CPC; 11SE; iotEnterpriseSEval; hololens; hololensEnterprise; holographicForBusiness","","x",""
"Windows Intune Baseline","","Block untrusted and unsigned processes that run from USB","Block","https://docs.microsoft.com/en-us/windows/security/threat-protection/microsoft-defender-atp/attack-surface-reduction","windows10","Home; Professional; Enterprise; Education; MultiSession; iotEnterprise; surfaceHub","CloudN; CPC; 11SE; iotEnterpriseSEval; hololens; hololensEnterprise; holographicForBusiness","","x",""
"Windows Intune Baseline","","Block JavaScript or VBScript from launching downloaded executable content","Block","https://docs.microsoft.com/en-us/windows/security/threat-protection/microsoft-defender-atp/attack-surface-reduction","windows10","Home; Professional; Enterprise; Education; MultiSession; iotEnterprise; surfaceHub","CloudN; CPC; 11SE; iotEnterpriseSEval; hololens; hololensEnterprise; holographicForBusiness","","x",""
"Windows Intune Baseline","","Block Adobe Reader from creating child processes","Block","https://docs.microsoft.com/en-us/windows/security/threat-protection/microsoft-defender-atp/attack-surface-reduction","windows10","Home; Professional; Enterprise; Education; MultiSession; iotEnterprise; surfaceHub","CloudN; CPC; 11SE; iotEnterpriseSEval; hololens; hololensEnterprise; holographicForBusiness","","x",""
"Windows Intune Baseline","","Block credential stealing from the Windows local security authority subsystem","Block","https://docs.microsoft.com/en-us/windows/security/threat-protection/microsoft-defender-atp/attack-surface-reduction","windows10","Home; Professional; Enterprise; Education; MultiSession; iotEnterprise; surfaceHub","CloudN; CPC; 11SE; iotEnterpriseSEval; hololens; hololensEnterprise; holographicForBusiness","","x",""
"Windows Intune Baseline","","Block Office applications from injecting code into other processes","Block","https://docs.microsoft.com/en-us/windows/security/threat-protection/microsoft-defender-atp/attack-surface-reduction","windows10","Home; Professional; Enterprise; Education; MultiSession; iotEnterprise; surfaceHub","CloudN; CPC; 11SE; iotEnterpriseSEval; hololens; hololensEnterprise; holographicForBusiness","","x",""
"Windows Intune Baseline","","Block process creations originating from PSExec and WMI commands","Audit","https://docs.microsoft.com/en-us/windows/security/threat-protection/microsoft-defender-atp/attack-surface-reduction","windows10","Home; Professional; Enterprise; Education; MultiSession; iotEnterprise; surfaceHub","CloudN; CPC; 11SE; iotEnterpriseSEval; hololens; hololensEnterprise; holographicForBusiness","","x",""
"Windows Intune Baseline","","Block executable content from email client and webmail","Block","https://docs.microsoft.com/en-us/windows/security/threat-protection/microsoft-defender-atp/attack-surface-reduction","windows10","Home; Professional; Enterprise; Education; MultiSession; iotEnterprise; surfaceHub","CloudN; CPC; 11SE; iotEnterpriseSEval; hololens; hololensEnterprise; holographicForBusiness","","x",""
"Windows Intune Baseline","","Block Office applications from creating executable content","Block","https://docs.microsoft.com/en-us/windows/security/threat-protection/microsoft-defender-atp/attack-surface-reduction","windows10","Home; Professional; Enterprise; Education; MultiSession; iotEnterprise; surfaceHub","CloudN; CPC; 11SE; iotEnterpriseSEval; hololens; hololensEnterprise; holographicForBusiness","","x",""
"Windows Intune Baseline","Cloud Block Level","","High","https://docs.microsoft.com/en-us/windows/client-management/mdm/policy-csp-defender","windows10","Home; Professional; Enterprise; Education; MultiSession; CloudN; CPC; 11SE; iotEnterprise; iotEnterpriseSEval","surfaceHub; hololens; hololensEnterprise; holographicForBusiness","x","",""
"Windows Intune Baseline","Cloud Extended Timeout","","50","https://docs.microsoft.com/en-us/windows/client-management/mdm/policy-csp-defender","windows10","Home; Professional; Enterprise; Education; MultiSession; CloudN; CPC; 11SE; iotEnterprise; iotEnterpriseSEval","surfaceHub; hololens; hololensEnterprise; holographicForBusiness","x","",""
"Windows Intune Baseline","Disable Local Admin Merge","","Disable Local Admin Merge","https://docs.microsoft.com/windows/client-management/mdm/Defender-csp/","windows10","Home; Professional; Enterprise; Education; MultiSession; CloudN; CPC; 11SE; iotEnterprise; iotEnterpriseSEval","surfaceHub; hololens; hololensEnterprise; holographicForBusiness","x","",""
"Windows Intune Baseline","Enable Convert Warn To Block","","Warn verdicts are converted to block","https://docs.microsoft.com/windows/client-management/mdm/Defender-csp/","windows10","Home; Professional; Enterprise; Education; MultiSession; CloudN; CPC; 11SE; iotEnterprise; iotEnterpriseSEval","surfaceHub; hololens; hololensEnterprise; holographicForBusiness","x","",""
"Windows Intune Baseline","Enable File Hash Computation","","Enable","https://docs.microsoft.com/windows/client-management/mdm/Defender-csp/","windows10","Home; Professional; Enterprise; Education; MultiSession; CloudN; CPC; 11SE; iotEnterprise; iotEnterpriseSEval","surfaceHub; hololens; hololensEnterprise; holographicForBusiness","x","",""
"Windows Intune Baseline","Enable Network Protection","","Enabled (block mode)","https://docs.microsoft.com/en-us/windows/client-management/mdm/policy-csp-defender","windows10","Home; Professional; Enterprise; Education; MultiSession; CloudN; CPC; 11SE; iotEnterprise; iotEnterpriseSEval","surfaceHub; hololens; hololensEnterprise; holographicForBusiness","","x",""
"Windows Intune Baseline","Hide Exclusions From Local Admins","","If you enable this setting, local admins will no longer be able to see the exclusion list in Windows Security App or via PowerShell.","https://docs.microsoft.com/windows/client-management/mdm/Defender-csp/","windows10","Home; Professional; Enterprise; Education; MultiSession; CloudN; CPC; 11SE; iotEnterprise; iotEnterpriseSEval","surfaceHub; hololens; hololensEnterprise; holographicForBusiness","x","",""
"Windows Intune Baseline","Oobe Enable Rtp And Sig Update","","If you enable this setting, real-time protection and Security Intelligence Updates are enabled during OOBE.","https://docs.microsoft.com/windows/client-management/mdm/Defender-csp/","windows10","Home; Professional; Enterprise; Education; MultiSession; CloudN; CPC; 11SE; iotEnterprise; iotEnterpriseSEval","surfaceHub; hololens; hololensEnterprise; holographicForBusiness","","x",""
"Windows Intune Baseline","Passive Remediation","","PASSIVEREMEDIATIONFLAGSENSEAUTOREMEDIATION: Passive Remediation Sense AutoRemediation","https://docs.microsoft.com/windows/client-management/mdm/Defender-csp/","windows10","Home; Professional; Enterprise; Education; MultiSession; CloudN; CPC; 11SE; iotEnterprise; iotEnterpriseSEval","surfaceHub; hololens; hololensEnterprise; holographicForBusiness","x","",""
"Windows Intune Baseline","PUA Protection","","PUA Protection on. Detected items are blocked. They will show in history along with other threats.","https://docs.microsoft.com/en-us/windows/client-management/mdm/policy-csp-defender","windows10","Home; Professional; Enterprise; Education; MultiSession; CloudN; CPC; 11SE; iotEnterprise; iotEnterpriseSEval","surfaceHub; hololens; hololensEnterprise; holographicForBusiness","","x",""
"Windows Intune Baseline","Quick Scan Include Exclusions","","If you set this setting to 1, all files and directories that are excluded from real-time protection using contextual exclusions are scanned during a quick scan.","https://docs.microsoft.com/windows/client-management/mdm/Defender-csp/","windows10","Home; Professional; Enterprise; Education; MultiSession; CloudN; CPC; 11SE; iotEnterprise; iotEnterpriseSEval","surfaceHub; hololens; hololensEnterprise; holographicForBusiness","","x",""
"Windows Intune Baseline","Real Time Scan Direction","","Monitor all files (bi-directional).","https://docs.microsoft.com/windows/client-management/mdm/policy-csp-Defender#realtimescandirection","windows10","Home; Professional; Enterprise; Education; MultiSession; CloudN; CPC; 11SE; iotEnterprise; iotEnterpriseSEval","surfaceHub; hololens; hololensEnterprise; holographicForBusiness","x","",""
"Windows Intune Baseline","Submit Samples Consent","","Send all samples automatically.","https://docs.microsoft.com/en-us/windows/client-management/mdm/policy-csp-defender","windows10","Home; Professional; Enterprise; Education; MultiSession; CloudN; CPC; 11SE; iotEnterprise; iotEnterpriseSEval","surfaceHub; hololens; hololensEnterprise; holographicForBusiness","x","",""
"Windows Intune Baseline","Configure System Guard Launch","","Unmanaged Enables Secure Launch if supported by hardware","https://docs.microsoft.com/en-us/windows/client-management/mdm/policy-csp-deviceguard#configuresystemguardlaunch","windows10","Home; Professional; Enterprise; Education; MultiSession; CloudN; CPC; 11SE; iotEnterprise; iotEnterpriseSEval","surfaceHub; hololens; hololensEnterprise; holographicForBusiness","","x",""
"Windows Intune Baseline","Credential Guard","","(Enabled with UEFI lock) Turns on Credential Guard with UEFI lock.","https://docs.microsoft.com/en-us/windows/client-management/mdm/policy-csp-deviceguard#lsacfgflags","windows10","Enterprise; Education; MultiSession; CPC; iotEnterprise; iotEnterpriseSEval","Home; Professional; CloudN; 11SE; surfaceHub; hololens; hololensEnterprise; holographicForBusiness","","x",""
"Windows Intune Baseline","Enable Virtualization Based Security","","enable virtualization based security.","https://docs.microsoft.com/en-us/windows/client-management/mdm/policy-csp-deviceguard#enablevirtualizationbasedsecurity","windows10","Professional; Enterprise; Education; MultiSession; CPC; iotEnterprise; iotEnterpriseSEval","Home; CloudN; 11SE; surfaceHub; hololens; hololensEnterprise; holographicForBusiness","","x",""
"Windows Intune Baseline","Machine Identity Isolation","","(Disabled) Machine password is only LSASS-bound and stored in $MACHINE.ACC registry key.","https://docs.microsoft.com/windows/client-management/mdm/policy-csp-DeviceGuard#machineidentityisolation","windows10","Enterprise; Education; MultiSession; CPC; iotEnterprise; iotEnterpriseSEval","Home; Professional; CloudN; 11SE; surfaceHub; hololens; hololensEnterprise; holographicForBusiness","x","",""
"Windows Intune Baseline","Require Platform Security Features","","Turns on VBS with Secure Boot.","https://docs.microsoft.com/en-us/windows/client-management/mdm/policy-csp-deviceguard#requireplatformsecurityfeatures","windows10","Enterprise; Education; MultiSession; CPC; iotEnterprise; iotEnterpriseSEval","Home; Professional; CloudN; 11SE; surfaceHub; hololens; hololensEnterprise; holographicForBusiness","","x",""
"Windows Intune Baseline","Device Password Enabled","","Enabled","https://docs.microsoft.com/en-us/windows/client-management/mdm/policy-csp-devicelock#devicepasswordenabled","windows10","Home; Professional; Enterprise; Education; MultiSession; CloudN; CPC; 11SE; iotEnterprise; iotEnterpriseSEval; holographicForBusiness","surfaceHub; hololens; hololensEnterprise","","x",""
"Windows Intune Baseline","","Min Device Password Length","14","https://docs.microsoft.com/en-us/windows/client-management/mdm/policy-csp-devicelock#mindevicepasswordlength","windows10","Home; Professional; Enterprise; Education; MultiSession; CloudN; CPC; 11SE; iotEnterprise; iotEnterpriseSEval; holographicForBusiness","surfaceHub; hololens; hololensEnterprise","","x",""
"Windows Intune Baseline","","Device Password History","24","https://docs.microsoft.com/en-us/windows/client-management/mdm/policy-csp-devicelock#devicepasswordhistory","windows10","Home; Professional; Enterprise; Education; MultiSession; CloudN; CPC; 11SE; iotEnterprise; iotEnterpriseSEval; holographicForBusiness","surfaceHub; hololens; hololensEnterprise","","x",""
"Windows Intune Baseline","Device Enumeration Policy","","Block all (Most restrictive)","https://docs.microsoft.com/en-us/windows/client-management/mdm/policy-csp-dmaguard#deviceenumerationpolicy","windows10","Professional; Enterprise; Education; CloudN; CPC; 11SE; iotEnterprise; iotEnterpriseSEval","Home; MultiSession; surfaceHub; hololens; hololensEnterprise; holographicForBusiness","x","",""
"Windows Intune Baseline","Allow Windows Spotlight (User)","","Allow","https://docs.microsoft.com/windows/client-management/mdm/policy-csp-Experience#allowwindowsspotlight","windows10","Enterprise; Education; iotEnterprise; iotEnterpriseSEval","Home; Professional; MultiSession; CloudN; CPC; 11SE; surfaceHub; hololens; hololensEnterprise; holographicForBusiness","x","",""
"Windows Intune Baseline","","Allow Windows Consumer Features","Block","https://docs.microsoft.com/en-us/windows/client-management/mdm/policy-csp-experience#allowwindowsconsumerfeatures","windows10","Enterprise; Education; iotEnterprise; iotEnterpriseSEval","Home; Professional; MultiSession; CloudN; CPC; 11SE; surfaceHub; hololens; hololensEnterprise; holographicForBusiness","x","",""
"Windows Intune Baseline","","Allow Third Party Suggestions In Windows Spotlight (User)","Block","https://docs.microsoft.com/windows/client-management/mdm/policy-csp-Experience#allowthirdpartysuggestionsinwindowsspotlight","windows10","Professional; Enterprise; Education; CloudN; 11SE; iotEnterprise; iotEnterpriseSEval","Home; MultiSession; CPC; surfaceHub; hololens; hololensEnterprise; holographicForBusiness","x","",""
"Windows Intune Baseline","Enable Domain Network Firewall","","True","https://docs.microsoft.com/en-us/windows/client-management/mdm/firewall-csp","windows10","Professional; Enterprise; Education; MultiSession; CloudN; CPC; 11SE; iotEnterprise; iotEnterpriseSEval; holographicForBusiness","Home; surfaceHub; hololens; hololensEnterprise","","x",""
"Windows Intune Baseline","","Enable Log Success Connections","Enable Logging Of Successful Connections","https://docs.microsoft.com/windows/client-management/mdm/Firewall-csp/","windows10","Professional; Enterprise; Education; MultiSession; CloudN; CPC; 11SE; iotEnterprise; iotEnterpriseSEval; holographicForBusiness","Home; surfaceHub; hololens; hololensEnterprise","","x",""
"Windows Intune Baseline","","Default Outbound Action","Allow","https://docs.microsoft.com/en-us/windows/client-management/mdm/firewall-csp","windows10","Professional; Enterprise; Education; MultiSession; CloudN; CPC; 11SE; iotEnterprise; iotEnterpriseSEval; holographicForBusiness","Home; surfaceHub; hololens; hololensEnterprise","x","",""
"Windows Intune Baseline","","Disable Inbound Notifications","True","https://docs.microsoft.com/en-us/windows/client-management/mdm/firewall-csp","windows10","Professional; Enterprise; Education; MultiSession; CloudN; CPC; 11SE; iotEnterprise; iotEnterpriseSEval; holographicForBusiness","Home; surfaceHub; hololens; hololensEnterprise","","x",""
"Windows Intune Baseline","","Enable Log Dropped Packets","Enable Logging Of Dropped Packets","https://docs.microsoft.com/windows/client-management/mdm/Firewall-csp/","windows10","Professional; Enterprise; Education; MultiSession; CloudN; CPC; 11SE; iotEnterprise; iotEnterpriseSEval; holographicForBusiness","Home; surfaceHub; hololens; hololensEnterprise","","x",""
"Windows Intune Baseline","","Log Max File Size","16384","https://docs.microsoft.com/windows/client-management/mdm/Firewall-csp/","windows10","Professional; Enterprise; Education; MultiSession; CloudN; CPC; 11SE; iotEnterprise; iotEnterpriseSEval; holographicForBusiness","Home; surfaceHub; hololens; hololensEnterprise","","x",""
"Windows Intune Baseline","","Default Inbound Action for Domain Profile","Block","https://docs.microsoft.com/en-us/windows/client-management/mdm/firewall-csp","windows10","Professional; Enterprise; Education; MultiSession; CloudN; CPC; 11SE; iotEnterprise; iotEnterpriseSEval; holographicForBusiness","Home; surfaceHub; hololens; hololensEnterprise","","x",""
"Windows Intune Baseline","Enable Private Network Firewall","","True","https://docs.microsoft.com/en-us/windows/client-management/mdm/firewall-csp","windows10","Professional; Enterprise; Education; MultiSession; CloudN; CPC; 11SE; iotEnterprise; iotEnterpriseSEval; holographicForBusiness","Home; surfaceHub; hololens; hololensEnterprise","","x",""
"Windows Intune Baseline","","Default Inbound Action for Private Profile","Block","https://docs.microsoft.com/en-us/windows/client-management/mdm/firewall-csp","windows10","Professional; Enterprise; Education; MultiSession; CloudN; CPC; 11SE; iotEnterprise; iotEnterpriseSEval; holographicForBusiness","Home; surfaceHub; hololens; hololensEnterprise","","x",""
"Windows Intune Baseline","","Log Max File Size","16384","https://docs.microsoft.com/windows/client-management/mdm/Firewall-csp/","windows10","Professional; Enterprise; Education; MultiSession; CloudN; CPC; 11SE; iotEnterprise; iotEnterpriseSEval; holographicForBusiness","Home; surfaceHub; hololens; hololensEnterprise","","x",""
"Windows Intune Baseline","","Enable Log Success Connections","Enable Logging Of Successful Connections","https://docs.microsoft.com/windows/client-management/mdm/Firewall-csp/","windows10","Professional; Enterprise; Education; MultiSession; CloudN; CPC; 11SE; iotEnterprise; iotEnterpriseSEval; holographicForBusiness","Home; surfaceHub; hololens; hololensEnterprise","","x",""
"Windows Intune Baseline","","Enable Log Dropped Packets","Enable Logging Of Dropped Packets","https://docs.microsoft.com/windows/client-management/mdm/Firewall-csp/","windows10","Professional; Enterprise; Education; MultiSession; CloudN; CPC; 11SE; iotEnterprise; iotEnterpriseSEval; holographicForBusiness","Home; surfaceHub; hololens; hololensEnterprise","","x",""
"Windows Intune Baseline","","Default Outbound Action","Allow","https://docs.microsoft.com/en-us/windows/client-management/mdm/firewall-csp","windows10","Professional; Enterprise; Education; MultiSession; CloudN; CPC; 11SE; iotEnterprise; iotEnterpriseSEval; holographicForBusiness","Home; surfaceHub; hololens; hololensEnterprise","x","",""
"Windows Intune Baseline","","Disable Inbound Notifications","True","https://docs.microsoft.com/en-us/windows/client-management/mdm/firewall-csp","windows10","Professional; Enterprise; Education; MultiSession; CloudN; CPC; 11SE; iotEnterprise; iotEnterpriseSEval; holographicForBusiness","Home; surfaceHub; hololens; hololensEnterprise","","x",""
"Windows Intune Baseline","Enable Public Network Firewall","","True","https://docs.microsoft.com/en-us/windows/client-management/mdm/firewall-csp","windows10","Professional; Enterprise; Education; MultiSession; CloudN; CPC; 11SE; iotEnterprise; iotEnterpriseSEval; holographicForBusiness","Home; surfaceHub; hololens; hololensEnterprise","","x",""
"Windows Intune Baseline","","Log Max File Size","16384","https://docs.microsoft.com/windows/client-management/mdm/Firewall-csp/","windows10","Professional; Enterprise; Education; MultiSession; CloudN; CPC; 11SE; iotEnterprise; iotEnterpriseSEval; holographicForBusiness","Home; surfaceHub; hololens; hololensEnterprise","","x",""
"Windows Intune Baseline","","Default Outbound Action","Allow","https://docs.microsoft.com/en-us/windows/client-management/mdm/firewall-csp","windows10","Professional; Enterprise; Education; MultiSession; CloudN; CPC; 11SE; iotEnterprise; iotEnterpriseSEval; holographicForBusiness","Home; surfaceHub; hololens; hololensEnterprise","x","",""
"Windows Intune Baseline","","Disable Inbound Notifications","True","https://docs.microsoft.com/en-us/windows/client-management/mdm/firewall-csp","windows10","Professional; Enterprise; Education; MultiSession; CloudN; CPC; 11SE; iotEnterprise; iotEnterpriseSEval; holographicForBusiness","Home; surfaceHub; hololens; hololensEnterprise","","x",""
"Windows Intune Baseline","","Default Inbound Action for Public Profile","Block","https://docs.microsoft.com/en-us/windows/client-management/mdm/firewall-csp","windows10","Professional; Enterprise; Education; MultiSession; CloudN; CPC; 11SE; iotEnterprise; iotEnterpriseSEval; holographicForBusiness","Home; surfaceHub; hololens; hololensEnterprise","","x",""
"Windows Intune Baseline","","Allow Local Policy Merge","False","https://docs.microsoft.com/en-us/windows/client-management/mdm/firewall-csp","windows10","Professional; Enterprise; Education; MultiSession; CloudN; CPC; 11SE; iotEnterprise; iotEnterpriseSEval; holographicForBusiness","Home; surfaceHub; hololens; hololensEnterprise","","x",""
"Windows Intune Baseline","","Allow Local Ipsec Policy Merge","False","https://docs.microsoft.com/en-us/windows/client-management/mdm/firewall-csp","windows10","Professional; Enterprise; Education; MultiSession; CloudN; CPC; 11SE; iotEnterprise; iotEnterpriseSEval; holographicForBusiness","Home; surfaceHub; hololens; hololensEnterprise","","x",""
"Windows Intune Baseline","","Enable Log Success Connections","Enable Logging Of Successful Connections","https://docs.microsoft.com/windows/client-management/mdm/Firewall-csp/","windows10","Professional; Enterprise; Education; MultiSession; CloudN; CPC; 11SE; iotEnterprise; iotEnterpriseSEval; holographicForBusiness","Home; surfaceHub; hololens; hololensEnterprise","","x",""
"Windows Intune Baseline","","Enable Log Dropped Packets","Enable Logging Of Dropped Packets","https://docs.microsoft.com/windows/client-management/mdm/Firewall-csp/","windows10","Professional; Enterprise; Education; MultiSession; CloudN; CPC; 11SE; iotEnterprise; iotEnterpriseSEval; holographicForBusiness","Home; surfaceHub; hololens; hololensEnterprise","","x",""
"Windows Intune Baseline","PK Init Hash Algorithm Configuration","","Enabled","https://docs.microsoft.com/windows/client-management/mdm/policy-csp-Kerberos#pkinithashalgorithmconfiguration","windows10","Professional; Enterprise; Education; MultiSession; CloudN; 11SE; iotEnterprise; iotEnterpriseSEval","Home; CPC; surfaceHub; hololens; hololensEnterprise; holographicForBusiness","x","",""
"Windows Intune Baseline","","PK Init Hash Algorithm SHA256","Supported","https://docs.microsoft.com/windows/client-management/mdm/policy-csp-Kerberos#pkinithashalgorithmsha256","windows10","Professional; Enterprise; Education; MultiSession; CloudN; 11SE; iotEnterprise; iotEnterpriseSEval","Home; CPC; surfaceHub; hololens; hololensEnterprise; holographicForBusiness","x","",""
"Windows Intune Baseline","","PK Init Hash Algorithm SHA512","Supported","https://docs.microsoft.com/windows/client-management/mdm/policy-csp-Kerberos#pkinithashalgorithmsha512","windows10","Professional; Enterprise; Education; MultiSession; CloudN; 11SE; iotEnterprise; iotEnterpriseSEval","Home; CPC; surfaceHub; hololens; hololensEnterprise; holographicForBusiness","x","",""
"Windows Intune Baseline","","PK Init Hash Algorithm SHA384","Supported","https://docs.microsoft.com/windows/client-management/mdm/policy-csp-Kerberos#pkinithashalgorithmsha384","windows10","Professional; Enterprise; Education; MultiSession; CloudN; 11SE; iotEnterprise; iotEnterpriseSEval","Home; CPC; surfaceHub; hololens; hololensEnterprise; holographicForBusiness","x","",""
"Windows Intune Baseline","","PK Init Hash Algorithm SHA1","Not Supported","https://docs.microsoft.com/windows/client-management/mdm/policy-csp-Kerberos#pkinithashalgorithmsha1","windows10","Professional; Enterprise; Education; MultiSession; CloudN; 11SE; iotEnterprise; iotEnterpriseSEval","Home; CPC; surfaceHub; hololens; hololensEnterprise; holographicForBusiness","x","",""
"Windows Intune Baseline","Audit Client Does Not Support Encryption","","Enabled","https://docs.microsoft.com/windows/client-management/mdm/policy-csp-LanmanServer#auditclientdoesnotsupportencryption","windows10","Professional; Enterprise; Education; MultiSession; CloudN; 11SE; iotEnterprise; iotEnterpriseSEval","Home; CPC; surfaceHub; hololens; hololensEnterprise; holographicForBusiness","x","",""
"Windows Intune Baseline","Audit Client Does Not Support Signing","","Enabled","https://docs.microsoft.com/windows/client-management/mdm/policy-csp-LanmanServer#auditclientdoesnotsupportsigning","windows10","Professional; Enterprise; Education; MultiSession; CloudN; 11SE; iotEnterprise; iotEnterpriseSEval","Home; CPC; surfaceHub; hololens; hololensEnterprise; holographicForBusiness","x","",""
"Windows Intune Baseline","Audit Insecure Guest Logon","","Enabled","https://docs.microsoft.com/windows/client-management/mdm/policy-csp-LanmanServer#auditinsecureguestlogon","windows10","Professional; Enterprise; Education; MultiSession; CloudN; 11SE; iotEnterprise; iotEnterpriseSEval","Home; CPC; surfaceHub; hololens; hololensEnterprise; holographicForBusiness","x","",""
"Windows Intune Baseline","Auth Rate Limiter Delay In Ms","","2000","https://docs.microsoft.com/windows/client-management/mdm/policy-csp-LanmanServer#authratelimiterdelayinms","windows10","Professional; Enterprise; Education; MultiSession; CloudN; 11SE; iotEnterprise; iotEnterpriseSEval","Home; CPC; surfaceHub; hololens; hololensEnterprise; holographicForBusiness","x","",""
"Windows Intune Baseline","Enable Auth Rate Limiter","","Enabled","https://docs.microsoft.com/windows/client-management/mdm/policy-csp-LanmanServer#enableauthratelimiter","windows10","Professional; Enterprise; Education; MultiSession; CloudN; 11SE; iotEnterprise; iotEnterpriseSEval","Home; CPC; surfaceHub; hololens; hololensEnterprise; holographicForBusiness","x","",""
"Windows Intune Baseline","Enable Mailslots","","Disabled","https://docs.microsoft.com/windows/client-management/mdm/policy-csp-LanmanServer#enablemailslots","windows10","Professional; Enterprise; Education; MultiSession; CloudN; 11SE; iotEnterprise; iotEnterpriseSEval","Home; CPC; surfaceHub; hololens; hololensEnterprise; holographicForBusiness","x","",""
"Windows Intune Baseline","Max Smb2 Dialect","","SMB 3.1.1","https://docs.microsoft.com/windows/client-management/mdm/policy-csp-LanmanServer#maxsmb2dialect","windows10","Professional; Enterprise; Education; MultiSession; CloudN; 11SE; iotEnterprise; iotEnterpriseSEval","Home; CPC; surfaceHub; hololens; hololensEnterprise; holographicForBusiness","x","",""
"Windows Intune Baseline","Min Smb2 Dialect","","SMB 3.0.0","https://docs.microsoft.com/windows/client-management/mdm/policy-csp-LanmanServer#minsmb2dialect","windows10","Professional; Enterprise; Education; MultiSession; CloudN; 11SE; iotEnterprise; iotEnterpriseSEval","Home; CPC; surfaceHub; hololens; hololensEnterprise; holographicForBusiness","x","",""
"Windows Intune Baseline","Audit Insecure Guest Logon","","Enabled","https://docs.microsoft.com/windows/client-management/mdm/policy-csp-LanmanWorkstation#auditinsecureguestlogon","windows10","Professional; Enterprise; Education; MultiSession; CloudN; 11SE; iotEnterprise; iotEnterpriseSEval","Home; CPC; surfaceHub; hololens; hololensEnterprise; holographicForBusiness","x","",""
"Windows Intune Baseline","Audit Server Does Not Support Encryption","","Enabled","https://docs.microsoft.com/windows/client-management/mdm/policy-csp-LanmanWorkstation#auditserverdoesnotsupportencryption","windows10","Professional; Enterprise; Education; MultiSession; CloudN; 11SE; iotEnterprise; iotEnterpriseSEval","Home; CPC; surfaceHub; hololens; hololensEnterprise; holographicForBusiness","x","",""
"Windows Intune Baseline","Audit Server Does Not Support Signing","","Enabled","https://docs.microsoft.com/windows/client-management/mdm/policy-csp-LanmanWorkstation#auditserverdoesnotsupportsigning","windows10","Professional; Enterprise; Education; MultiSession; CloudN; 11SE; iotEnterprise; iotEnterpriseSEval","Home; CPC; surfaceHub; hololens; hololensEnterprise; holographicForBusiness","x","",""
"Windows Intune Baseline","Enable Insecure Guest Logons","","Disabled","https://docs.microsoft.com/windows/client-management/mdm/policy-csp-LanmanWorkstation#enableinsecureguestlogons","windows10","Professional; Enterprise; Education; MultiSession; CloudN; 11SE; iotEnterprise; iotEnterpriseSEval","Home; CPC; surfaceHub; hololens; hololensEnterprise; holographicForBusiness","","x",""
"Windows Intune Baseline","Enable Mailslots","","Disabled","https://docs.microsoft.com/windows/client-management/mdm/policy-csp-LanmanWorkstation#enablemailslots","windows10","Professional; Enterprise; Education; MultiSession; CloudN; 11SE; iotEnterprise; iotEnterpriseSEval","Home; CPC; surfaceHub; hololens; hololensEnterprise; holographicForBusiness","x","",""
"Windows Intune Baseline","Max Smb2 Dialect","","SMB 3.1.1","https://docs.microsoft.com/windows/client-management/mdm/policy-csp-LanmanWorkstation#maxsmb2dialect","windows10","Professional; Enterprise; Education; MultiSession; CloudN; 11SE; iotEnterprise; iotEnterpriseSEval","Home; CPC; surfaceHub; hololens; hololensEnterprise; holographicForBusiness","x","",""
"Windows Intune Baseline","Min Smb2 Dialect","","SMB 3.0.0","https://docs.microsoft.com/windows/client-management/mdm/policy-csp-LanmanWorkstation#minsmb2dialect","windows10","Professional; Enterprise; Education; MultiSession; CloudN; 11SE; iotEnterprise; iotEnterpriseSEval","Home; CPC; surfaceHub; hololens; hololensEnterprise; holographicForBusiness","x","",""
"Windows Intune Baseline","Require Encryption","","Disabled","https://docs.microsoft.com/windows/client-management/mdm/policy-csp-LanmanWorkstation#requireencryption","windows10","Professional; Enterprise; Education; MultiSession; CloudN; 11SE; iotEnterprise; iotEnterpriseSEval","Home; CPC; surfaceHub; hololens; hololensEnterprise; holographicForBusiness","x","",""
"Windows Intune Baseline","Backup Directory ","","Backup the password to Microsoft Entra ID only","https://docs.microsoft.com/windows/client-management/mdm/LAPS-csp/","windows10","Home; Professional; Enterprise; Education; MultiSession; CloudN; 11SE; iotEnterprise; surfaceHub; hololens; holographicForBusiness","CPC; iotEnterpriseSEval; hololensEnterprise","","x",""
"Windows Intune Baseline","Accounts Limit Local Account Use Of Blank Passwords To Console Logon Only","","Enabled","https://docs.microsoft.com/windows/client-management/mdm/policy-csp-LocalPoliciesSecurityOptions#accounts_limitlocalaccountuseofblankpasswordstoconsolelogononly","windows10","Professional; Enterprise; Education; MultiSession; CloudN; CPC; 11SE; iotEnterprise; iotEnterpriseSEval","Home; surfaceHub; hololens; hololensEnterprise; holographicForBusiness","","x",""
"Windows Intune Baseline","Interactive Logon Machine Inactivity Limit","","900","https://docs.microsoft.com/windows/client-management/mdm/policy-csp-LocalPoliciesSecurityOptions#interactivelogon_machineinactivitylimit","windows10","Professional; Enterprise; Education; MultiSession; CloudN; CPC; 11SE; iotEnterprise; iotEnterpriseSEval","Home; surfaceHub; hololens; hololensEnterprise; holographicForBusiness","","x",""
"Windows Intune Baseline","Interactive Logon Smart Card Removal Behavior","","Lock Workstation","https://docs.microsoft.com/windows/client-management/mdm/policy-csp-LocalPoliciesSecurityOptions#interactivelogon_smartcardremovalbehavior","windows10","Professional; Enterprise; Education; MultiSession; CloudN; CPC; 11SE; iotEnterprise; iotEnterpriseSEval","Home; surfaceHub; hololens; hololensEnterprise; holographicForBusiness","","x",""
"Windows Intune Baseline","Microsoft Network Client Digitally Sign Communications Always","","Enable","https://docs.microsoft.com/windows/client-management/mdm/policy-csp-LocalPoliciesSecurityOptions#microsoftnetworkclient_digitallysigncommunicationsalways","windows10","Professional; Enterprise; Education; MultiSession; CloudN; CPC; 11SE; iotEnterprise; iotEnterpriseSEval","Home; surfaceHub; hololens; hololensEnterprise; holographicForBusiness","","x",""
"Windows Intune Baseline","Microsoft Network Client Send Unencrypted Password To Third Party SMB Servers","","Disable","https://docs.microsoft.com/windows/client-management/mdm/policy-csp-LocalPoliciesSecurityOptions#microsoftnetworkclient_sendunencryptedpasswordtothirdpartysmbservers","windows10","Professional; Enterprise; Education; MultiSession; CloudN; CPC; 11SE; iotEnterprise; iotEnterpriseSEval","Home; surfaceHub; hololens; hololensEnterprise; holographicForBusiness","","x",""
"Windows Intune Baseline","Microsoft Network Server Digitally Sign Communications Always","","Enable","https://docs.microsoft.com/windows/client-management/mdm/policy-csp-LocalPoliciesSecurityOptions#microsoftnetworkserver_digitallysigncommunicationsalways","windows10","Professional; Enterprise; Education; MultiSession; CloudN; CPC; 11SE; iotEnterprise; iotEnterpriseSEval","Home; surfaceHub; hololens; hololensEnterprise; holographicForBusiness","","x",""
"Windows Intune Baseline","Network Access Do Not Allow Anonymous Enumeration Of SAM Accounts","","Enabled","https://docs.microsoft.com/windows/client-management/mdm/policy-csp-LocalPoliciesSecurityOptions#networkaccess_donotallowanonymousenumerationofsamaccounts","windows10","Professional; Enterprise; Education; MultiSession; CloudN; CPC; 11SE; iotEnterprise; iotEnterpriseSEval","Home; surfaceHub; hololens; hololensEnterprise; holographicForBusiness","","x",""
"Windows Intune Baseline","Network Access Do Not Allow Anonymous Enumeration Of Sam Accounts And Shares","","Enabled","https://docs.microsoft.com/windows/client-management/mdm/policy-csp-LocalPoliciesSecurityOptions#networkaccess_donotallowanonymousenumerationofsamaccountsandshares","windows10","Professional; Enterprise; Education; MultiSession; CloudN; CPC; 11SE; iotEnterprise; iotEnterpriseSEval","Home; surfaceHub; hololens; hololensEnterprise; holographicForBusiness","","x",""
"Windows Intune Baseline","Network Access Restrict Anonymous Access To Named Pipes And Shares","","Enable","https://docs.microsoft.com/windows/client-management/mdm/policy-csp-LocalPoliciesSecurityOptions#networkaccess_restrictanonymousaccesstonamedpipesandshares","windows10","Professional; Enterprise; Education; MultiSession; CloudN; CPC; 11SE; iotEnterprise; iotEnterpriseSEval","Home; surfaceHub; hololens; hololensEnterprise; holographicForBusiness","","x",""
"Windows Intune Baseline","Network Access Restrict Clients Allowed To Make Remote Calls To SAM","","O:BAG:BAD:(A;;RC;;;BA)","https://docs.microsoft.com/windows/client-management/mdm/policy-csp-LocalPoliciesSecurityOptions#networkaccess_restrictclientsallowedtomakeremotecallstosam","windows10","Professional; Enterprise; Education; MultiSession; CloudN; CPC; 11SE; iotEnterprise; iotEnterpriseSEval","Home; surfaceHub; hololens; hololensEnterprise; holographicForBusiness","","x",""
"Windows Intune Baseline","Network Security Do Not Store LAN Manager Hash Value On Next Password Change","","Enable","https://docs.microsoft.com/windows/client-management/mdm/policy-csp-LocalPoliciesSecurityOptions#networksecurity_donotstorelanmanagerhashvalueonnextpasswordchange","windows10","Professional; Enterprise; Education; MultiSession; CloudN; CPC; 11SE; iotEnterprise; iotEnterpriseSEval","Home; surfaceHub; hololens; hololensEnterprise; holographicForBusiness","","x",""
"Windows Intune Baseline","Network Security LAN Manager Authentication Level","","Send NTLMv2 responses only. Refuse LM and NTLM","https://docs.microsoft.com/windows/client-management/mdm/policy-csp-LocalPoliciesSecurityOptions#networksecurity_lanmanagerauthenticationlevel","windows10","Professional; Enterprise; Education; MultiSession; CloudN; CPC; 11SE; iotEnterprise; iotEnterpriseSEval","Home; surfaceHub; hololens; hololensEnterprise; holographicForBusiness","","x",""
"Windows Intune Baseline","Network Security Minimum Session Security For NTLMSSP Based Clients","","Require NTLM and 128-bit encryption","https://docs.microsoft.com/windows/client-management/mdm/policy-csp-LocalPoliciesSecurityOptions#networksecurity_minimumsessionsecurityforntlmsspbasedclients","windows10","Professional; Enterprise; Education; MultiSession; CloudN; CPC; 11SE; iotEnterprise; iotEnterpriseSEval","Home; surfaceHub; hololens; hololensEnterprise; holographicForBusiness","","x",""
"Windows Intune Baseline","Network Security Minimum Session Security For NTLMSSP Based Servers","","Require NTLM and 128-bit encryption","https://docs.microsoft.com/windows/client-management/mdm/policy-csp-LocalPoliciesSecurityOptions#networksecurity_minimumsessionsecurityforntlmsspbasedservers","windows10","Professional; Enterprise; Education; MultiSession; CloudN; CPC; 11SE; iotEnterprise; iotEnterpriseSEval","Home; surfaceHub; hololens; hololensEnterprise; holographicForBusiness","","x",""
"Windows Intune Baseline","User Account Control Behavior Of The Elevation Prompt For Administrators","","Prompt for consent on the secure desktop","https://docs.microsoft.com/windows/client-management/mdm/policy-csp-LocalPoliciesSecurityOptions#useraccountcontrol_behavioroftheelevationpromptforadministrators","windows10","Professional; Enterprise; Education; MultiSession; CloudN; CPC; 11SE; iotEnterprise; iotEnterpriseSEval","Home; surfaceHub; hololens; hololensEnterprise; holographicForBusiness","","x",""
"Windows Intune Baseline","User Account Control Behavior Of The Elevation Prompt For Standard Users","","Automatically deny elevation requests","https://docs.microsoft.com/windows/client-management/mdm/policy-csp-LocalPoliciesSecurityOptions#useraccountcontrol_behavioroftheelevationpromptforstandardusers","windows10","Professional; Enterprise; Education; MultiSession; CloudN; CPC; 11SE; iotEnterprise; iotEnterpriseSEval","Home; surfaceHub; hololens; hololensEnterprise; holographicForBusiness","","x",""
"Windows Intune Baseline","User Account Control Detect Application Installations And Prompt For Elevation","","Enable","https://docs.microsoft.com/windows/client-management/mdm/policy-csp-LocalPoliciesSecurityOptions#useraccountcontrol_detectapplicationinstallationsandpromptforelevation","windows10","Professional; Enterprise; Education; MultiSession; CloudN; CPC; 11SE; iotEnterprise; iotEnterpriseSEval","Home; surfaceHub; hololens; hololensEnterprise; holographicForBusiness","","x",""
"Windows Intune Baseline","User Account Control Only Elevate UI Access Applications That Are Installed In Secure Locations","","Enabled: Application runs with UIAccess integrity only if it resides in secure location.","https://docs.microsoft.com/windows/client-management/mdm/policy-csp-LocalPoliciesSecurityOptions#useraccountcontrol_onlyelevateuiaccessapplicationsthatareinstalledinsecurelocations","windows10","Professional; Enterprise; Education; MultiSession; CloudN; CPC; 11SE; iotEnterprise; iotEnterpriseSEval","Home; surfaceHub; hololens; hololensEnterprise; holographicForBusiness","","x",""
"Windows Intune Baseline","User Account Control Run All Administrators In Admin Approval Mode","","Enabled","https://docs.microsoft.com/windows/client-management/mdm/policy-csp-LocalPoliciesSecurityOptions#useraccountcontrol_runalladministratorsinadminapprovalmode","windows10","Professional; Enterprise; Education; MultiSession; CloudN; CPC; 11SE; iotEnterprise; iotEnterpriseSEval","Home; surfaceHub; hololens; hololensEnterprise; holographicForBusiness","","x",""
"Windows Intune Baseline","User Account Control Use Admin Approval Mode","","Enable","https://docs.microsoft.com/windows/client-management/mdm/policy-csp-LocalPoliciesSecurityOptions#useraccountcontrol_useadminapprovalmode","windows10","Professional; Enterprise; Education; MultiSession; CloudN; CPC; 11SE; iotEnterprise; iotEnterpriseSEval","Home; surfaceHub; hololens; hololensEnterprise; holographicForBusiness","","x",""
"Windows Intune Baseline","User Account Control Virtualize File And Registry Write Failures To Per User Locations","","Enabled","https://docs.microsoft.com/windows/client-management/mdm/policy-csp-LocalPoliciesSecurityOptions#useraccountcontrol_virtualizefileandregistrywritefailurestoperuserlocations","windows10","Professional; Enterprise; Education; MultiSession; CloudN; CPC; 11SE; iotEnterprise; iotEnterpriseSEval","Home; surfaceHub; hololens; hololensEnterprise; holographicForBusiness","","x",""
"Windows Intune Baseline","Configure Lsa Protected Process","","Enabled with UEFI lock. LSA will run as protected process and this configuration is UEFI locked.","https://docs.microsoft.com/windows/client-management/mdm/policy-csp-LocalSecurityAuthority#configurelsaprotectedprocess","windows10","Professional; Enterprise; Education; MultiSession; CloudN; 11SE; iotEnterprise; iotEnterpriseSEval","Home; CPC; surfaceHub; hololens; hololensEnterprise; holographicForBusiness","","x",""
"Windows Intune Baseline","Allow Game DVR","","Block","https://docs.microsoft.com/windows/client-management/mdm/policy-csp-ApplicationManagement#allowgamedvr","windows10","Professional; Enterprise; Education; MultiSession; CloudN; 11SE; iotEnterprise; iotEnterpriseSEval","Home; CPC; surfaceHub; hololens; hololensEnterprise; holographicForBusiness","","x",""
"Windows Intune Baseline","MSI Allow User Control Over Install","","Disabled","https://docs.microsoft.com/windows/client-management/mdm/policy-csp-ApplicationManagement#msiallowusercontroloverinstall","windows10","Professional; Enterprise; Education; MultiSession; CloudN; 11SE; iotEnterprise; iotEnterpriseSEval","Home; CPC; surfaceHub; hololens; hololensEnterprise; holographicForBusiness","","x",""
"Windows Intune Baseline","MSI Always Install With Elevated Privileges","","Disabled","https://docs.microsoft.com/windows/client-management/mdm/policy-csp-ApplicationManagement#msialwaysinstallwithelevatedprivileges","windows10","Professional; Enterprise; Education; MultiSession; CloudN; 11SE; iotEnterprise; iotEnterpriseSEval","Home; CPC; surfaceHub; hololens; hololensEnterprise; holographicForBusiness","","x",""
"Windows Intune Baseline","Configure Microsoft Defender SmartScreen","","Enabled","","windows10","","","x","",""
"Windows Intune Baseline","Prevent bypassing Microsoft Defender SmartScreen prompts for sites","","Enabled","","windows10","","","x","",""
"Windows Intune Baseline","Let Apps Activate With Voice Above Lock","","Force deny. Windows apps cannot be activated by voice while the screen is locked, and users cannot change it.","https://docs.microsoft.com/windows/client-management/mdm/policy-csp-Privacy#letappsactivatewithvoiceabovelock","windows10","Home; Professional; Enterprise; Education; MultiSession; CloudN; CPC; 11SE; iotEnterprise; iotEnterpriseSEval","surfaceHub; hololens; hololensEnterprise; holographicForBusiness","","x",""
"Windows Intune Baseline","Allow Indexing Encrypted Stores Or Items","","Block","https://docs.microsoft.com/windows/client-management/mdm/policy-csp-Search#allowindexingencryptedstoresoritems","windows10","Professional; Enterprise; Education; MultiSession; CloudN; 11SE; iotEnterprise; iotEnterpriseSEval","Home; CPC; surfaceHub; hololens; hololensEnterprise; holographicForBusiness","","x",""
"Windows Intune Baseline","Notify Malicious","","Enabled","","windows10","Professional; Enterprise; Education; MultiSession; CloudN; 11SE; iotEnterprise; iotEnterpriseSEval","Home; CPC; surfaceHub; hololens; hololensEnterprise; holographicForBusiness","","x",""
"Windows Intune Baseline","Notify Password Reuse","","Enabled","","windows10","Professional; Enterprise; Education; MultiSession; CloudN; 11SE; iotEnterprise; iotEnterpriseSEval","Home; CPC; surfaceHub; hololens; hololensEnterprise; holographicForBusiness","","x",""
"Windows Intune Baseline","Notify Unsafe App","","Enabled","","windows10","Professional; Enterprise; Education; MultiSession; CloudN; 11SE; iotEnterprise; iotEnterpriseSEval","Home; CPC; surfaceHub; hololens; hololensEnterprise; holographicForBusiness","","x",""
"Windows Intune Baseline","Service Enabled","","Enabled","","windows10","Professional; Enterprise; Education; MultiSession; CloudN; 11SE; iotEnterprise; iotEnterpriseSEval","Home; CPC; surfaceHub; hololens; hololensEnterprise; holographicForBusiness","","x",""
"Windows Intune Baseline","Enable Smart Screen In Shell","","Enabled","https://docs.microsoft.com/en-us/windows/client-management/mdm/policy-csp-smartscreen#enablesmartscreeninshell","windows10","Professional; Enterprise; Education; MultiSession; CloudN; CPC; 11SE; iotEnterprise; iotEnterpriseSEval","Home; surfaceHub; hololens; hololensEnterprise; holographicForBusiness","x","",""
"Windows Intune Baseline","Prevent Override For Files In Shell","","Enabled","https://docs.microsoft.com/en-us/windows/client-management/mdm/policy-csp-smartscreen#preventoverrideforfilesinshell","windows10","Professional; Enterprise; Education; MultiSession; CloudN; CPC; 11SE; iotEnterprise; iotEnterpriseSEval","Home; surfaceHub; hololens; hololensEnterprise; holographicForBusiness","x","",""
"Windows Intune Baseline","Enable Sudo","","Sudo is disabled.","https://docs.microsoft.com/windows/client-management/mdm/policy-csp-Sudo#enablesudo","windows10","Professional; Enterprise; Education; CloudN; 11SE; iotEnterprise","Home; MultiSession; CPC; iotEnterpriseSEval; surfaceHub; hololens; hololensEnterprise; holographicForBusiness","","x",""
"Windows Intune Baseline","Configure Xbox Accessory Management Service Startup Mode","","Disabled","https://docs.microsoft.com/windows/client-management/mdm/policy-csp-SystemServices#configurexboxaccessorymanagementservicestartupmode","windows10","Professional; Enterprise; Education; MultiSession; CloudN; 11SE; iotEnterprise; iotEnterpriseSEval","Home; CPC; surfaceHub; hololens; hololensEnterprise; holographicForBusiness","x","",""
"Windows Intune Baseline","Configure Xbox Live Auth Manager Service Startup Mode","","Disabled","https://docs.microsoft.com/windows/client-management/mdm/policy-csp-SystemServices#configurexboxliveauthmanagerservicestartupmode","windows10","Professional; Enterprise; Education; MultiSession; CloudN; 11SE; iotEnterprise; iotEnterpriseSEval","Home; CPC; surfaceHub; hololens; hololensEnterprise; holographicForBusiness","x","",""
"Windows Intune Baseline","Configure Xbox Live Game Save Service Startup Mode","","Disabled","https://docs.microsoft.com/windows/client-management/mdm/policy-csp-SystemServices#configurexboxlivegamesaveservicestartupmode","windows10","Professional; Enterprise; Education; MultiSession; CloudN; 11SE; iotEnterprise; iotEnterpriseSEval","Home; CPC; surfaceHub; hololens; hololensEnterprise; holographicForBusiness","x","",""
"Windows Intune Baseline","Configure Xbox Live Networking Service Startup Mode","","Disabled","https://docs.microsoft.com/windows/client-management/mdm/policy-csp-SystemServices#configurexboxlivenetworkingservicestartupmode","windows10","Professional; Enterprise; Education; MultiSession; CloudN; 11SE; iotEnterprise; iotEnterpriseSEval","Home; CPC; surfaceHub; hololens; hololensEnterprise; holographicForBusiness","x","",""
"Windows Intune Baseline","Enable Xbox Game Save Task","","Disabled","https://docs.microsoft.com/windows/client-management/mdm/policy-csp-TaskScheduler#enablexboxgamesavetask","windows10","Professional; Enterprise; Education; MultiSession; CloudN; 11SE; iotEnterprise; iotEnterpriseSEval","Home; CPC; surfaceHub; hololens; hololensEnterprise; holographicForBusiness","x","",""
"Windows Intune Baseline","Access From Network","","*S-1-5-32-544; *S-1-5-32-555","https://docs.microsoft.com/windows/client-management/mdm/policy-csp-UserRights#accessfromnetwork","windows10","Professional; Enterprise; Education; CloudN; 11SE; iotEnterprise; iotEnterpriseSEval","Home; MultiSession; CPC; surfaceHub; hololens; hololensEnterprise; holographicForBusiness","","x",""
"Windows Intune Baseline","Allow Local Log On","","*S-1-5-32-544; *S-1-5-32-545","https://docs.microsoft.com/windows/client-management/mdm/policy-csp-UserRights#allowlocallogon","windows10","Professional; Enterprise; Education; CloudN; 11SE; iotEnterprise; iotEnterpriseSEval","Home; MultiSession; CPC; surfaceHub; hololens; hololensEnterprise; holographicForBusiness","","x",""
"Windows Intune Baseline","Backup Files And Directories","","*S-1-5-32-544","https://docs.microsoft.com/windows/client-management/mdm/policy-csp-UserRights#backupfilesanddirectories","windows10","Professional; Enterprise; Education; CloudN; 11SE; iotEnterprise; iotEnterpriseSEval","Home; MultiSession; CPC; surfaceHub; hololens; hololensEnterprise; holographicForBusiness","","x",""
"Windows Intune Baseline","Create Global Objects","","*S-1-5-32-544; *S-1-5-19; *S-1-5-20; *S-1-5-6","https://docs.microsoft.com/windows/client-management/mdm/policy-csp-UserRights#createglobalobjects","windows10","Professional; Enterprise; Education; CloudN; 11SE; iotEnterprise; iotEnterpriseSEval","Home; MultiSession; CPC; surfaceHub; hololens; hololensEnterprise; holographicForBusiness","","x",""
"Windows Intune Baseline","Create Page File","","*S-1-5-32-544","https://docs.microsoft.com/windows/client-management/mdm/policy-csp-UserRights#createpagefile","windows10","Professional; Enterprise; Education; CloudN; 11SE; iotEnterprise; iotEnterpriseSEval","Home; MultiSession; CPC; surfaceHub; hololens; hololensEnterprise; holographicForBusiness","","x",""
"Windows Intune Baseline","Debug Programs","","*S-1-5-32-544","https://docs.microsoft.com/windows/client-management/mdm/policy-csp-UserRights#debugprograms","windows10","Professional; Enterprise; Education; CloudN; 11SE; iotEnterprise; iotEnterpriseSEval","Home; MultiSession; CPC; surfaceHub; hololens; hololensEnterprise; holographicForBusiness","","x",""
"Windows Intune Baseline","Deny Access From Network","","*S-1-5-113","https://docs.microsoft.com/windows/client-management/mdm/policy-csp-UserRights#denyaccessfromnetwork","windows10","Professional; Enterprise; Education; CloudN; 11SE; iotEnterprise; iotEnterpriseSEval","Home; MultiSession; CPC; surfaceHub; hololens; hololensEnterprise; holographicForBusiness","","","x"
"Windows Intune Baseline","Deny Remote Desktop Services Log On","","*S-1-5-113","https://docs.microsoft.com/windows/client-management/mdm/policy-csp-UserRights#denyremotedesktopserviceslogon","windows10","Professional; Enterprise; Education; CloudN; 11SE; iotEnterprise; iotEnterpriseSEval","Home; MultiSession; CPC; surfaceHub; hololens; hololensEnterprise; holographicForBusiness","","","x"
"Windows Intune Baseline","Impersonate Client","","*S-1-5-32-544; *S-1-5-6; *S-1-5-19; *S-1-5-20; *S-1-5-99-216390572-1995538116-3857911515-2404958512-2623887229","https://docs.microsoft.com/windows/client-management/mdm/policy-csp-UserRights#impersonateclient","windows10","Professional; Enterprise; Education; CloudN; 11SE; iotEnterprise; iotEnterpriseSEval","Home; MultiSession; CPC; surfaceHub; hololens; hololensEnterprise; holographicForBusiness","","","x"
"Windows Intune Baseline","Load Unload Device Drivers","","*S-1-5-32-544","https://docs.microsoft.com/windows/client-management/mdm/policy-csp-UserRights#loadunloaddevicedrivers","windows10","Professional; Enterprise; Education; CloudN; 11SE; iotEnterprise; iotEnterpriseSEval","Home; MultiSession; CPC; surfaceHub; hololens; hololensEnterprise; holographicForBusiness","","x",""
"Windows Intune Baseline","Manage Auditing And Security Log","","*S-1-5-32-544","https://docs.microsoft.com/windows/client-management/mdm/policy-csp-UserRights#manageauditingandsecuritylog","windows10","Professional; Enterprise; Education; CloudN; 11SE; iotEnterprise; iotEnterpriseSEval","Home; MultiSession; CPC; surfaceHub; hololens; hololensEnterprise; holographicForBusiness","","x",""
"Windows Intune Baseline","Manage Volume","","*S-1-5-32-544","https://docs.microsoft.com/windows/client-management/mdm/policy-csp-UserRights#managevolume","windows10","Professional; Enterprise; Education; CloudN; 11SE; iotEnterprise; iotEnterpriseSEval","Home; MultiSession; CPC; surfaceHub; hololens; hololensEnterprise; holographicForBusiness","","x",""
"Windows Intune Baseline","Modify Firmware Environment","","*S-1-5-32-544","https://docs.microsoft.com/windows/client-management/mdm/policy-csp-UserRights#modifyfirmwareenvironment","windows10","Professional; Enterprise; Education; CloudN; 11SE; iotEnterprise; iotEnterpriseSEval","Home; MultiSession; CPC; surfaceHub; hololens; hololensEnterprise; holographicForBusiness","","x",""
"Windows Intune Baseline","Profile Single Process","","*S-1-5-32-544","https://docs.microsoft.com/windows/client-management/mdm/policy-csp-UserRights#profilesingleprocess","windows10","Professional; Enterprise; Education; CloudN; 11SE; iotEnterprise; iotEnterpriseSEval","Home; MultiSession; CPC; surfaceHub; hololens; hololensEnterprise; holographicForBusiness","","x",""
"Windows Intune Baseline","Remote Shutdown","","*S-1-5-32-544","https://docs.microsoft.com/windows/client-management/mdm/policy-csp-UserRights#remoteshutdown","windows10","Professional; Enterprise; Education; CloudN; 11SE; iotEnterprise; iotEnterpriseSEval","Home; MultiSession; CPC; surfaceHub; hololens; hololensEnterprise; holographicForBusiness","","x",""
"Windows Intune Baseline","Restore Files And Directories","","*S-1-5-32-544","https://docs.microsoft.com/windows/client-management/mdm/policy-csp-UserRights#restorefilesanddirectories","windows10","Professional; Enterprise; Education; CloudN; 11SE; iotEnterprise; iotEnterpriseSEval","Home; MultiSession; CPC; surfaceHub; hololens; hololensEnterprise; holographicForBusiness","","x",""
"Windows Intune Baseline","Take Ownership","","*S-1-5-32-544","https://docs.microsoft.com/windows/client-management/mdm/policy-csp-UserRights#takeownership","windows10","Professional; Enterprise; Education; CloudN; 11SE; iotEnterprise; iotEnterpriseSEval","Home; MultiSession; CPC; surfaceHub; hololens; hololensEnterprise; holographicForBusiness","","x",""
"Windows Intune Baseline","Hypervisor Enforced Code Integrity","","(Enabled with UEFI lock) Turns on Hypervisor-Protected Code Integrity with UEFI lock.","https://docs.microsoft.com/windows/client-management/mdm/policy-csp-VirtualizationBasedTechnology#hypervisorenforcedcodeintegrity","windows10","Professional; Enterprise; Education; MultiSession; CPC; iotEnterprise; iotEnterpriseSEval","Home; CloudN; 11SE; surfaceHub; hololens; hololensEnterprise; holographicForBusiness","","x",""
"Windows Intune Baseline","Allow Auto Connect To Wi Fi Sense Hotspots","","Block","https://docs.microsoft.com/en-us/windows/client-management/mdm/policy-csp-wifi#allowautoconnecttowifisensehotspots","windows10","Professional; Enterprise; Education; CloudN; CPC; 11SE; iotEnterprise; iotEnterpriseSEval","Home; MultiSession; surfaceHub; hololens; hololensEnterprise; holographicForBusiness","","x",""
"Windows Intune Baseline","Allow Internet Sharing","","Block","https://docs.microsoft.com/en-us/windows/client-management/mdm/policy-csp-wifi#allowinternetsharing","windows10","Professional; Enterprise; Education; CloudN; CPC; 11SE; iotEnterprise; iotEnterpriseSEval","Home; MultiSession; surfaceHub; hololens; hololensEnterprise; holographicForBusiness","x","",""
"Windows Intune Baseline","Facial Features Use Enhanced Anti Spoofing","","true","https://docs.microsoft.com/windows/client-management/mdm/PassportForWork-csp/","windows10","Home; Professional; Enterprise; Education; MultiSession; CloudN; CPC; 11SE; iotEnterprise; iotEnterpriseSEval; holographicForBusiness","surfaceHub; hololens; hololensEnterprise","","x",""
"Windows Intune Baseline","Allow Windows Ink Workspace","","ink workspace is enabled (feature is turned on), but the user cannot access it above the lock screen.","https://docs.microsoft.com/windows/client-management/mdm/policy-csp-WindowsInkWorkspace#allowwindowsinkworkspace","windows10","Professional; Enterprise; Education; CloudN; 11SE; iotEnterprise; iotEnterpriseSEval","Home; MultiSession; CPC; surfaceHub; hololens; hololensEnterprise; holographicForBusiness","","x",""
